"spectral_EVI2b_endSnowfree","spectral_EVI2b_lateSummer","spectral_EVI2b_startSnowfree","spectral_NDWI_endSnowfree","spectral_NDWI_peakSummer","spectral_NDWI_startSnowfree","trees_presence","spectral_EVI2b_annualRange","site_code","presence_absence"
-85.2048117855304,432.113109762533,-66.239744392332,-2203.75251232475,-1627.30497829918,493.982437615176,0,517.317921548064,"nonveg_751","absence"
-510.990726704313,437.632363821611,-453.950011417634,46.850792321958,-3041.25250142215,-2156.89682997105,0,948.623090525924,"nonveg_623","absence"
2608.78114500887,3324.95852954038,2305.34400416957,-5808.02644499971,-6118.00824574496,-5108.25835447348,0,1602.7101496854,"USA.NorthSlope.HappyValley-C18","presence"
-273.82568606443,-74.8380346959303,-107.964070473638,-355.860652215649,-609.842710204248,-253.591265419718,0,905.397610258527,"nonveg_1089","absence"
4185.92362266545,4564.41925362255,2450.28414554871,-6273.54854648031,-7564.98854137245,-6103.68086590803,1,2161.19369690759,"Finland.Kevo.14","presence"
2676.55658892568,3449.24908118204,1806.83581768188,-5211.54595135909,-5468.41117227354,-2927.56757562146,0,3042.39878441844,"Canada.BonifaceRiver.LSA6","presence"
3253.41998168507,3377.52741220005,1522.56360138377,-5507.73268882895,-6203.95223872883,-3990.28708308884,0,2130.58125513158,"Russia.Tiksi.GraminoidTundra","presence"
1899.80593652828,2953.31881031019,1903.13037308975,-5904.33171405367,-5664.36865572129,-4788.45400975333,0,1318.99513694186,"USA.NorthSlope.12","presence"
2865.75115833276,2482.99938309744,449.0822712301,-2719.78695965677,-2956.54339287022,-3211.02374537263,0,2416.66888710266,"nonveg_1177","absence"
274.257876107046,967.893277012725,198.387154257257,-2226.53318874266,-2908.54721343549,3736.5803598615,0,1106.04820344882,"nonveg_1626","absence"
108.51702814464,-2.30418643039954,223.840895005209,4043.50141032619,2022.60335919361,5157.15769440121,0,226.145081435609,"nonveg_1646","absence"
2298.49230619769,3242.94950274892,1839.44700874632,-5468.86508768765,-5888.59233360011,-5093.36919439657,0,2266.80063975261,"USA.YukonKuskokwimDelta.UB5","presence"
1938.4606341998,2198.98683854939,783.045553199233,-4820.23850643473,-5093.9354504374,-3249.46104535161,0,2040.72540116068,"USA.NorthSlope.Deadhorse-C15","presence"
646.28290953148,639.454877735775,354.610037628412,-1918.64818820352,-1617.18615440034,-1940.10881610292,0,724.889833731645,"nonveg_867","absence"
316.21600498349,1335.00300284158,1110.14543767122,-3509.73411913086,-2521.54511914468,-1548.53115923463,0,1018.78699785809,"nonveg_758","absence"
301.595012972704,422.411396021215,358.280768088759,-1630.73567718329,-704.610792325552,-1294.21802985041,0,1046.08521900559,"nonveg_871","absence"
2899.12110024228,3309.64671996293,2298.36547365509,-5347.82918655244,-5514.69300611811,-4276.49823909494,0,2307.33986802047,"Finland.Kevo.8","presence"
758.494346564877,337.251302170594,491.01447798535,9852.6569154192,508.812564256267,1516.92425960226,0,634.817537976368,"nonveg_991","absence"
3244.27594974103,3851.60109306285,1714.73586410603,-6074.85926838396,-6610.01988812861,-3888.21283450542,0,2892.80800276745,"USA.YukonKuskokwimDelta.15B2","presence"
565.824806526578,420.901915861038,672.80093739145,-1186.45066462491,-730.490177439077,-921.583311052641,0,384.415778635817,"nonveg_768","absence"
93.1027301718831,1241.86196073899,-283.74482670117,-1743.62665003103,-1560.30793885265,-638.240818357114,0,1525.60678744016,"nonveg_673","absence"
2409.34985905434,2928.71303736688,1504.83856850064,-5991.64324215034,-5444.84212312917,-4118.38915411421,0,2313.84455914844,"Russia.Kytalyk.T3","presence"
1022.26149308837,274.458032155464,20.3645052311809,-583.967695469153,-2642.07270691269,-2069.37830250543,0,1001.89698785719,"nonveg_769","absence"
-520.053010439871,-98.1596283345761,-1656.69974645927,8290.23827264239,6952.53266176096,10000,0,1574.66768839846,"nonveg_1797","absence"
1307.5759671723,1464.91002376881,704.585278899758,-2943.75758630939,-2805.77580697061,-1849.12590505382,0,1496.2229636863,"Canada.PrincePatrickIsland.MouldBay-C04","presence"
249.619903883935,78.6192251560813,-126.697879856326,5875.971448204,3191.42866622779,2422.06282873675,0,577.125528604574,"nonveg_1736","absence"
2029.95572509319,3469.2126336452,1960.58425183719,-5961.3346814656,-6049.6029429007,-5141.36824727287,0,1669.13704241127,"USA.NorthSlope.10","presence"
307.788452667458,-45.8793711635608,-431.61502034751,7710.30853660807,8589.69374835561,8072.63859865925,0,954.788295685747,"nonveg_1994","absence"
2564.02056073912,865.688533525736,1462.4923546802,-2266.74561522875,-3908.63563080057,-2162.09272941664,0,1698.33202721338,"nonveg_662","absence"
877.568998266776,813.205839281221,1238.93047908486,-1129.92554391415,-1058.67808099724,-67.2909737983739,0,518.131249973772,"nonveg_677","absence"
587.246690852904,-95.5832849019652,638.33233124138,-1012.42931735674,-1339.88936372967,-465.624029108719,0,733.915616143345,"nonveg_874","absence"
674.396207895269,517.536640802906,623.171833547046,-173.830385777566,-1996.11746477045,-34.2150217629476,0,1322.06939755062,"nonveg_670","absence"
2853.37184603939,2894.84626290034,2131.12256988369,-5115.96921865228,-5628.28384424233,-4612.15976296827,0,939.890757942341,"USA.YukonKuskokwimDelta.6","presence"
2228.65258963449,3260.78216098185,2369.10020255536,-5385.82319082856,-6705.62314181055,-3248.77763569603,0,1534.98681071363,"USA.BrooksRange.8","presence"
2546.61402768465,3581.30585871216,2073.16948426479,-5327.73483479388,-6376.65669252823,-4884.67331337125,0,1958.12788585808,"USA.NorthSlope.Oumalik2","presence"
2717.23984455423,3241.17910963108,2148.94503734278,-5918.06776048307,-6010.90966091797,-4533.16057110618,0,1550.69532490798,"USA.YukonKuskokwimDelta.15B1","presence"
2812.56606589679,3122.1533817521,2107.42924276534,-5698.6919787556,-6180.1461218614,-4196.49650312461,0,753.936905447969,"Norway.Javrresduottar.EC-Sedge","presence"
2872.50565207667,3098.92078011389,1928.0678281439,-5602.18310003737,-5641.43485375945,-4378.86178277411,0,1176.17494322726,"Russia.Tiksi.ShrubTundra","presence"
-212.734776596026,777.258688824839,-86.1920523365191,60.3140149529549,-1423.44111199784,6572.942097827,0,1020.22410334851,"nonveg_1794","absence"
1307.5759671723,1464.91002376881,704.585278899758,-2943.75758630939,-2805.77580697061,-1849.12590505382,0,1496.2229636863,"Canada.PrincePatrickIsland.MouldBay-C04","presence"
2969.80044823928,3288.99435030242,2502.42349424527,-6067.50929593122,-6844.87435126562,-4848.50504077506,1,1447.15232854223,"Canada.LeRoyLake.TDA6","presence"
143.356327117199,-58.3364505307036,-262.217278900561,-636.577040157386,-1424.63194595293,407.47124729529,0,405.573606017759,"nonveg_842","absence"
1574.98652198919,1525.2264714596,864.02354296511,-3672.18578484793,-3620.64019043142,-3192.88804824384,0,731.200136791208,"Canada.PrincePatrickIsland.MouldBay-C05","presence"
-986.404827109889,588.335873106884,64.3058864353376,-2542.23021909978,-2364.51074622538,-701.760807440429,0,1574.74070021677,"nonveg_608","absence"
673.407428767485,1008.65282251453,958.2104816168,-2035.06768661164,-1484.14447443203,-1872.68407569456,0,803.992052867248,"nonveg_915","absence"
2007.47739554672,3013.80338665477,1671.08125646335,-4778.90173209156,-5849.85199208531,-4056.4416874328,0,1694.28924363651,"USA.NorthSlope.Oumalik1","presence"
3361.93134901089,3894.05689092745,2320.92077157901,-6723.69497246376,-7423.41045962811,-5878.29181239063,1,1871.41573652016,"Finland.Kevo.7","presence"
-986.404827109889,588.335873106884,64.3058864353376,-2542.23021909978,-2364.51074622538,-701.760807440429,0,1574.74070021677,"nonveg_608","absence"
19.9382131404599,-40.998329763737,-444.76693085645,-134.182621170134,-1092.38046088306,1624.11732128761,0,1298.97042156577,"nonveg_1547","absence"
3096.00360853195,4071.61967937093,2243.11821806556,-6198.1923136889,-7079.92148147419,-4798.77901833062,1,2342.61865218718,"Norway.Javrresduottar.A-Salix","presence"
518.313140752904,799.34522428042,330.880717821054,-2197.58728564737,-2092.73409921971,-1603.91423860596,0,468.464506459366,"nonveg_825","absence"
1399.40224934083,2351.33692496984,970.556311153181,-4822.94953525285,-5032.8568341147,-3964.59056393403,0,1266.31812415286,"Canada.BanksIsland.GreenCabin-C11","presence"
-12.2577998123303,-99.6956661432057,-1138.72622552446,5168.28605165466,4464.44750429276,7765.60693052012,0,1500.1409623868,"nonveg_1810","absence"
773.490930795429,360.503185685855,420.171669429263,-1385.52535636503,-1869.56939399685,-1714.66497512596,0,412.987745109574,"nonveg_894","absence"
1849.59643400811,1845.68785722605,1957.30523537295,-4951.57461421299,-6027.2204001067,-4206.3899363501,1,547.567533111864,"USA.InteriorAlaska.1","presence"
-99.4841676613044,809.084409982909,416.149651770195,-2169.85021013471,-1920.43476476632,-448.28872583661,0,908.568577644214,"nonveg_560","absence"
316.21600498349,1335.00300284158,1110.14543767122,-3509.73411913086,-2521.54511914468,-1548.53115923463,0,1018.78699785809,"nonveg_758","absence"
257.814134949642,-529.279614710582,222.468427654046,506.728819700001,-296.187866494894,875.888858235678,0,823.085846274196,"nonveg_536","absence"
2972.99223290855,3610.93419576528,2319.96101263279,-6352.61076635112,-6672.36135626857,-4523.27903157177,1,2193.32875355383,"Canada.BonifaceRiver.AB2","presence"
569.003825442161,389.947320703054,171.538394766414,-2082.53648223728,-1671.07293177183,-2632.80219116343,0,702.656414169571,"nonveg_760","absence"
999.665884313974,926.408047211419,568.292150770486,-2114.7630863943,-2673.82905526242,-2499.92186602951,0,612.893142459203,"nonveg_807","absence"
2345.8297208506,2206.44218172765,1592.13743683971,-4797.11151538089,-5119.9348767318,-3216.99089794161,0,1495.59519232307,"Canada.PayneLake.TD0","presence"
725.155594587479,747.475265338205,658.421859135541,-1181.74209956604,-1458.43124927043,-1320.33959009292,0,210.626371111707,"nonveg_814","absence"
2515.95423711203,3207.74069568922,2558.16909956104,-5950.59014366575,-6243.50680987765,-5373.85663517268,0,1336.22331126535,"Russia.Tazovsky.Burned28","presence"
2935.31572939742,3043.16498648901,1771.68605849912,-5579.06681728001,-5806.19186997638,-4535.97313310509,0,1240.78505917891,"Russia.Tiksi.DryFen","presence"
823.636725990871,100.10951296349,544.576328593572,-1264.10175743315,-1135.22282458972,-1063.19411609386,0,951.008467062671,"nonveg_568","absence"
-133.281530392576,-499.520409721685,-1094.3855947944,1424.06400863009,943.828806743581,1974.41559560209,0,1431.1000937425,"nonveg_1677","absence"
3117.51910239865,3617.22936842617,2169.70520636197,-5753.1969760237,-6754.04038077789,-4315.76439162191,0,2480.68317870497,"Canada.BonifaceRiver.AB1","presence"
1020.56714823126,1373.89283210996,686.020058535735,-3107.00545891268,-3467.84665167509,-2055.06369428956,0,514.164239463062,"Canada.BanksIsland.GreenCabin-C08","presence"
209.299466091913,586.163190416764,-1.48178037236477,-808.652230210818,-742.200886513642,-607.189313875642,0,876.089637765894,"nonveg_616","absence"
189.018067305057,705.551597222721,159.151157676037,-1018.76552317552,-881.42953897113,-2066.82533057533,0,659.515748160561,"nonveg_757","absence"
1331.17311249104,621.437656443884,1178.73917726319,-1087.30465400463,-1941.10346117641,-1186.24411780804,0,709.735456047158,"nonveg_902","absence"
3689.65835508491,4396.8706738986,2543.32326843397,-6497.18814552955,-7119.02677703172,-5602.02148276448,0,2547.88213952205,"Norway.Javrresduottar.A-Sphagnum","presence"
1722.79858396182,2426.04968556398,1524.75421857102,-5433.35615822374,-5449.63385388162,-4177.93329056633,0,1923.78489605756,"USA.YukonKuskokwimDelta.15B3","presence"
3119.72199167831,3468.19051293953,2106.62806751632,-6182.57013538029,-6506.1174080055,-5130.65150744849,0,1725.93942241041,"Finland.Kevo.5","presence"
867.706431571766,406.493291471935,922.523635198394,-1951.30517823588,-2159.41170688502,-1348.79292688262,0,695.997678315646,"nonveg_899","absence"
-551.470879123908,-831.390017227774,10000,-954.376430173292,-413.633131111902,-368.512430931924,0,10831.3900172278,"nonveg_1477","absence"
3001.81453905033,3383.16381392522,2320.82571687301,-5716.89228146255,-6530.66941000591,-5296.6289266906,0,1171.75166329902,"Sweden.Abisko.NF-DryHeath","presence"
-266.71805862304,742.357954249383,735.693476488261,-2680.23587742243,-2266.38685556054,-1861.78141087688,0,1009.07601287242,"nonveg_606","absence"
189.018067305057,705.551597222721,159.151157676037,-1018.76552317552,-881.42953897113,-2066.82533057533,0,659.515748160561,"nonveg_757","absence"
857.465070575567,669.365838724905,684.121258412186,-1658.3912548998,-2039.09318539685,-881.859482440981,0,344.805886906725,"nonveg_882","absence"
1683.53318468903,2345.84910216362,1071.02593563,-4470.3674187227,-5182.75048504855,-3482.15741715329,0,1840.01416356905,"USA.NorthSlope.FranklinBluffs-C15","presence"
2381.12988234782,3425.03609065068,2073.29859185467,-5634.49822843226,-5851.18243035717,-4805.31937809002,0,2136.70955211185,"USA.YukonKuskokwimDelta.UB3","presence"
1022.26149308837,274.458032155464,20.3645052311809,-583.967695469153,-2642.07270691269,-2069.37830250543,0,1001.89698785719,"nonveg_769","absence"
2515.95423711203,3207.74069568922,2558.16909956104,-5950.59014366575,-6243.50680987765,-5373.85663517268,0,1336.22331126535,"Russia.Tazovsky.Burned28","presence"
257.814134949642,-529.279614710582,222.468427654046,506.728819700001,-296.187866494894,875.888858235678,0,823.085846274196,"nonveg_536","absence"
61.9639130490581,89.2150477962972,-745.922804688033,-589.496695907088,-1122.05013592624,350.808836229161,0,982.339938638838,"nonveg_1172","absence"
2228.65258963449,3260.78216098185,2369.10020255536,-5385.82319082856,-6705.62314181055,-3248.77763569603,0,1534.98681071363,"USA.BrooksRange.8","presence"
-99.4841676613044,809.084409982909,416.149651770195,-2169.85021013471,-1920.43476476632,-448.28872583661,0,908.568577644214,"nonveg_560","absence"
2172.87848173112,3148.07158237438,2229.34965533501,-6252.93408527858,-6891.90326243793,-3613.98901099179,0,1774.42902995071,"Canada.LeRoyLake.TDA4","presence"
2853.37184603939,2894.84626290034,2131.12256988369,-5115.96921865228,-5628.28384424233,-4612.15976296827,0,939.890757942341,"USA.YukonKuskokwimDelta.6","presence"
635.731958816572,803.669484442224,558.685904184357,-2726.75173442352,-2837.85775685837,-1057.38277936935,0,2434.43519873366,"Canada.EllefRingnesIsland.Isachsen-C02","presence"
281.17851003057,-78.9508161818042,1270.39880676151,-1949.76221819805,-1503.5877636431,-392.299037989241,0,1349.34962294331,"nonveg_674","absence"
301.595012972704,422.411396021215,358.280768088759,-1630.73567718329,-704.610792325552,-1294.21802985041,0,1046.08521900559,"nonveg_871","absence"
2144.82120800187,3037.73028751876,1152.00814258028,-5010.18723035661,-5965.52143358337,-3348.54112085179,0,1660.61563612284,"USA.NorthSlope.14","presence"
-273.82568606443,-74.8380346959303,-107.964070473638,-355.860652215649,-609.842710204248,-253.591265419718,0,905.397610258527,"nonveg_1089","absence"
2446.48142927297,3007.12392917995,1816.06086196529,-5615.80878812431,-5926.75853657827,-4731.7017292385,0,1510.02660060565,"Russia.Kytalyk.T1","presence"
2172.87848173112,3148.07158237438,2229.34965533501,-6252.93408527858,-6891.90326243793,-3613.98901099179,0,1774.42902995071,"Canada.LeRoyLake.TDA4","presence"
245.176502290007,-525.24939234281,-569.925660705,9182.16530261964,5608.72656060345,4307.4879543451,0,815.102162995006,"nonveg_1344","absence"
136.111882705191,-484.289656879257,115.970598622384,-280.446401650254,-466.833884197984,299.556611825705,0,1170.66772487372,"nonveg_921","absence"
236.944288690192,237.21427309719,240.420910634463,-2201.0999570091,-2759.0466459753,-1889.01936239339,0,1405.21102087407,"nonveg_624","absence"
2853.1279490458,3392.6713246566,2013.15508526507,-5994.33700756357,-6527.66735344644,-3684.08125496341,0,1147.04073769099,"Canada.PayneLake.TDA0","presence"
635.731958816572,803.669484442224,558.685904184357,-2726.75173442352,-2837.85775685837,-1057.38277936935,0,2434.43519873366,"Canada.EllefRingnesIsland.Isachsen-C02","presence"
823.636725990871,100.10951296349,544.576328593572,-1264.10175743315,-1135.22282458972,-1063.19411609386,0,951.008467062671,"nonveg_568","absence"
2397.7162542611,2681.65383211034,1895.79962156027,-5066.53496386048,-5285.11557419016,-3657.67514526724,0,409.499955926509,"Finland.Kevo.12","presence"
-196.738241826904,-271.791245881885,-305.352685915696,-406.324081556991,-537.620085371919,1893.05545809426,0,352.168561459086,"nonveg_1642","absence"
2096.9384978721,2907.11031048458,1941.75384605907,-5471.75493764903,-5999.96477697631,-4106.23946697446,0,1025.57278707876,"Canada.DaringLake.LowBirch","presence"
3655.83922964502,4588.57490069848,2261.67177471914,-6166.51572951219,-6561.09285594154,-5469.30636207458,0,2837.59597651375,"Norway.Javrresduottar.A-Sedge","presence"
789.461028912923,711.824131102979,900.414363519734,-1847.53606643809,-2586.70391220558,-1411.42965277286,0,563.145323462839,"nonveg_975","absence"
2850.14428113732,3623.97829946358,2030.12254478375,-6014.67974528965,-6433.05935287405,-4591.06942501281,1,1688.81176580236,"Canada.LeRoyLake.TDA3","presence"
325.927635036549,618.079840710563,755.93150857566,-2434.47607921389,-3060.7867065564,-1255.52863255002,0,630.962374530937,"nonveg_913","absence"
1574.98652198919,1525.2264714596,864.02354296511,-3672.18578484793,-3620.64019043142,-3192.88804824384,0,731.200136791208,"Canada.PrincePatrickIsland.MouldBay-C05","presence"
346.540583801661,1647.93678879436,997.89207095228,-2641.18198119039,-1634.10054888813,-1879.86953371048,0,2008.37384256565,"nonveg_647","absence"
460.068339181363,370.101519731477,343.772393728326,-2491.75204183436,-2623.11074114426,837.900368145571,0,939.607410698245,"nonveg_1672","absence"
245.176502290007,-525.24939234281,-569.925660705,9182.16530261964,5608.72656060345,4307.4879543451,0,815.102162995006,"nonveg_1344","absence"
2343.50585348418,2694.97218236053,1831.55500958255,-5334.18787786497,-5802.71882509347,-4440.78579293904,0,605.151409152677,"Canada.ChukotkaRiver.TH1","presence"
-602.029753563635,-1156.77982443661,-1015.52871752105,3874.56099941206,3955.13686719164,2799.0889030805,0,919.059692790718,"nonveg_1367","absence"
353.758857735309,655.525742963819,361.159856618054,-2335.4235902538,-2234.74073495759,-1881.72248510291,0,301.76688522851,"nonveg_583","absence"
-83.3834332746519,355.164807962526,-907.382320439959,3986.50717759343,2528.57409768774,2935.73370420355,0,1262.54712840248,"nonveg_1854","absence"
972.852903361233,704.176793750348,-86.7910306176112,-1015.92352088654,-1150.75016963163,43.4432029177675,0,1059.64393397884,"nonveg_897","absence"
554.443758044626,890.399516135713,278.222795851263,-2037.92317391458,-2472.39053813971,-1992.67733559239,0,612.17672028445,"nonveg_849","absence"
1808.21536478914,2075.60261902059,1346.47025755859,-3974.49787750432,-4507.34862401581,-3074.39708106416,1,840.182377808532,"Canada.ClearwaterLake.LS1","presence"
871.964376657439,768.634986665047,-179.493991050044,-1341.38803339227,-2082.96611410073,-1399.75356322517,0,1220.16248656787,"nonveg_645","absence"
2172.87848173112,3148.07158237438,2229.34965533501,-6252.93408527858,-6891.90326243793,-3613.98901099179,0,1774.42902995071,"Canada.LeRoyLake.TDA4","presence"
840.081470571087,-317.397468885737,784.187920788793,-1019.18588609444,-1407.80079970327,-712.901503303666,0,1221.83134484936,"nonveg_922","absence"
2865.75115833276,2482.99938309744,449.0822712301,-2719.78695965677,-2956.54339287022,-3211.02374537263,0,2416.66888710266,"nonveg_1177","absence"
2451.97373712524,2938.11135624041,1173.95603787489,-5267.75052784081,-5623.89347209045,-2518.08795517412,0,1464.77422978487,"Russia.Yamal.Kharasavey-2b","presence"
61.9639130490581,89.2150477962972,-745.922804688033,-589.496695907088,-1122.05013592624,350.808836229161,0,982.339938638838,"nonveg_1172","absence"
139.565304540331,-138.54439647293,256.018809040687,227.99812771154,-755.872460711653,862.608998523448,0,394.563205513617,"nonveg_1889","absence"
349.850961222312,285.205622048042,43.7653607560538,-1351.26773781063,-2087.41023570751,-849.640501199399,0,533.651693110797,"nonveg_578","absence"
482.281830083051,150.131162627803,718.858657917964,-1731.79421807177,-1366.31747056987,-780.785242783199,0,669.823706428163,"nonveg_916","absence"
175.732824793547,78.1105442440377,-157.758245914908,-1721.41961760777,-1570.990119087,-1733.90589378105,0,1107.59447978305,"nonveg_785","absence"
248.455064313745,443.140876535513,645.206394698853,-1385.60838427207,-1462.14327028415,-120.111188372537,0,449.956933920684,"nonveg_994","absence"
1068.05739161579,1953.6859927461,271.732157660923,-3978.18621903214,-4514.45389799324,4486.25661156754,0,1710.90374844104,"nonveg_1813","absence"
2451.97373712524,2938.11135624041,1173.95603787489,-5267.75052784081,-5623.89347209045,-2518.08795517412,0,1464.77422978487,"Russia.Yamal.Kharasavey-2b","presence"
2156.40600903374,2825.69874847846,2319.05480716126,-6171.86255759668,-6964.15521549347,-5599.05815666279,1,1436.28132539779,"USA.InteriorAlaska.22","presence"
2479.80344620776,2896.98573096178,1458.31304447075,-5749.56226894646,-6299.3755746066,-4363.22969966926,0,747.388480297942,"Norway.Javrresduottar.EC-Salix","presence"
1151.98502772974,485.799673938938,979.136598909544,-1208.01163253814,-2000.86184082394,-982.160928018857,0,753.33820761018,"nonveg_643","absence"
-83.3834332746519,355.164807962526,-907.382320439959,3986.50717759343,2528.57409768774,2935.73370420355,0,1262.54712840248,"nonveg_1854","absence"
4302.32813157053,4874.65939258963,2754.46262745623,-6550.48116715516,-7517.45701692221,-5453.33878820993,1,2605.49267117663,"Finland.Kevo.4","presence"
857.465070575567,669.365838724905,684.121258412186,-1658.3912548998,-2039.09318539685,-881.859482440981,0,344.805886906725,"nonveg_882","absence"
3086.5300702777,3947.76314714369,1813.01824788059,-5752.46063570943,-6911.11153402921,-4293.52820148036,1,2993.28263651689,"Sweden.Abisko.VJ-SalixShrub","presence"
478.02665112274,1227.46462185879,672.957139012368,-2635.87328236324,-1491.58244642752,-1751.00587674328,0,1140.76612194193,"nonveg_540","absence"
-421.61304046785,602.206264507244,-788.36747282739,10000,7677.72016700935,6552.05403240965,0,1390.57373733463,"nonveg_1695","absence"
2872.50565207667,3098.92078011389,1928.0678281439,-5602.18310003737,-5641.43485375945,-4378.86178277411,0,1176.17494322726,"Russia.Tiksi.ShrubTundra","presence"
1801.03856907142,2011.58427513767,1698.66013372483,-3410.57096956048,-3748.7757755574,-2293.36069670464,0,353.014231778516,"nonveg_529","absence"
2005.58664230484,3134.86708805196,1394.53902157103,-5779.89628764596,-5802.30762020481,-5687.75437511677,1,2415.52941003501,"USA.InteriorAlaska.2","presence"
1810.01943358196,2106.78203409895,664.760848549134,-3853.30798143689,-4844.07279953518,-2133.05280559876,0,2191.83074734262,"USA.NorthSlope.WestDock-C14","presence"
2998.27380470987,3728.49683422927,1867.47119151406,-7620.80783294971,-8090.87027513461,-3164.95562962477,1,1752.40631067538,"Sweden.Abisko.VJ-Wetland","presence"
1462.50595613433,2911.08585410015,1241.87701482382,-3804.92221542391,-6000.24451337106,-4334.88221427709,0,3371.08112421447,"Canada.KluaneLake.Quill-MixedTundra","presence"
-135.631603666594,141.026118280682,-377.574601709222,-534.436237043721,-458.420186809372,-246.177440117925,0,619.502134313682,"nonveg_689","absence"
2791.48040682057,3963.03483281196,2551.07163687418,-5929.79827498962,-6573.49720190863,-4640.55160576928,0,1855.16435357369,"USA.SewardPeninsula.QuartzCreek2","presence"
1307.5759671723,1464.91002376881,704.585278899758,-2943.75758630939,-2805.77580697061,-1849.12590505382,0,1496.2229636863,"Canada.PrincePatrickIsland.MouldBay-C04","presence"
758.494346564877,337.251302170594,491.01447798535,9852.6569154192,508.812564256267,1516.92425960226,0,634.817537976368,"nonveg_991","absence"
-986.404827109889,588.335873106884,64.3058864353376,-2542.23021909978,-2364.51074622538,-701.760807440429,0,1574.74070021677,"nonveg_608","absence"
1131.15389747321,1499.77785348187,1117.89669242523,-3571.65643365028,-3859.2707119965,-2777.20100971952,0,386.457814360079,"nonveg_898","absence"
3361.93134901089,3894.05689092745,2320.92077157901,-6723.69497246376,-7423.41045962811,-5878.29181239063,1,1871.41573652016,"Finland.Kevo.7","presence"
3053.33753239699,3889.9558000319,2123.20581722891,-6251.97433249353,-6728.88695896958,-5332.79269362575,1,1748.56891570807,"Norway.Javrresduottar.A-Betula","presence"
143.356327117199,-58.3364505307036,-262.217278900561,-636.577040157386,-1424.63194595293,407.47124729529,0,405.573606017759,"nonveg_842","absence"
-421.61304046785,602.206264507244,-788.36747282739,10000,7677.72016700935,6552.05403240965,0,1390.57373733463,"nonveg_1695","absence"
276.754126131998,1255.30616630868,907.263069768808,-1928.2247608732,-2215.6125563222,-769.89733278032,0,978.552040176679,"nonveg_1968","absence"
2007.47739554672,3013.80338665477,1671.08125646335,-4778.90173209156,-5849.85199208531,-4056.4416874328,0,1694.28924363651,"USA.NorthSlope.Oumalik1","presence"
1626.90299571072,2033.29626785987,2211.17175772182,-4838.90082907102,-5108.37682997133,-3022.10596945333,0,1588.46666610478,"USA.NorthSlope.9","presence"
2389.79378139511,2567.33576990097,1538.73325153196,-5166.2785597369,-5248.56935197363,-3370.4116573082,0,1694.46645595967,"USA.NorthSlope.Barrow","presence"
119.250522927044,328.638275131573,16.2618532533553,-726.234311749006,-841.613746855589,-727.756641877067,0,312.376421878218,"nonveg_995","absence"
2228.65258963449,3260.78216098185,2369.10020255536,-5385.82319082856,-6705.62314181055,-3248.77763569603,0,1534.98681071363,"USA.BrooksRange.8","presence"
2806.20907257545,3894.36283000006,2287.97662018761,-5785.41574408737,-7068.08367950306,-4249.38944446257,1,2778.36455542731,"Canada.ClearwaterLake.AB2","presence"
509.148747810095,81.8644125887971,-12.6137145926791,-635.898496511566,-439.631259457038,-1059.25794268776,0,796.48163688575,"nonveg_806","absence"
-83.3834332746519,355.164807962526,-907.382320439959,3986.50717759343,2528.57409768774,2935.73370420355,0,1262.54712840248,"nonveg_1854","absence"
-986.404827109889,588.335873106884,64.3058864353376,-2542.23021909978,-2364.51074622538,-701.760807440429,0,1574.74070021677,"nonveg_608","absence"
510.87043402359,1216.57217566022,493.499826342378,-3865.08516344305,-4760.10765515798,-2495.07977357266,1,910.559982246827,"nonveg_856","absence"
264.862467877338,1250.08293180216,970.650149219039,-1746.49169212657,-1488.47751545122,-878.624128137979,0,985.220463924817,"nonveg_695","absence"
276.754126131998,1255.30616630868,907.263069768808,-1928.2247608732,-2215.6125563222,-769.89733278032,0,978.552040176679,"nonveg_1968","absence"
3361.93134901089,3894.05689092745,2320.92077157901,-6723.69497246376,-7423.41045962811,-5878.29181239063,1,1871.41573652016,"Finland.Kevo.7","presence"
658.23874598905,190.211568939818,779.349707544273,-1920.0177628173,-1536.62686317749,-1998.37236834068,0,937.048591054722,"nonveg_1309","absence"
372.327189898319,435.629942952207,166.847993040563,-2956.17178638514,-2617.48685908174,-2905.32394674894,0,708.501505789157,"nonveg_746","absence"
-512.610666429309,1218.79856843566,950.287343398106,587.653815817225,-1508.90020149726,-1045.90782729013,0,1731.40923486497,"nonveg_571","absence"
-25.5852379063956,-256.0161396004,-195.761529246868,-1466.95485990421,-1092.02356706455,829.972992571415,0,827.930274803581,"nonveg_721","absence"
165.229796601289,498.021051761167,116.836182931455,-885.486059524304,-970.314308174824,-339.255381385956,0,412.410297298307,"nonveg_848","absence"
2879.62287891255,4027.33240598005,2563.13296656847,-6070.38168533392,-6643.72794739552,-5490.81548576548,0,2967.12903441615,"USA.NorthSlope.Ivotuk1","presence"
2797.75878934461,3617.81236458781,2150.73703500323,-6091.56841917318,-6444.28067882524,-4656.47162864171,0,2170.04023458927,"USA.SewardPeninsula.QuartzCreek3","presence"
872.130768296411,929.235644375719,695.918825693169,-1959.3715789729,-2253.38106657186,-339.512789160392,0,407.815829239496,"nonveg_954","absence"
855.999227497381,135.617769545735,153.316421466889,-1168.03755536655,-1449.37267544027,-143.971711126589,0,720.381457951646,"nonveg_659","absence"
141.896065103911,45.7444819329619,2.56860719305135,-1349.81540939008,-1740.84588731756,811.60488198731,0,406.719329978189,"nonveg_903","absence"
1801.15536530504,2659.39713117407,1203.35530314722,-4474.57244006684,-6033.44697433741,-2229.02314658971,0,1510.06581233224,"USA.NorthSlope.13","presence"
165.229796601289,498.021051761167,116.836182931455,-885.486059524304,-970.314308174824,-339.255381385956,0,412.410297298307,"nonveg_848","absence"
2172.87848173112,3148.07158237438,2229.34965533501,-6252.93408527858,-6891.90326243793,-3613.98901099179,0,1774.42902995071,"Canada.LeRoyLake.TDA4","presence"
2508.35752710137,3207.18188713477,1803.62115562326,-5068.03369438658,-5971.5392979795,-4862.28926917,0,2083.37005079939,"Russia.Tazovsky.Burned12","presence"
1502.42007897875,928.696256658746,676.857103866806,-1762.3712713505,-2622.98873667196,-1502.40614458618,0,825.562975111944,"nonveg_600","absence"
136.111882705191,-484.289656879257,115.970598622384,-280.446401650254,-466.833884197984,299.556611825705,0,1170.66772487372,"nonveg_921","absence"
2524.62810933534,2621.06507340344,1561.03364964476,-5268.19326675028,-5664.43014878454,-3997.0554902141,0,1731.60687789167,"Finland.Kilpisjarvi.18","presence"
307.788452667458,-45.8793711635608,-431.61502034751,7710.30853660807,8589.69374835561,8072.63859865925,0,954.788295685747,"nonveg_1994","absence"
2853.1279490458,3392.6713246566,2013.15508526507,-5994.33700756357,-6527.66735344644,-3684.08125496341,0,1147.04073769099,"Canada.PayneLake.TDA0","presence"
755.085523878555,-293.436750980937,10000,63.0675783136579,-1117.42561548467,321.583987026743,0,10293.4367509809,"nonveg_1241","absence"
231.049650784496,241.767266048167,260.188356484014,-857.883750430875,-1800.90825206862,-213.683816117893,0,176.503742233544,"nonveg_1340","absence"
1490.24737692463,3309.27209808794,1631.82315103712,-3740.61947662041,-6495.65541492183,-3627.07680667642,0,3438.12154898201,"Canada.KluaneLake.Outpost-MixedTundra","presence"
275.117217228152,253.378149486586,445.683600156244,-1321.11583215988,-1617.70042082326,-351.384621700121,0,262.509133549604,"nonveg_997","absence"
226.890100331938,396.032920246936,68.0916601593885,264.482874675105,-223.589322226373,444.142285223727,0,488.401217070622,"nonveg_822","absence"
2879.62287891255,4027.33240598005,2563.13296656847,-6070.38168533392,-6643.72794739552,-5490.81548576548,0,2967.12903441615,"USA.NorthSlope.Ivotuk1","presence"
-510.990726704313,437.632363821611,-453.950011417634,46.850792321958,-3041.25250142215,-2156.89682997105,0,948.623090525924,"nonveg_623","absence"
85.5014395562674,620.975061183982,236.63873626524,-1453.71817573526,-2295.18216376429,-255.935997526039,0,638.968661531709,"nonveg_794","absence"
578.437741078648,782.047912334711,522.781186668152,-1946.4353962898,-2617.43494603463,-1835.57722462141,0,790.592727010529,"nonveg_767","absence"
-41.2332732254154,1167.16309910036,-444.361403907535,-1422.06333821612,-1539.32050526629,-1831.75104543041,0,1611.52450300789,"nonveg_596","absence"
855.999227497381,135.617769545735,153.316421466889,-1168.03755536655,-1449.37267544027,-143.971711126589,0,720.381457951646,"nonveg_659","absence"
929.299195288922,844.795144074033,357.550560430829,-2153.96344038696,-2648.50107121395,-1092.83461389072,0,1494.31987853625,"Canada.Ivujivik.TP10","presence"
2069.26641786143,2203.49343886933,967.031111685446,-5084.22530756824,-5397.81901467393,-4093.95260844519,0,1527.57051669628,"USA.YukonKuskokwimDelta.4","absence"
-143.152953716987,506.663016748998,181.013659512995,-1484.82723593924,-981.662818871426,-437.496053028398,0,707.262865688916,"nonveg_932","absence"
2902.52971790896,3411.54436199541,2235.37259695401,-5919.34957115276,-6348.62212944762,-4817.74783062744,0,866.987600881998,"Finland.Javrresduottar.A-Sphagnum","presence"
1507.74543749152,2400.22845340739,1071.94116390312,-4389.52112342801,-5480.27797913498,-3668.86100627817,0,1505.95212887832,"USA.NorthSlope.FranklinBluffs-C16","presence"
-26.9306288811771,639.740810218266,6177.27805963604,-3359.72448296708,-1887.04649594213,1294.60423887528,0,6651.488366184,"nonveg_1353","absence"
2383.99377950379,2716.02592634353,1892.64296272718,-5583.11394636909,-5745.5964645475,-4786.75793006498,0,1407.15879281074,"USA.SewardPeninsula.18","presence"
-411.131722283793,554.586212366981,-33.5019600527139,-2500.30800431019,-1629.92032483192,-1370.71600985802,0,1208.04056088684,"nonveg_775","absence"
1519.85657903485,2099.60764192626,1286.7016849332,-4138.87236851444,-3983.55053437751,-3084.64037524761,0,1004.48613653073,"Finland.Kevo.3","presence"
2865.75115833276,2482.99938309744,449.0822712301,-2719.78695965677,-2956.54339287022,-3211.02374537263,0,2416.66888710266,"nonveg_1177","absence"
3001.81453905033,3383.16381392522,2320.82571687301,-5716.89228146255,-6530.66941000591,-5296.6289266906,0,1171.75166329902,"Sweden.Abisko.NF-DryHeath","presence"
-336.870773665822,1287.32856776229,-706.479094789714,-2111.56075658304,-3049.89272041682,-1088.80459708929,0,1993.80766255201,"nonveg_532","absence"
1503.56758949071,2720.85467202093,1087.36017028335,-4566.77992286671,-6620.14902116118,-3351.77210483706,1,2323.24346242593,"USA.InteriorAlaska.23","presence"
855.999227497381,135.617769545735,153.316421466889,-1168.03755536655,-1449.37267544027,-143.971711126589,0,720.381457951646,"nonveg_659","absence"
2732.24168280522,3214.69801977195,1880.84466103763,-4992.58385607394,-5790.86427155937,-4692.35539733966,0,1648.43524283316,"Russia.Yamal.Nadym-2-H","presence"
19.9382131404599,-40.998329763737,-444.76693085645,-134.182621170134,-1092.38046088306,1624.11732128761,0,1298.97042156577,"nonveg_1547","absence"
519.508432975123,668.427859847375,251.146860660222,-1680.86308055268,-1657.6750824739,-219.396996681116,0,283.649931795998,"Canada.Ivujivik.RTP13","presence"
4185.92362266545,4564.41925362255,2450.28414554871,-6273.54854648031,-7564.98854137245,-6103.68086590803,1,2161.19369690759,"Finland.Kevo.14","presence"
2446.48142927297,3007.12392917995,1816.06086196529,-5615.80878812431,-5926.75853657827,-4731.7017292385,0,1510.02660060565,"Russia.Kytalyk.T1","presence"
1722.79858396182,2426.04968556398,1524.75421857102,-5433.35615822374,-5449.63385388162,-4177.93329056633,0,1923.78489605756,"USA.YukonKuskokwimDelta.15B3","presence"
-411.131722283793,554.586212366981,-33.5019600527139,-2500.30800431019,-1629.92032483192,-1370.71600985802,0,1208.04056088684,"nonveg_775","absence"
673.407428767485,1008.65282251453,958.2104816168,-2035.06768661164,-1484.14447443203,-1872.68407569456,0,803.992052867248,"nonveg_915","absence"
635.731958816572,803.669484442224,558.685904184357,-2726.75173442352,-2837.85775685837,-1057.38277936935,0,2434.43519873366,"Canada.EllefRingnesIsland.Isachsen-C02","presence"
494.24404922694,547.550456664796,703.164476276174,-1117.97156914333,-1128.11858403829,-685.245295506737,0,327.978683279974,"nonveg_912","absence"
2524.62810933534,2621.06507340344,1561.03364964476,-5268.19326675028,-5664.43014878454,-3997.0554902141,0,1731.60687789167,"Finland.Kilpisjarvi.18","presence"
1068.05739161579,1953.6859927461,271.732157660923,-3978.18621903214,-4514.45389799324,4486.25661156754,0,1710.90374844104,"nonveg_1813","absence"
1801.15536530504,2659.39713117407,1203.35530314722,-4474.57244006684,-6033.44697433741,-2229.02314658971,0,1510.06581233224,"USA.NorthSlope.13","presence"
175.732824793547,78.1105442440377,-157.758245914908,-1721.41961760777,-1570.990119087,-1733.90589378105,0,1107.59447978305,"nonveg_785","absence"
413.603857334299,681.215965663841,102.721402525927,-2053.25107481127,-1211.70497473694,-2082.5686801907,0,870.723475414498,"nonveg_866","absence"
2778.03259384989,3285.1461262137,1622.39097164948,-5703.79519320537,-6021.32358832384,-4568.73504961207,0,1876.56974616396,"Finland.Javrresduottar.A-Betula","presence"
1801.03856907142,2011.58427513767,1698.66013372483,-3410.57096956048,-3748.7757755574,-2293.36069670464,0,353.014231778516,"nonveg_529","absence"
773.682198774637,1166.61889728268,1332.54787268082,-3311.37578541076,-3412.14826803149,-1987.74534252653,0,824.463519894285,"nonveg_632","absence"
2877.75804759636,3586.37152169361,2400.07379863854,-5979.60933655878,-6328.71523600998,-4992.03930952989,0,1310.04469817237,"USA.YukonKuskokwimDelta.15B4","presence"
514.870712666352,200.473117081391,944.473854509402,-735.348935407428,-977.639914334762,-188.526745193616,0,744.000737428011,"nonveg_958","absence"
2586.23497573531,3011.83673042101,2174.78245702404,-5701.56149763361,-5839.48379298025,-4688.94347001233,0,1515.99929002342,"Canada.CoutureLake.TD7","presence"
2540.95602779986,2680.33514250025,1254.05073188677,-5646.81041857521,-6164.41696261958,-4864.43111104081,0,2409.28419102006,"Finland.Javrresduottar.A-Salix","presence"
287.339323536758,485.802919735008,267.608067609456,-807.18727561922,-1862.09591637818,-1431.53481517898,0,837.650383173918,"nonveg_682","absence"
19.9382131404599,-40.998329763737,-444.76693085645,-134.182621170134,-1092.38046088306,1624.11732128761,0,1298.97042156577,"nonveg_1547","absence"
-411.131722283793,554.586212366981,-33.5019600527139,-2500.30800431019,-1629.92032483192,-1370.71600985802,0,1208.04056088684,"nonveg_775","absence"
871.045003906302,317.242814847075,507.718520384314,-1028.48116508494,-1083.94192045799,-699.575433073463,0,553.802189059226,"nonveg_733","absence"
3689.65835508491,4396.8706738986,2543.32326843397,-6497.18814552955,-7119.02677703172,-5602.02148276448,0,2547.88213952205,"Norway.Javrresduottar.A-Sphagnum","presence"
2550.78753510978,3191.6811268427,1569.219156037,-6218.60499169962,-6795.70949180663,-4883.99237179998,0,1474.65795514149,"Finland.Javrresduottar.EC-Spring","presence"
3091.29651173397,3435.92622914683,1994.95483429054,-5160.1056928346,-5486.89832411055,-5125.26019307874,0,1204.41508329712,"Sweden.Abisko.NT-SparseVeg","presence"
648.86018510217,536.21930955858,346.028599213096,-1301.12577500895,-734.073079214446,-1574.88391657964,0,820.378157201265,"nonveg_876","absence"
-135.382048817941,1033.96500218117,-647.578952809808,-1491.08262687509,-1600.08222395288,649.744237421524,0,1681.54395499098,"nonveg_1834","absence"
2692.78263569636,3639.69457174511,2333.09606473357,-6068.75845485813,-6570.27315809989,-4073.64173007776,0,1985.38244969045,"Canada.ClearwaterLake.AB3","presence"
2536.0311774812,3366.41257522519,2017.91243126542,-5620.60364338796,-6369.38962586592,-3321.04110913042,0,1347.16888564704,"Canada.DeceptionBay.BEGL2","presence"
1801.03856907142,2011.58427513767,1698.66013372483,-3410.57096956048,-3748.7757755574,-2293.36069670464,0,353.014231778516,"nonveg_529","absence"
2850.14428113732,3623.97829946358,2030.12254478375,-6014.67974528965,-6433.05935287405,-4591.06942501281,1,1688.81176580236,"Canada.LeRoyLake.TDA3","presence"
1120.35563126428,589.227875230419,287.581114762446,-639.120113366336,-2195.20875885121,-1438.99279368551,0,861.173810522721,"nonveg_809","absence"
2902.52971790896,3411.54436199541,2235.37259695401,-5919.34957115276,-6348.62212944762,-4817.74783062744,0,866.987600881998,"Finland.Javrresduottar.A-Sphagnum","presence"
-85.2048117855304,432.113109762533,-66.239744392332,-2203.75251232475,-1627.30497829918,493.982437615176,0,517.317921548064,"nonveg_751","absence"
2172.87848173112,3148.07158237438,2229.34965533501,-6252.93408527858,-6891.90326243793,-3613.98901099179,0,1774.42902995071,"Canada.LeRoyLake.TDA4","presence"
209.299466091913,586.163190416764,-1.48178037236477,-808.652230210818,-742.200886513642,-607.189313875642,0,876.089637765894,"nonveg_616","absence"
17.6508258165006,829.09524170992,-226.932622807282,-1581.93694088589,-1248.23229669571,-1863.89770209667,0,1056.0278645172,"nonveg_900","absence"
773.682198774637,1166.61889728268,1332.54787268082,-3311.37578541076,-3412.14826803149,-1987.74534252653,0,824.463519894285,"nonveg_632","absence"
867.706431571766,406.493291471935,922.523635198394,-1951.30517823588,-2159.41170688502,-1348.79292688262,0,695.997678315646,"nonveg_899","absence"
2778.03259384989,3285.1461262137,1622.39097164948,-5703.79519320537,-6021.32358832384,-4568.73504961207,0,1876.56974616396,"Finland.Javrresduottar.A-Betula","presence"
1120.35563126428,589.227875230419,287.581114762446,-639.120113366336,-2195.20875885121,-1438.99279368551,0,861.173810522721,"nonveg_809","absence"
2360.90593392844,3276.93904944872,2092.48420859146,-5807.89624420343,-5989.49929893025,-4909.53465279839,1,2410.16087156113,"Russia.Kolyma.T1","presence"
2533.50018305628,3693.23377825446,2283.86699282001,-5628.20926626865,-6556.85831514084,-5230.17404524352,0,2345.55028599696,"USA.NorthSlope.Ivotuk3","presence"
1626.90299571072,2033.29626785987,2211.17175772182,-4838.90082907102,-5108.37682997133,-3022.10596945333,0,1588.46666610478,"USA.NorthSlope.9","presence"
3655.83922964502,4588.57490069848,2261.67177471914,-6166.51572951219,-6561.09285594154,-5469.30636207458,0,2837.59597651375,"Norway.Javrresduottar.A-Sedge","presence"
1971.39772924376,2242.79593689209,1350.74905503663,-4909.64611556653,-4946.61527241734,-2901.67866536262,0,743.781625797983,"Russia.Yamal.OstrovBelyy-2","presence"
2474.12270859205,3232.21698916515,1542.84361336921,-5664.43038707363,-6106.86192263641,-4251.50616350079,0,1886.84304764066,"Finland.Javrresduottar.EC-Salix","presence"
2096.9384978721,2907.11031048458,1941.75384605907,-5471.75493764903,-5999.96477697631,-4106.23946697446,0,1025.57278707876,"Canada.DaringLake.LowBirch","presence"
877.568998266776,813.205839281221,1238.93047908486,-1129.92554391415,-1058.67808099724,-67.2909737983739,0,518.131249973772,"nonveg_677","absence"
725.050240515117,-332.03171438444,624.412754167847,-2589.18093935367,-1838.6708939795,-1690.64708176014,0,2123.80863670202,"nonveg_612","absence"
-12.2577998123303,-99.6956661432057,-1138.72622552446,5168.28605165466,4464.44750429276,7765.60693052012,0,1500.1409623868,"nonveg_1810","absence"
2879.62287891255,4027.33240598005,2563.13296656847,-6070.38168533392,-6643.72794739552,-5490.81548576548,0,2967.12903441615,"USA.NorthSlope.Ivotuk1","presence"
1202.50936867254,1178.3996521986,521.594036981606,-2718.78225634389,-3164.57943489009,-1593.14694189191,0,1169.68940456084,"Canada.Ivujivik.TP12","presence"
2467.4940230318,3523.57406024066,2072.90093485665,-5281.97513943185,-6244.27666184821,-4639.58223369129,0,2003.73149381261,"USA.InteriorAlaska.24","presence"
-345.808918795631,271.774471118718,-437.208331925216,738.997718073714,514.26953776498,820.007603041846,0,708.982803043934,"nonveg_1509","absence"
189.018067305057,705.551597222721,159.151157676037,-1018.76552317552,-881.42953897113,-2066.82533057533,0,659.515748160561,"nonveg_757","absence"
452.184079349251,41.5896515442578,271.37636628094,-905.006346079895,-216.643299043028,-645.403356963823,0,1294.21534329308,"nonveg_572","absence"
1801.03856907142,2011.58427513767,1698.66013372483,-3410.57096956048,-3748.7757755574,-2293.36069670464,0,353.014231778516,"nonveg_529","absence"
231.049650784496,241.767266048167,260.188356484014,-857.883750430875,-1800.90825206862,-213.683816117893,0,176.503742233544,"nonveg_1340","absence"
1369.48907810296,2504.2923569042,1608.4523303379,-4092.76034088937,-5442.21573197087,-3878.05238509115,0,1466.65617509569,"Canada.KluaneLake.Ruby-MixedTundra","presence"
725.050240515117,-332.03171438444,624.412754167847,-2589.18093935367,-1838.6708939795,-1690.64708176014,0,2123.80863670202,"nonveg_612","absence"
413.603857334299,681.215965663841,102.721402525927,-2053.25107481127,-1211.70497473694,-2082.5686801907,0,870.723475414498,"nonveg_866","absence"
2429.41023535404,2970.63817793104,1517.02954973998,-6147.2111460009,-6211.26199484508,-5007.85539017589,0,1387.44890223684,"Finland.Javrresduottar.A-Sedge","presence"
175.732824793547,78.1105442440377,-157.758245914908,-1721.41961760777,-1570.990119087,-1733.90589378105,0,1107.59447978305,"nonveg_785","absence"
3296.98238568692,3752.45690444928,2101.12882348755,-5712.25380679338,-6444.64207225424,-4413.72869424544,0,1723.96116710626,"USA.YukonKuskokwimDelta.3","presence"
2924.5002719319,2853.63066442797,2357.3348497089,-5426.0162831536,-6052.72854326858,-4441.23103303456,0,1050.61944901313,"Finland.Kevo.10","presence"
662.029010076441,835.602204176406,446.029598930988,-2705.44032986651,-2736.7000081027,-1099.66572449187,0,673.334553479515,"Canada.Ivujivik.RTP12","presence"
61.9639130490581,89.2150477962972,-745.922804688033,-589.496695907088,-1122.05013592624,350.808836229161,0,982.339938638838,"nonveg_1172","absence"
2144.82120800187,3037.73028751876,1152.00814258028,-5010.18723035661,-5965.52143358337,-3348.54112085179,0,1660.61563612284,"USA.NorthSlope.14","presence"
3186.22634382005,3267.49665933446,1894.94709119194,-5962.24463485411,-6270.60174956479,-4631.72222489962,0,2279.03956520597,"USA.YukonKuskokwimDelta.15B6","presence"
4179.58782731173,4717.53285414268,2520.88905667419,-7189.11269280791,-7197.8388501425,-6281.20752169885,1,2454.75865724984,"Finland.Kevo.2","presence"
3301.33346051425,4337.26548063559,2294.85644638779,-6802.5149824249,-7644.36053948555,-4823.26647246777,0,2644.97185654531,"USA.Kougaork.TallShrub","presence"
-345.808918795631,271.774471118718,-437.208331925216,738.997718073714,514.26953776498,820.007603041846,0,708.982803043934,"nonveg_1509","absence"
189.018067305057,705.551597222721,159.151157676037,-1018.76552317552,-881.42953897113,-2066.82533057533,0,659.515748160561,"nonveg_757","absence"
2969.80044823928,3288.99435030242,2502.42349424527,-6067.50929593122,-6844.87435126562,-4848.50504077506,1,1447.15232854223,"Canada.LeRoyLake.TDA6","presence"
725.050240515117,-332.03171438444,624.412754167847,-2589.18093935367,-1838.6708939795,-1690.64708176014,0,2123.80863670202,"nonveg_612","absence"
2755.62366274115,3244.82475341606,1287.37322435602,-4868.20889741101,-6478.30522406334,-3440.21507843898,0,2050.33898730361,"Canada.DeceptionBay.TH8","presence"
3110.93778380149,3406.39308198382,1338.62298763378,-5721.44615013741,-5970.35028105202,-3660.27523049482,0,2895.01481597618,"Russia.Tiksi.FloodMeadow","presence"
1462.37492621161,1291.39156397577,414.700440706638,-1491.66087091909,-1944.72245829669,-1264.48529381443,0,1047.67448550497,"nonveg_880","absence"
275.50051249738,808.119205766576,143.418324672575,-2145.49094910626,-1335.08303197046,-1060.70333476226,0,829.976177780106,"nonveg_941","absence"
2397.7162542611,2681.65383211034,1895.79962156027,-5066.53496386048,-5285.11557419016,-3657.67514526724,0,409.499955926509,"Finland.Kevo.12","presence"
2196.10102184144,2607.78783133536,1561.71404494431,-6224.53181915551,-5989.99745861118,-4697.48231382467,0,2461.94060316049,"Finland.Javrresduottar.A-Hummock","presence"
519.508432975123,668.427859847375,251.146860660222,-1680.86308055268,-1657.6750824739,-219.396996681116,0,283.649931795998,"Canada.Ivujivik.RTP13","presence"
3096.00360853195,4071.61967937093,2243.11821806556,-6198.1923136889,-7079.92148147419,-4798.77901833062,1,2342.61865218718,"Norway.Javrresduottar.A-Salix","presence"
2834.3913314411,3977.30360990913,2561.12277416425,-6717.83741916495,-8026.09165522097,-6180.28210532942,1,2073.95865296699,"USA.InteriorAlaska.21","presence"
1579.21025773497,1773.55908773814,1846.612780046,-2692.45915199014,-2965.28377961303,-409.242021498508,0,267.402522311034,"nonveg_706","absence"
-212.734776596026,777.258688824839,-86.1920523365191,60.3140149529549,-1423.44111199784,6572.942097827,0,1020.22410334851,"nonveg_1794","absence"
2834.3913314411,3977.30360990913,2561.12277416425,-6717.83741916495,-8026.09165522097,-6180.28210532942,1,2073.95865296699,"USA.InteriorAlaska.21","presence"
236.944288690192,237.21427309719,240.420910634463,-2201.0999570091,-2759.0466459753,-1889.01936239339,0,1405.21102087407,"nonveg_624","absence"
2594.86897534408,3960.5036787691,2916.72027742915,-5862.62212471195,-5584.33010260632,-4864.3206164667,0,1561.82960707251,"USA.BrooksRange.6","presence"
1579.21025773497,1773.55908773814,1846.612780046,-2692.45915199014,-2965.28377961303,-409.242021498508,0,267.402522311034,"nonveg_706","absence"
-210.487712110638,134.399348410637,-55.2310505268571,-1236.46209958646,-919.105381460183,-1111.13575842013,0,410.842018942162,"nonveg_870","absence"
313.861277812147,951.379142468473,1072.99817548199,-2444.47120006919,-2259.77699050258,-800.453518250281,0,759.136897669845,"nonveg_940","absence"
1022.26149308837,274.458032155464,20.3645052311809,-583.967695469153,-2642.07270691269,-2069.37830250543,0,1001.89698785719,"nonveg_769","absence"
428.286181858496,1994.37295126452,-10.9446891297521,-3325.81802551374,-2097.0928371908,-2871.27210508747,0,2005.31764039427,"nonveg_680","absence"
2853.1279490458,3392.6713246566,2013.15508526507,-5994.33700756357,-6527.66735344644,-3684.08125496341,0,1147.04073769099,"Canada.PayneLake.TDA0","presence"
1722.79858396182,2426.04968556398,1524.75421857102,-5433.35615822374,-5449.63385388162,-4177.93329056633,0,1923.78489605756,"USA.YukonKuskokwimDelta.15B3","presence"
2848.50421145118,3129.90600845983,2381.9389500936,-5142.51015981381,-5950.14755901079,-4521.71344374711,0,915.272729332504,"USA.YukonKuskokwimDelta.U","presence"
3135.56231459522,3875.97939626404,2251.41619879788,-5536.88789589747,-6446.80737096451,-4513.18052263618,0,1625.20295758683,"Russia.Yamal.VaskinyDachi-1","presence"
2343.50585348418,2694.97218236053,1831.55500958255,-5334.18787786497,-5802.71882509347,-4440.78579293904,0,605.151409152677,"Canada.ChukotkaRiver.TH1","presence"
458.482740637837,1145.7544771814,301.023312816917,-1857.7312305717,-1875.57518250907,-1831.78790984303,0,844.731164364487,"nonveg_1261","absence"
-510.990726704313,437.632363821611,-453.950011417634,46.850792321958,-3041.25250142215,-2156.89682997105,0,948.623090525924,"nonveg_623","absence"
2144.82120800187,3037.73028751876,1152.00814258028,-5010.18723035661,-5965.52143358337,-3348.54112085179,0,1660.61563612284,"USA.NorthSlope.14","presence"
343.445994667027,724.142398667641,672.252338312244,-2089.42569082283,-1348.62110643763,-1115.35385225186,0,1035.30477016144,"nonveg_688","absence"
1519.85657903485,2099.60764192626,1286.7016849332,-4138.87236851444,-3983.55053437751,-3084.64037524761,0,1004.48613653073,"Finland.Kevo.3","presence"
1333.7245442615,1095.04900765849,816.00574377876,-1056.7872953889,-2580.85412504237,-870.055277678486,0,578.311724504982,"nonveg_998","absence"
3331.6561792229,4285.31386097192,2054.19978432476,-6175.99341578001,-7184.35235083332,-5232.52231867649,1,3402.55576229404,"Norway.Javrresduottar.A-Hummock","presence"
17.6508258165006,829.09524170992,-226.932622807282,-1581.93694088589,-1248.23229669571,-1863.89770209667,0,1056.0278645172,"nonveg_900","absence"
-266.71805862304,742.357954249383,735.693476488261,-2680.23587742243,-2266.38685556054,-1861.78141087688,0,1009.07601287242,"nonveg_606","absence"
143.356327117199,-58.3364505307036,-262.217278900561,-636.577040157386,-1424.63194595293,407.47124729529,0,405.573606017759,"nonveg_842","absence"
140.868553027677,444.508434915362,175.689395160959,-345.103331814927,-1034.53350904584,-1497.69417365139,0,504.436806051938,"nonveg_988","absence"
2232.91349531076,3372.30489638224,2598.93112285004,-5264.99439279953,-6164.0611028416,-4175.98258272954,1,940.279155115764,"USA.InteriorAlaska.4","presence"
1039.14389008283,1137.27192814908,765.337632470439,-2540.6970538955,-2709.57954955504,-1456.50369542801,0,748.687027711278,"Canada.PrincePatrickIsland.MouldBay-C00","presence"
53.9131505446559,202.729522363407,463.554083672005,-719.527650643933,-305.258720888262,-345.671984247121,0,710.705104724729,"nonveg_1268","absence"
2638.58805887854,3111.07508277485,1864.89038502156,-5965.97659185373,-6867.06896748059,-4862.63478528571,0,1407.97674906796,"Norway.Javrresduottar.EC-Hummock","presence"
736.854064957375,1471.66703083536,1182.42268539608,-2331.25856024348,-2776.22975911065,-1433.59150404842,0,1183.53743804982,"nonveg_508","absence"
-211.829084573969,537.634095122356,984.651724740516,-423.790355492049,-1495.69182241748,-179.312736079774,0,1196.48080931449,"nonveg_931","absence"
755.085523878555,-293.436750980937,10000,63.0675783136579,-1117.42561548467,321.583987026743,0,10293.4367509809,"nonveg_1241","absence"
2121.58696623489,2457.11193287413,1807.91172807884,-4734.59633706122,-4762.32956126164,-3299.36703628639,0,1141.10754074111,"Canada.BonifaceRiver.LSA4","presence"
2471.20923607896,2828.87541025576,1952.9169382023,-5293.38470142054,-6071.34662551704,-3471.68395442139,0,1771.67728928145,"Canada.CoutureLake.TDO4","presence"
-164.507389882774,414.399486671975,-305.619951807286,-1554.38636163958,-1062.50970053369,-633.036958640306,0,720.019438479261,"nonveg_1416","absence"
3242.79841956721,3549.44998987566,1923.38669556633,-5649.89737057949,-6874.85925615293,-3402.0962992515,0,2072.8518777968,"Canada.DeceptionBay.BEGL3","presence"
3186.22634382005,3267.49665933446,1894.94709119194,-5962.24463485411,-6270.60174956479,-4631.72222489962,0,2279.03956520597,"USA.YukonKuskokwimDelta.15B6","presence"
736.854064957375,1471.66703083536,1182.42268539608,-2331.25856024348,-2776.22975911065,-1433.59150404842,0,1183.53743804982,"nonveg_508","absence"
1462.50595613433,2911.08585410015,1241.87701482382,-3804.92221542391,-6000.24451337106,-4334.88221427709,0,3371.08112421447,"Canada.KluaneLake.Quill-MixedTundra","presence"
826.277879556317,1202.0272270991,-484.404815268954,-24.9353729746463,-1649.09080837145,-425.61712019955,0,1686.43204236805,"nonveg_1469","absence"
773.490930795429,360.503185685855,420.171669429263,-1385.52535636503,-1869.56939399685,-1714.66497512596,0,412.987745109574,"nonveg_894","absence"
635.633628458314,-35.5780034916801,-64.8736545940986,-1125.15669706704,-1681.14518329019,221.500880419021,0,700.507283052413,"nonveg_1473","absence"
-26.9306288811771,639.740810218266,6177.27805963604,-3359.72448296708,-1887.04649594213,1294.60423887528,0,6651.488366184,"nonveg_1353","absence"
-510.990726704313,437.632363821611,-453.950011417634,46.850792321958,-3041.25250142215,-2156.89682997105,0,948.623090525924,"nonveg_623","absence"
4302.32813157053,4874.65939258963,2754.46262745623,-6550.48116715516,-7517.45701692221,-5453.33878820993,1,2605.49267117663,"Finland.Kevo.4","presence"
1202.50936867254,1178.3996521986,521.594036981606,-2718.78225634389,-3164.57943489009,-1593.14694189191,0,1169.68940456084,"Canada.Ivujivik.TP12","presence"
188.208015178394,660.476713683791,325.546901328197,-2046.20212068081,-1678.15547416951,-1268.96509852543,0,486.385800922864,"nonveg_693","absence"
2533.50018305628,3693.23377825446,2283.86699282001,-5628.20926626865,-6556.85831514084,-5230.17404524352,0,2345.55028599696,"USA.NorthSlope.Ivotuk3","presence"
3253.41998168507,3377.52741220005,1522.56360138377,-5507.73268882895,-6203.95223872883,-3990.28708308884,0,2130.58125513158,"Russia.Tiksi.GraminoidTundra","presence"
2415.21167612977,2605.62116820843,1769.04901870591,-5814.73183923566,-6773.06808064318,-4690.56543228555,0,2184.08157585616,"Canada.PayneLake.TDA3","presence"
4185.92362266545,4564.41925362255,2450.28414554871,-6273.54854648031,-7564.98854137245,-6103.68086590803,1,2161.19369690759,"Finland.Kevo.14","presence"
490.422816221713,629.417165372454,384.022570401258,-2256.67971966315,-2560.39852183886,-1228.85942251879,0,645.594824214197,"nonveg_861","absence"
2969.80044823928,3288.99435030242,2502.42349424527,-6067.50929593122,-6844.87435126562,-4848.50504077506,1,1447.15232854223,"Canada.LeRoyLake.TDA6","presence"
2089.86291454453,2676.30688375379,1843.04453518675,-5401.03124620604,-5550.0335692546,-4873.7325527822,0,1325.21944289258,"USA.YukonKuskokwimDelta.15B5","presence"
353.758857735309,655.525742963819,361.159856618054,-2335.4235902538,-2234.74073495759,-1881.72248510291,0,301.76688522851,"nonveg_583","absence"
2345.8297208506,2206.44218172765,1592.13743683971,-4797.11151538089,-5119.9348767318,-3216.99089794161,0,1495.59519232307,"Canada.PayneLake.TD0","presence"
2768.74922604486,3318.51104959362,1919.6600829421,-5798.78942051983,-7122.08247342236,-4998.44947773441,1,1724.93361125314,"Sweden.Abisko.NF-BirchShrub","presence"
1068.05739161579,1953.6859927461,271.732157660923,-3978.18621903214,-4514.45389799324,4486.25661156754,0,1710.90374844104,"nonveg_1813","absence"
-615.502433663282,-692.417519303796,-623.933145073312,-436.093516107713,4.65259219289089,138.643021359006,0,1264.81611769048,"nonveg_592","absence"
2429.41023535404,2970.63817793104,1517.02954973998,-6147.2111460009,-6211.26199484508,-5007.85539017589,0,1387.44890223684,"Finland.Javrresduottar.A-Sedge","presence"
1399.40224934083,2351.33692496984,970.556311153181,-4822.94953525285,-5032.8568341147,-3964.59056393403,0,1266.31812415286,"Canada.BanksIsland.GreenCabin-C11","presence"
2660.82404413096,4060.48888586676,1589.34868766876,-5931.33707016006,-7806.34730486141,-4438.27264868699,1,3115.7250570574,"Finland.Kilpisjarvi.17","presence"
773.682198774637,1166.61889728268,1332.54787268082,-3311.37578541076,-3412.14826803149,-1987.74534252653,0,824.463519894285,"nonveg_632","absence"
2066.58111287705,-1131.46890932599,-196.819799669107,-339.629305057723,-2099.05565999748,-942.685069339376,0,3198.05002220304,"nonveg_637","absence"
2216.08583848957,2156.26206888136,1473.89960727424,-4466.09189107191,-4906.56543481035,-2363.2172334545,0,753.656592496666,"Canada.PrincePatrickIsland.MouldBay-C06","presence"
1899.80593652828,2953.31881031019,1903.13037308975,-5904.33171405367,-5664.36865572129,-4788.45400975333,0,1318.99513694186,"USA.NorthSlope.12","presence"
2029.95572509319,3469.2126336452,1960.58425183719,-5961.3346814656,-6049.6029429007,-5141.36824727287,0,1669.13704241127,"USA.NorthSlope.10","presence"
343.445994667027,724.142398667641,672.252338312244,-2089.42569082283,-1348.62110643763,-1115.35385225186,0,1035.30477016144,"nonveg_688","absence"
2393.219003168,3335.26275537568,1763.73369741387,-5574.44698690021,-5746.34500376297,-5009.443724217,0,1958.97222199643,"USA.NorthSlope.Sagwon-C18","presence"
-17.5997458864802,-319.171714983428,-596.480699955774,1180.85507350716,396.508692509995,-356.73586894652,0,1595.38416509206,"nonveg_1145","absence"
-105.172684374625,611.69032216194,-17.8978966867465,-2306.73761826862,-1587.19740543366,-824.190914213281,0,1176.4601360079,"nonveg_869","absence"
328.311553854454,843.434199738431,-353.243211112457,-1106.63471267972,-1526.80660936561,-828.439663932008,0,1196.67741085089,"nonveg_923","absence"
3166.09159606623,3554.06673631097,2186.7126633367,-5897.40745022464,-5926.2446555238,-4148.64120532547,0,1963.71634319267,"Russia.Yamal.VaskinyDachi-2","presence"
1828.5646147242,2133.61281057839,1512.9933852011,-4875.44332021617,-5343.21859452671,-3783.38362017564,0,2252.52296459128,"USA.NorthSlope.15","presence"
547.404232591608,950.401316928254,-410.417210683287,-714.358603120107,-997.406247365113,-525.457984980682,0,1749.40822466051,"nonveg_1234","absence"
249.619903883935,78.6192251560813,-126.697879856326,5875.971448204,3191.42866622779,2422.06282873675,0,577.125528604574,"nonveg_1736","absence"
3296.98238568692,3752.45690444928,2101.12882348755,-5712.25380679338,-6444.64207225424,-4413.72869424544,0,1723.96116710626,"USA.YukonKuskokwimDelta.3","presence"
2474.12270859205,3232.21698916515,1542.84361336921,-5664.43038707363,-6106.86192263641,-4251.50616350079,0,1886.84304764066,"Finland.Javrresduottar.EC-Salix","presence"
547.404232591608,950.401316928254,-410.417210683287,-714.358603120107,-997.406247365113,-525.457984980682,0,1749.40822466051,"nonveg_1234","absence"
384.341116782073,784.631741863048,155.170535573169,-476.957042424464,-690.744907985395,84.1911629261517,0,665.737495913688,"nonveg_875","absence"
674.396207895269,517.536640802906,623.171833547046,-173.830385777566,-1996.11746477045,-34.2150217629476,0,1322.06939755062,"nonveg_670","absence"
2144.82120800187,3037.73028751876,1152.00814258028,-5010.18723035661,-5965.52143358337,-3348.54112085179,0,1660.61563612284,"USA.NorthSlope.14","presence"
2360.54734354872,2204.49284408564,2036.68868626505,-5414.34504925927,-5905.65609185192,-4228.00652047053,0,1095.19139586548,"Canada.ChukotkaRiver.TH4","presence"
2508.35752710137,3207.18188713477,1803.62115562326,-5068.03369438658,-5971.5392979795,-4862.28926917,0,2083.37005079939,"Russia.Tazovsky.Burned12","presence"
245.176502290007,-525.24939234281,-569.925660705,9182.16530261964,5608.72656060345,4307.4879543451,0,815.102162995006,"nonveg_1344","absence"
1998.1214938488,2183.21701709574,1219.61145414223,-4251.56050005224,-4323.81004912307,-3686.19855935529,0,1341.87228131321,"Russia.Tiksi.LichenTundra","presence"
674.396207895269,517.536640802906,623.171833547046,-173.830385777566,-1996.11746477045,-34.2150217629476,0,1322.06939755062,"nonveg_670","absence"
3301.33346051425,4337.26548063559,2294.85644638779,-6802.5149824249,-7644.36053948555,-4823.26647246777,0,2644.97185654531,"USA.Kougaork.TallShrub","presence"
764.175063711738,226.813260197799,227.871989430461,-966.848952779885,-1594.03350476615,-938.716092019588,0,537.361803513939,"nonveg_936","absence"
1626.90299571072,2033.29626785987,2211.17175772182,-4838.90082907102,-5108.37682997133,-3022.10596945333,0,1588.46666610478,"USA.NorthSlope.9","presence"
2900.49197307076,3221.57101461799,2604.00277763838,-5368.04372611223,-6699.70405263594,-5030.75785578788,1,1202.35114344266,"USA.InteriorAlaska.20","presence"
1236.44995376941,3163.82469067927,1154.71133206635,-4299.1195737724,-6569.21127608062,-1234.77524725654,0,3826.38162034765,"Canada.KluaneLake.Quill-ShrubTundra","presence"
2367.55521930058,3500.68197917828,2311.73182732387,-6147.36824180206,-6241.81495287422,-5152.81678528349,0,1912.51050960469,"USA.NorthSlope.HappyValley-C20","presence"
458.482740637837,1145.7544771814,301.023312816917,-1857.7312305717,-1875.57518250907,-1831.78790984303,0,844.731164364487,"nonveg_1261","absence"
240.124272863577,141.036067658335,-70.9385039514279,-1073.96996154136,-1037.39778525103,-410.205029622528,0,327.559572684911,"nonveg_761","absence"
2471.20923607896,2828.87541025576,1952.9169382023,-5293.38470142054,-6071.34662551704,-3471.68395442139,0,1771.67728928145,"Canada.CoutureLake.TDO4","presence"
2146.127045184,2506.8088461257,1568.6445657067,-4915.26811674564,-4798.30133335044,-3334.16538079558,0,1245.64666743543,"Canada.BonifaceRiver.LSA2","presence"
275.50051249738,808.119205766576,143.418324672575,-2145.49094910626,-1335.08303197046,-1060.70333476226,0,829.976177780106,"nonveg_941","absence"
458.482740637837,1145.7544771814,301.023312816917,-1857.7312305717,-1875.57518250907,-1831.78790984303,0,844.731164364487,"nonveg_1261","absence"
1713.87638281356,2382.53588917583,1582.12255857833,-4471.6367515246,-4841.3508189632,-3189.95271460133,1,1365.43149159474,"Canada.LeRoyLake.TD4","presence"
1405.4083944512,1415.59748834877,803.941697133228,-2728.75035157656,-3130.66327139139,-1701.04779123995,0,2321.86063558801,"Canada.PrincePatrickIsland.MouldBay-C03","presence"
747.957682538028,451.782673928501,160.193683740487,-1983.83123417021,-2609.48114783635,-1821.03279681621,0,587.763998797541,"nonveg_576","absence"
2631.42499515056,2941.28679380289,1972.79293247355,-5443.89634321411,-6108.06655113059,-3689.73151853275,0,1095.83039762742,"Canada.PayneLake.TDA2","presence"
-99.4841676613044,809.084409982909,416.149651770195,-2169.85021013471,-1920.43476476632,-448.28872583661,0,908.568577644214,"nonveg_560","absence"
2546.61402768465,3581.30585871216,2073.16948426479,-5327.73483479388,-6376.65669252823,-4884.67331337125,0,1958.12788585808,"USA.NorthSlope.Oumalik2","presence"
2977.94495038236,3392.52342184805,2525.35427801667,-5413.59329515915,-6044.64452391859,-4770.12477837032,0,2031.81385224716,"USA.YukonKuskokwimDelta.UB7","presence"
14.7959211992475,362.015166495573,437.61316165779,-1644.06489441063,-2109.96271239172,-123.427661907329,0,422.817240458542,"nonveg_946","absence"
2216.08583848957,2156.26206888136,1473.89960727424,-4466.09189107191,-4906.56543481035,-2363.2172334545,0,753.656592496666,"Canada.PrincePatrickIsland.MouldBay-C06","presence"
3730.40387276724,4970.49536510949,2499.14603939575,-6800.17125226736,-7375.7267734509,-4264.75119475026,0,2849.80823595015,"Canada.ClearwaterLake.AB1","presence"
1971.39772924376,2242.79593689209,1350.74905503663,-4909.64611556653,-4946.61527241734,-2901.67866536262,0,743.781625797983,"Russia.Yamal.OstrovBelyy-2","presence"
336.203651234067,-373.430982796652,-841.54211497855,-197.678361710188,-1302.26991510363,-391.294759189294,0,1177.74576621262,"nonveg_558","absence"
2196.10102184144,2607.78783133536,1561.71404494431,-6224.53181915551,-5989.99745861118,-4697.48231382467,0,2461.94060316049,"Finland.Javrresduottar.A-Hummock","presence"
2426.60704207679,3584.18992989108,1725.44006294704,-6021.35375457963,-6758.78636617214,-4519.74458329633,0,1901.82425590166,"USA.SewardPeninsula.19","presence"
2797.75878934461,3617.81236458781,2150.73703500323,-6091.56841917318,-6444.28067882524,-4656.47162864171,0,2170.04023458927,"USA.SewardPeninsula.QuartzCreek3","presence"
2066.58111287705,-1131.46890932599,-196.819799669107,-339.629305057723,-2099.05565999748,-942.685069339376,0,3198.05002220304,"nonveg_637","absence"
1531.41692373866,2499.01677776676,1518.22407336828,-3882.83522203482,-6007.56135957438,-3588.89933199222,0,1625.32277092922,"Canada.KluaneLake.Gladstone-MixedTundra","presence"
773.682198774637,1166.61889728268,1332.54787268082,-3311.37578541076,-3412.14826803149,-1987.74534252653,0,824.463519894285,"nonveg_632","absence"
3166.09159606623,3554.06673631097,2186.7126633367,-5897.40745022464,-5926.2446555238,-4148.64120532547,0,1963.71634319267,"Russia.Yamal.VaskinyDachi-2","presence"
3242.79841956721,3549.44998987566,1923.38669556633,-5649.89737057949,-6874.85925615293,-3402.0962992515,0,2072.8518777968,"Canada.DeceptionBay.BEGL3","presence"
2429.41023535404,2970.63817793104,1517.02954973998,-6147.2111460009,-6211.26199484508,-5007.85539017589,0,1387.44890223684,"Finland.Javrresduottar.A-Sedge","presence"
2477.96204306625,3084.77493059236,1550.59856071519,-5630.26920134229,-6135.64182863828,-4207.85905139189,0,1440.62794274391,"Finland.Javrresduottar.EC-Sphagnum","presence"
2527.69732076428,3503.92992917925,2374.20727613506,-5842.78717717546,-6309.06681563339,-4853.37011788932,0,1562.37146039894,"USA.NorthSlope.HappyValley-C19","presence"
591.599110023339,-177.023721610876,839.335710080275,-2804.69476676802,-2905.7055924224,-2323.75328230016,0,1255.23114752066,"nonveg_561","absence"
-181.148680599374,709.12901218857,814.618253637656,-1978.66090712474,-1886.38041806674,-624.835213833069,0,995.76693423703,"nonveg_681","absence"
143.356327117199,-58.3364505307036,-262.217278900561,-636.577040157386,-1424.63194595293,407.47124729529,0,405.573606017759,"nonveg_842","absence"
1626.90299571072,2033.29626785987,2211.17175772182,-4838.90082907102,-5108.37682997133,-3022.10596945333,0,1588.46666610478,"USA.NorthSlope.9","presence"
398.880182720396,370.120288192607,544.905212029119,-3398.50803393633,-2848.83002117579,-2705.35486219047,0,373.28834502471,"nonveg_985","absence"
963.532981264125,335.957232236138,1073.43420083085,-937.44901150306,-1099.51299135056,-702.366099750865,0,869.005646265188,"nonveg_700","absence"
2297.05101409658,2758.01840693683,1105.54264035203,-5566.4972947035,-5641.17786676986,-4433.99900782169,0,2433.76326617639,"Finland.Javrresduottar.EC-Betula","presence"
3002.00853586577,3527.69666704204,2321.27979377089,-6146.97579617866,-6525.76921633364,-5060.38983099145,0,1128.16284284625,"Russia.Kytalyk.T2","presence"
773.490930795429,360.503185685855,420.171669429263,-1385.52535636503,-1869.56939399685,-1714.66497512596,0,412.987745109574,"nonveg_894","absence"
2343.50585348418,2694.97218236053,1831.55500958255,-5334.18787786497,-5802.71882509347,-4440.78579293904,0,605.151409152677,"Canada.ChukotkaRiver.TH1","presence"
860.827947582625,1059.90934297264,1212.79868625313,-2191.37151374813,-2141.34087708079,-1453.29925848482,0,351.970738670504,"nonveg_863","absence"
