"spectral_NDVI_endSnowfree","spectral_NDVI_startSnowfree","spectral_NDWI_endSnowfree","spectral_green_earlySummer","trees_presence","spectral_EVI2b_annualMedian","spectral_EVI2b_annualRange","spectral_EVI2b_changeSSES","site_code","presence_absence"
982.957053141295,-140.44736478825,-1993.87182250792,1373.44553982622,0,378.608401920878,1187.64549310068,29.9361618340827,"nonveg_941","absence"
772.829001725874,202.221024295339,-3033.32915953977,1512.44547512044,0,281.49619685919,1199.8558811605,40.8259343626038,"nonveg_954","absence"
4075.8290264968,3142.83849004883,-4978.06514033362,838.423111615102,0,3451.2468571434,2360.08710124844,60.2167046540209,"USA.InteriorAlaska.BROWNSCREEK","presence"
354.670322535747,123.782833890802,-907.125510269183,1117.2042054326,0,95.9274567911246,1314.14676457864,-11.1863784944505,"nonveg_1469","absence"
1589.40364606265,1485.93360976979,-1635.71797437118,1724.60116221122,0,1015.34998582903,368.420393605546,-7.73359724925568,"nonveg_543","absence"
1990.00570606713,1184.49294149688,-1566.06587758256,1586.1029132526,0,903.347465813656,544.348005972384,6.06964695102207,"nonveg_540","absence"
5458.83145734003,5298.07534835404,-5389.01120313923,162.453057043371,0,1354.77136073384,1559.51782912057,-22.1725081815102,"nonveg_1607","absence"
1930.14547525261,-223.532074425747,-863.182168197862,1778.29179318142,0,601.337815420196,2515.05270567258,18.3065014453048,"nonveg_602","absence"
4808.52832613288,2541.35576232052,-6336.15115577838,740.828932161717,0,2574.49158192523,3269.54422990233,33.1531930965463,"Russia.Tiksi.WetFen","absence"
2424.64493997877,1872.99348205553,5419.0390789684,296.418954409484,0,295.726003925924,1111.09189410638,7.16286631679247,"nonveg_1880","absence"
2981.19576204184,1909.23104124997,-2912.16606737224,1058.34613677159,0,1562.37072782752,848.653437750502,4.74560705823245,"Russia.Tiksi.BareSoil","absence"
4132.57636021427,-413.859601591125,-3687.87528873264,1496.85016828604,0,210.249431399657,7625.97203381105,-200.683474573975,"nonveg_1353","absence"
1052.605916572,-88.5977510148656,-1637.5825381407,1244.2370997811,0,512.000445039447,808.455489892422,29.9427959219415,"nonveg_984","absence"
-728.261914644269,-129.166951435636,5551.65483209724,438.875453562904,0,219.775770074987,1099.52173065539,43.9808692262157,"nonveg_1736","absence"
1189.51070034423,649.93797581921,-1892.6810122967,1558.35351125295,0,535.638675449707,790.558991544344,9.04914346767049,"nonveg_935","absence"
3330.5612134053,1949.18978265204,-3442.27353387744,901.982244164746,0,1414.02835372964,3491.60655179806,47.1426285616223,"Canada.KluaneLake.Gladstone-MixedTundra","presence"
2376.50584670416,1719.88412972175,-1285.76791050401,941.864873586472,0,1106.83690572301,371.85268408214,8.97482490024802,"nonveg_745","absence"
1385.64284149213,448.411623300801,-1314.67103180443,1980.22087318531,0,695.856730864999,623.890434002269,4.26572639294841,"nonveg_861","absence"
283.716502422362,-308.162892815312,-1394.69142818249,1374.78664256168,0,75.0141507409531,836.888579965584,27.8962859988528,"nonveg_572","absence"
4916.47067200311,3530.78318105393,-5189.05838205697,782.374186131369,0,2637.78112218194,1270.04497877569,10.0536674727115,"Canada.PayneLake.TD2","presence"
1273.36523768539,586.375854898846,-753.310897655434,1596.01195898615,0,353.012626167538,891.817346878259,5.2835359237787,"nonveg_956","absence"
1544.82790763282,533.537710112643,-1476.96619849913,970.766159635316,0,520.561913391969,714.293313992698,1.95245242040018,"Canada.Ivujivik.RTP13","presence"
214.963431071887,482.047513940506,-2296.9947237621,2133.49092433041,0,540.540081602998,570.814463055758,8.24749274219559,"nonveg_916","absence"
5675.9353550916,4552.83878489944,-5940.59496732521,615.366462445485,0,3584.68958575981,1392.2052104113,38.6723669558695,"Sweden.Abisko.NF-DryHeath","presence"
5286.24531385474,3385.32353283096,-5584.93392307378,751.243534116517,0,2672.40483296037,1812.43360191309,35.8052336240206,"Canada.PayneLake.TDA2","presence"
3440.62505175319,1135.8025886434,-4313.85450562527,912.660349895343,0,1350.19628547233,2003.95987789279,32.7607505291247,"USA.NorthSlope.WestDock-C14","presence"
3392.27720233432,2558.84970873299,-4441.01454625635,714.527617404399,0,958.143483390686,232.639151381715,3.74326359792742,"Canada.ChukotkaRiver.TPO5","presence"
4009.32717403193,2431.17652123887,-3459.91899324544,770.439004619315,0,1502.22003771398,1513.86426637015,31.9611581416661,"Finland.Kevo.3","presence"
1237.17271161853,470.134733501941,-1417.31744181399,615.713980194772,0,389.580355794521,1110.00203637248,-29.2323309515371,"nonveg_659","absence"
4032.32969563705,3764.31724085399,-6423.37367351101,808.960621390103,0,3358.9322828935,3619.19303535628,38.7298016089679,"USA.YukonKuskokwimDelta.B","presence"
4501.47744969024,3516.98484676382,-5314.38839559609,726.897869336408,0,3059.3309803045,1692.35774663102,28.1817483675361,"USA.SewardPeninsula.18","presence"
3081.62080011838,1807.38185033888,-3136.42812329882,1555.53770249397,0,153.104730373461,810.547937919662,16.8864153733263,"nonveg_730","absence"
5167.78313252561,3486.35749301875,-5310.60533367156,746.922164015468,0,2608.84474424698,1056.55930622532,-0.0166915587404262,"Finland.Kilpisjarvi.18","presence"
4150.53261747896,3629.90490421991,-5781.041457997,811.121383328258,0,2826.29522324919,1560.19234922515,17.9620628652988,"USA.YukonKuskokwimDelta.U","presence"
1025.86611454158,-51.4013325821925,-1334.7810337081,2174.37269796028,0,406.326696724574,555.808400517822,-8.94214471781982,"nonveg_1473","absence"
5498.7140939928,4508.32482927422,-5568.48669841193,645.907241535693,0,2933.35441167478,1305.04529979663,13.0756234340669,"Sweden.Abisko.NT-BirchShrub","presence"
2563.22850849642,548.815814771341,-1884.05151958236,1213.85531752541,0,703.859377403903,1566.9875952264,62.0170128533411,"nonveg_719","absence"
5675.9353550916,4552.83878489944,-5940.59496732521,615.366462445485,0,3584.68958575981,1392.2052104113,38.6723669558695,"Sweden.Abisko.NF-DryHeath","presence"
431.825557117451,238.879487424688,-470.391885556174,1188.00358422975,0,108.800198749689,1811.89233724524,-73.638942209164,"nonveg_670","absence"
-728.261914644269,-129.166951435636,5551.65483209724,438.875453562904,0,219.775770074987,1099.52173065539,43.9808692262157,"nonveg_1736","absence"
793.645710616558,1109.64384254942,-1798.96926370017,1206.13238029647,0,629.838816784268,854.560245328982,-11.5922750515805,"nonveg_869","absence"
3702.49695274265,3084.86893404818,-5007.61286392682,839.298565912624,0,2590.44257899292,1071.04791333563,6.87601450504698,"USA.NorthSlope.11","presence"
3081.62080011838,1807.38185033888,-3136.42812329882,1555.53770249397,0,153.104730373461,810.547937919662,16.8864153733263,"nonveg_730","absence"
7463.25050865413,5612.18105822217,-6977.84734376612,560.25246562828,1,4075.5227220122,2820.37551076912,49.8227959472989,"Finland.Kevo.4","presence"
1385.64284149213,448.411623300801,-1314.67103180443,1980.22087318531,0,695.856730864999,623.890434002269,4.26572639294841,"nonveg_861","absence"
645.918609523707,739.017787622415,-1576.48589269194,2154.46672064049,0,493.983339495739,661.464833738029,24.8965290143111,"nonveg_876","absence"
4702.36495132464,3189.39468446924,-4827.5012107149,713.777084819234,0,2425.07571607841,1094.96340914939,15.3301934866609,"Russia.Yamal.VaskinyDachi-3","presence"
1147.53395886851,1358.83424480678,-1385.56523575037,1008.36967827423,0,250.570372834755,1053.50939213856,-49.1948007612204,"nonveg_535","absence"
3957.44616860154,3315.19530863083,-4699.65131718971,672.484964903488,0,2049.90657617752,1306.10093640926,11.5686667749621,"Canada.LeRoyLake.TD4","presence"
5514.34767965147,4507.26985297661,-6016.43184716234,368.551441209257,0,2872.04023423739,1857.20328191442,-15.0335157954875,"Finland.Javrresduottar.A-Sphagnum","absence"
1441.81141835512,1105.83119766551,-2891.28873622414,1175.9011637661,0,792.91280435232,473.226595917885,0.0963972098319404,"Canada.EllefRingnesIsland.Isachsen-C02","absence"
5558.4250051503,4487.71987155797,-6139.16451537145,629.39937563796,0,3647.76785178569,1956.79162060068,21.4132468614668,"Sweden.Abisko.NT-SparseVeg","presence"
-921.656368214507,-1377.92739577023,9113.24216254511,988.25406781084,0,116.780175828049,969.211954504586,17.622035536447,"nonveg_1344","absence"
4871.05512059645,3020.77444103911,-5203.28109320917,860.784078777407,0,2965.43616793433,2075.21472583691,23.7837592939429,"Canada.BonifaceRiver.LSA6","presence"
1958.43240539102,1193.82519807482,10000,500.121568640859,0,112.414461154004,1712.3858499712,8.43515121627063,"nonveg_991","absence"
5501.08406096107,4088.26196613046,-6299.73511583422,657.156425657522,0,2943.8936215401,2343.29639866025,56.7250742065867,"Finland.Javrresduottar.A-Sedge","absence"
1052.605916572,-88.5977510148656,-1637.5825381407,1244.2370997811,0,512.000445039447,808.455489892422,29.9427959219415,"nonveg_984","absence"
5713.53067937077,3420.285889233,-5430.61368843113,505.69795380266,0,3158.20343902527,1308.58543162109,9.08448281558475,"Finland.Javrresduottar.EC-Sphagnum","presence"
6177.43478079276,3976.72207797579,-6313.60377287185,744.763780695905,0,3919.0937376979,2958.79758483998,95.4450833819349,"USA.Kougaork.TallShrub","presence"
3256.75368158565,2621.88668502665,-5115.29918237568,702.264418020438,1,2174.94033776998,3281.70181262482,22.0147808904126,"USA.InteriorAlaska.23","presence"
5965.15267522081,4993.8133350436,-6530.94199470167,560.414425907062,1,3333.21966476193,2719.23497238018,44.2590155965143,"USA.InteriorAlaska.21","presence"
2295.54329326965,1986.15692140099,-1195.22288009065,1732.87792860946,0,1256.53116619759,870.385400096035,4.49169480424544,"nonveg_863","absence"
1569.20688216603,275.065792901099,-901.29791365899,1674.35732145492,0,750.412593015456,800.72771476845,2.26893280306003,"nonveg_809","absence"
1639.95832174781,1480.31075028541,-1128.87834897525,938.006793526095,0,1773.565703656,1104.18781835562,-15.5226610080506,"nonveg_647","absence"
1441.81141835512,1105.83119766551,-2891.28873622414,1175.9011637661,0,792.91280435232,473.226595917885,0.0963972098319404,"Canada.EllefRingnesIsland.Isachsen-C02","absence"
5162.11891795507,4702.92761870355,-5752.67695228455,495.965157715622,1,3443.47039625428,2175.5051547595,37.0289987486009,"USA.InteriorAlaska.2","presence"
4860.63730146812,4330.1841940082,-5812.11722649713,763.107328911549,1,2945.09154131187,2334.18339640879,37.5062299559355,"Canada.Yukon.SOUTHSTONEBOY","presence"
5264.45813673212,3191.77843523806,-5578.95436114442,755.249106257042,0,2883.09384672938,1902.57940403862,32.1668025855911,"Russia.Tiksi.DryFen","presence"
4758.72922176684,3430.25829492002,-5240.1570855333,652.26092939178,0,2462.42081686769,2057.24470912582,73.4730253259221,"USA.NorthSlope.10","presence"
3308.43178369331,2110.46165066559,-5083.94890775931,840.873462374782,0,1903.56693060921,1716.59082681683,22.186268601942,"Russia.Tiksi.LichenTundra","presence"
4572.53586539943,3543.29706718996,-5856.02073006913,769.10638445945,0,2687.70063673622,2137.68958184189,49.1841151864129,"Russia.Yamal.Kharasavey-1","presence"
5525.70295337914,2969.65943225068,-5398.2393293773,661.076801613843,0,2152.83019178751,1978.07866845698,30.1441005882604,"Russia.Kytalyk.T3","presence"
3611.19937886837,2529.59861630041,-4020.88704531064,820.682615025709,1,1693.20766728187,1073.12577550763,6.75823141586536,"Canada.ClearwaterLake.LS1","presence"
5451.44293212241,3873.93295111777,-5025.02798254829,867.030793843425,0,3102.27048611991,1330.96808083015,34.4387938826179,"Finland.Kevo.8","presence"
4578.09876380674,3976.63084051871,-5730.86498896058,731.781627552053,0,3207.33117032494,1999.87918795146,27.9959451028136,"USA.InteriorAlaska.FRYINGPAN","absence"
7268.74666099476,5340.54311232779,-6472.50320966105,526.006406634597,1,3367.63581400452,2064.86778677673,46.3783060881168,"Finland.Kevo.7","presence"
1204.84059092413,970.916894125575,-1452.75706327078,2599.13839157985,0,780.610391315967,628.599360522815,-0.0433330888522175,"nonveg_643","absence"
5566.93149170571,3515.61906500363,-6346.0062361854,677.577468233915,0,3773.16649914455,2904.14864904241,39.6936297597433,"USA.YukonKuskokwimDelta.15B6","presence"
5749.13955225223,4394.80745984455,-6627.35222052176,573.887324376219,1,3622.58893826606,3302.09147101096,50.4226642121966,"Canada.BonifaceRiver.AB8","presence"
82.0524238949046,-599.95160135205,-908.535590297881,1219.66097439463,0,4.64846573718214,1102.84408891115,7.91282914697915,"nonveg_703","absence"
722.844979973734,-902.478234546467,-2598.13717531811,807.072181267696,0,345.5638700424,2330.45166047222,50.2163013022959,"nonveg_666","absence"
-59.7008677270329,12.5590284437971,-1405.52702387874,1075.1278861105,0,-83.1501062017513,238.354551054738,0.675901969295587,"nonveg_582","absence"
5649.56913456104,3866.60397546655,-5669.88290313354,632.659008031862,1,3341.76816990938,1661.73827812958,24.5064220892971,"Canada.BonifaceRiver.AB2","presence"
4632.89999368409,3161.99387302517,-5547.73509806941,638.112645472409,0,4134.09087525709,3183.41226500149,61.3208260186611,"USA.InteriorAlaska.BABBAGE","presence"
1296.65862424584,1197.20375091204,-1193.92841251261,1987.43977193108,0,922.597102296046,655.872411867414,-21.1226846035315,"nonveg_894","absence"
1398.94301308522,1697.94613002635,-2601.69319220541,1398.41805610457,0,767.626446436869,783.600672632762,5.8347888766296,"nonveg_561","absence"
1239.26342955857,781.668415627441,-1822.4985579382,1868.33279775076,0,811.43203358851,852.42734352482,34.0970937409928,"nonveg_926","absence"
4632.89999368409,3161.99387302517,-5547.73509806941,638.112645472409,0,4134.09087525709,3183.41226500149,61.3208260186611,"USA.InteriorAlaska.BABBAGE","presence"
924.330084922139,244.035431128577,-1481.76677361579,223.866580899144,0,210.678234186358,1193.15636986915,9.66740826004776,"nonveg_1654","absence"
1102.08616421711,-965.311166899267,224.132214147786,1138.32467820987,0,190.426922565198,1141.88818611929,14.2303874223612,"nonveg_842","absence"
5173.21354868318,4158.0724970858,-6401.12233174727,519.999850704484,0,2436.79553661029,1874.63841509324,9.04454506888554,"Norway.Javrresduottar.EC-Sphagnum","absence"
4807.43226396299,3057.05731924579,-5447.63321639194,712.200442142691,0,2780.56284197259,2285.47776582325,28.8129824742064,"Canada.DeceptionBay.BEGL2","presence"
5582.46213189311,3629.23370936156,-6307.48685074417,612.655752843773,1,3142.59463307525,2849.27661813287,46.7515222687407,"Sweden.Abisko.VJ-SalixShrub","presence"
4123.32445443865,3916.70001659469,-5187.95612108153,781.208939674393,0,2569.80050431916,564.979494100306,16.0162620873102,"Canada.Yukon.UPPERPALDO","presence"
3308.43178369331,2110.46165066559,-5083.94890775931,840.873462374782,0,1903.56693060921,1716.59082681683,22.186268601942,"Russia.Tiksi.LichenTundra","presence"
829.431810421759,919.506692723956,-1611.27056499928,958.89304334936,0,497.014076212469,832.191454723304,5.79626591361447,"nonveg_714","absence"
106.13238776667,-444.738093085643,-256.590263855495,1385.72094368661,0,-20.3004223480141,10544.421168668,-430.85490544404,"nonveg_1477","absence"
4702.36495132464,3189.39468446924,-4827.5012107149,713.777084819234,0,2425.07571607841,1094.96340914939,15.3301934866609,"Russia.Yamal.VaskinyDachi-3","presence"
5579.0364603067,4295.52009547142,-6137.192968019,464.655760499329,0,2441.33048367297,1856.56030157486,25.0954331437673,"Norway.Javrresduottar.EC-Hummock","presence"
4110.83079762084,3012.20597032348,-5442.09016407775,808.540472543922,0,3189.83912555343,902.14792885686,11.6496337243796,"USA.InteriorAlaska.AMSUMMIT","presence"
4426.14063265724,3148.66477925536,-5647.71865016721,734.498700206137,0,3269.92622943133,2513.61122694372,44.5999770093534,"USA.InteriorAlaska.LOWERQUARRY","presence"
3788.08947751372,3038.92123750302,-4733.42997458559,694.188848458067,0,1764.14680786729,1203.01008546673,21.7872838094007,"USA.InteriorAlaska.AUFEIS","presence"
4885.03392423063,4434.039982038,-6128.76866045278,544.618283834939,1,2689.23482958857,2439.654478386,37.3056443446706,"USA.InteriorAlaska.4","presence"
-1691.82772901205,-881.644238321841,6817.65299467916,487.92433235813,0,196.43803549281,558.406210625846,12.7211842104482,"nonveg_1637","absence"
1357.90312085198,2070.76614550585,-1550.25140879694,989.264159050909,0,832.837266009154,957.38738784137,-45.257796375985,"nonveg_606","absence"
4938.28944979964,3556.87170219475,-5815.83961346009,708.691990411567,0,2580.02671627924,1068.06527869717,18.6553485654753,"Russia.Yamal.OstrovBelyy-1","presence"
985.276087476125,1905.74623775287,-1854.30994342869,2135.61448794084,0,1031.2188770583,873.327990670657,-15.8051001949323,"nonveg_902","absence"
5094.6096168475,3904.78742589339,-6157.2601373957,746.878920397,0,3307.935665471,3509.06062611684,29.0801396752522,"USA.InteriorAlaska.BLOWRIVER","presence"
2584.49130543953,1527.43407991583,-3082.69290076383,1082.78552385049,0,1389.87738611309,649.177690488229,11.7467837251805,"USA.NorthSlope.HoweIsland-C13","presence"
3285.09606642753,1473.88354226151,-3729.81104929411,818.436967666657,0,2260.1583278,3259.35943502681,47.8667150912401,"Canada.KluaneLake.Quill-ShrubTundra","presence"
5388.71457456138,4470.86179284251,-6843.37587573887,615.969074891609,0,2807.97502542792,826.888993724063,6.26466546785992,"Norway.Javrresduottar.A-Sedge","absence"
582.719064951535,-277.672169449415,-1016.68477922551,1297.4559767714,0,59.8515364344468,451.429515903515,2.01739665900452,"nonveg_806","absence"
1227.16153650115,672.619561688707,-458.875191706782,1851.04699082324,0,383.248597573394,747.884757707994,-6.47306622507075,"nonveg_994","absence"
3788.08947751372,3038.92123750302,-4733.42997458559,694.188848458067,0,1764.14680786729,1203.01008546673,21.7872838094007,"USA.InteriorAlaska.AUFEIS","presence"
4808.52832613288,2541.35576232052,-6336.15115577838,740.828932161717,0,2574.49158192523,3269.54422990233,33.1531930965463,"Russia.Tiksi.WetFen","absence"
2015.79929306142,1741.4125077644,-2217.5517673799,541.015303603227,0,1805.59766565637,771.126007180575,-25.9135132894606,"nonveg_706","absence"
2717.41890351212,1780.99704223744,-1774.81270790576,478.228802250962,0,1220.5110635693,718.225253694805,-3.17815165534633,"nonveg_701","absence"
1147.53395886851,1358.83424480678,-1385.56523575037,1008.36967827423,0,250.570372834755,1053.50939213856,-49.1948007612204,"nonveg_535","absence"
5163.66152423274,3924.50610925076,-5877.0966102197,580.736585217258,0,2693.40074779021,1859.90635545269,12.9346774617155,"Canada.LeRoyLake.TDA4","presence"
-1691.82772901205,-881.644238321841,6817.65299467916,487.92433235813,0,196.43803549281,558.406210625846,12.7211842104482,"nonveg_1637","absence"
518.700298517798,381.529557719523,-1304.07276273623,1048.67164973867,0,353.967008489478,574.071657478515,3.1315528401431,"nonveg_923","absence"
39.4280464304297,-711.114359581967,486.563887681427,1580.68992360247,0,-62.2461120619786,1939.54735372992,2.79914213140364,"nonveg_592","absence"
397.115764354959,-2369.02439371484,-1212.3305141662,994.529887518838,0,89.9941481553103,1763.49984127165,24.813854485957,"nonveg_1834","absence"
5547.63858276266,3355.75919807883,-5669.22591929039,772.714933890915,0,2928.78152278662,1586.8028848164,37.9167148755214,"Russia.Tiksi.GraminoidTundra","presence"
4647.26960199489,3602.31203551895,-6091.22406644919,695.654926596705,0,3324.65003564135,2073.88544974698,17.7373264843773,"Russia.Yamal.VaskinyDachi-1","presence"
1076.74235130893,-108.746312115717,-13.5041204391769,2771.15628529136,0,269.158126467378,10237.9743592751,-409.518974371003,"nonveg_1241","absence"
4507.23400246799,3334.77305488747,-5892.8410173907,578.384070436169,0,2654.03072261263,1889.99359598065,28.0661842608007,"Canada.DaringLake.MediumBirch","presence"
131.246829222708,-308.483221050473,-825.006627658429,2686.88325418606,0,-124.793818022252,535.631777985989,7.05848736525291,"nonveg_558","absence"
5939.35172782738,3865.61366353681,-6076.73673785457,662.587444709141,0,2980.49868675956,1688.53611720337,28.8772419912185,"Sweden.Abisko.VJ-DryHeath","presence"
5027.96871299774,3422.59182210359,-5186.23516918812,738.544560782476,0,2611.76334286674,1603.17990822602,48.5812093401823,"Russia.Yamal.Laborovaya-2","presence"
3788.08947751372,3038.92123750302,-4733.42997458559,694.188848458067,0,1764.14680786729,1203.01008546673,21.7872838094007,"USA.InteriorAlaska.AUFEIS","presence"
1276.48707658361,1296.8774558037,-1776.50394859481,1869.82736452791,0,762.508544861164,668.338493866656,4.65172002296701,"nonveg_940","absence"
3314.39388857126,3383.12993054751,-4064.16887687594,736.029904651591,0,1455.75928583038,430.3974047135,1.59212666561575,"nonveg_529","absence"
32.4073617973,-184.835327359344,-2027.87496764577,1276.48596699112,0,537.362854248422,1028.42028796598,27.0636917885783,"nonveg_729","absence"
6182.33496352376,4928.28090323639,-5379.68703583016,448.009123552239,1,1648.11823443178,931.076142569168,21.6762577611742,"USA.InteriorAlaska.1","presence"
-2097.6680543034,-2715.13323475294,3918.1482178685,210.197053448278,0,-161.196525784418,1444.15833127861,49.0360848778961,"nonveg_1854","absence"
1417.42216661398,204.283714347607,-887.599390701393,1923.38763926428,0,93.5962051658025,1609.50005850522,-17.987151493641,"nonveg_677","absence"
1671.61915543513,-301.091452570665,-1573.42285608902,1555.47211223274,0,1023.60883349133,1618.09972306342,38.0009523968573,"nonveg_880","absence"
4193.73624900587,3221.46654591381,-5428.81391224377,715.090058587844,0,2751.10317278159,2124.15629882686,18.7531857825139,"USA.YukonKuskokwimDelta.4","absence"
5595.56445239998,2705.21928484631,-6107.98479841252,883.584478705583,0,2700.19988818182,3247.17797387364,57.226967219808,"Sweden.Abisko.KJ-SalixShrub","presence"
4848.28088805399,4862.08079203272,-5379.2190194156,582.397348281226,1,3143.07594094436,2290.35188764431,29.5897016627017,"Russia.Tazovsky.Burned44","presence"
4939.36651998889,3493.12392833077,-4571.65562522567,702.862160192081,0,2168.72800319861,1208.12748154567,-13.8989010932442,"Finland.Kevo.12","presence"
5621.85692308919,3368.92248968726,-6020.66204866943,666.119208897612,1,2397.66109547005,1159.90657996433,9.75756384262466,"Finland.Kilpisjarvi.19","presence"
4210.14707127826,2761.40643585495,-4876.16144449475,748.343795983368,0,1319.10993083283,1954.63043995664,57.48913058696,"USA.NorthSlope.Atqasuk","absence"
106.13238776667,-444.738093085643,-256.590263855495,1385.72094368661,0,-20.3004223480141,10544.421168668,-430.85490544404,"nonveg_1477","absence"
4569.84904988553,3170.24625717489,-5503.01204860096,717.522364935371,0,1780.38879665985,1918.95727247188,28.8305343529192,"Canada.CoutureLake.TDO4","presence"
5232.59191548556,3593.05341308643,-5824.85012260568,787.329341732761,0,2677.30775960027,1119.15669893365,0.258092686505539,"Canada.DeceptionBay.BEGL1","presence"
131.246829222708,-308.483221050473,-825.006627658429,2686.88325418606,0,-124.793818022252,535.631777985989,7.05848736525291,"nonveg_558","absence"
2263.06333184313,1462.81908793726,-2831.94513983597,1181.70133039985,0,1165.62299915377,793.683877656975,11.6196057088136,"Canada.BanksIsland.GreenCabin-C08","presence"
214.963431071887,482.047513940506,-2296.9947237621,2133.49092433041,0,540.540081602998,570.814463055758,8.24749274219559,"nonveg_916","absence"
3804.19413135054,3347.06034830612,-5153.67003237498,547.928717448774,0,1917.92218945104,1110.36334388834,41.1245682921607,"Canada.ChukotkaRiver.TH5","presence"
5573.61793812479,3868.34967245462,-5924.87934950897,751.766712071357,1,3699.57111756256,1777.69873546053,22.7916328629856,"USA.YukonKuskokwimDelta.2","presence"
1948.62665872727,1243.38524292464,-2357.3390819363,971.925392294313,0,660.331870417003,518.476206894269,3.68674704833022,"Canada.Ivujivik.TP10","presence"
4578.09876380674,3976.63084051871,-5730.86498896058,731.781627552053,0,3207.33117032494,1999.87918795146,27.9959451028136,"USA.InteriorAlaska.FRYINGPAN","absence"
5170.7786600492,4445.20402687945,-5102.11847826444,536.484832653708,1,2547.66990439511,822.575853815295,5.51792035081487,"Russia.Kolyma.T1","presence"
4848.28088805399,4862.08079203272,-5379.2190194156,582.397348281226,1,3143.07594094436,2290.35188764431,29.5897016627017,"Russia.Tazovsky.Burned44","presence"
5595.56445239998,2705.21928484631,-6107.98479841252,883.584478705583,0,2700.19988818182,3247.17797387364,57.226967219808,"Sweden.Abisko.KJ-SalixShrub","presence"
4347.48758699699,3554.12527525113,-5836.61785154887,700.812428214041,0,2955.42107940561,2000.2905217482,31.3072782591151,"Russia.Yamal.Nadym-2-IH","presence"
4009.32717403193,2431.17652123887,-3459.91899324544,770.439004619315,0,1502.22003771398,1513.86426637015,31.9611581416661,"Finland.Kevo.3","presence"
4189.7271619252,2936.62559419706,-3935.60220406513,1179.82473144778,0,2708.53393100196,1281.10832198099,4.46053402436465,"Russia.Tazovsky.Unburned28","presence"
106.158680044867,-1353.96099372066,-335.700764669267,450.609524334371,0,-41.2088289104056,1648.26899982945,26.2161858472525,"nonveg_1547","absence"
1131.62522219403,611.532914879371,-1152.56357719655,1830.18021373433,0,629.125365491291,391.713133006712,15.9561815383567,"nonveg_955","absence"
1237.17271161853,470.134733501941,-1417.31744181399,615.713980194772,0,389.580355794521,1110.00203637248,-29.2323309515371,"nonveg_659","absence"
5388.71457456138,4470.86179284251,-6843.37587573887,615.969074891609,0,2807.97502542792,826.888993724063,6.26466546785992,"Norway.Javrresduottar.A-Sedge","absence"
1025.86611454158,-51.4013325821925,-1334.7810337081,2174.37269796028,0,406.326696724574,555.808400517822,-8.94214471781982,"nonveg_1473","absence"
3722.76089714972,2517.90308646088,-4881.24659652969,735.996194053695,0,2387.84158916659,1482.33013396473,42.6524645948675,"Canada.DaringLake.Tower1-SedgeTussock","presence"
1025.20901219584,527.054067121876,-1189.73172526192,2621.09604477485,0,401.498448612521,428.175119096911,13.6769763656261,"nonveg_733","absence"
4642.6842487046,3198.89439601826,-5168.49853712062,830.88770859848,0,2777.24464159395,1608.90057236751,31.1726442211121,"Russia.Tiksi.ShrubTundra","presence"
4337.54134622113,2468.73547804931,-5785.20128620818,827.488907353635,1,2313.48183407328,1389.28120388205,18.5234254507966,"Canada.DaringLake.Tower1-SedgeHollow","presence"
5249.48880730199,3567.08614679851,-5788.32229804792,734.403240996746,0,2305.37233883728,1365.89305639657,11.2326499505975,"Sweden.Abisko.NT-DryHeath","presence"
2872.10944096034,870.907259566112,-2714.36322590609,1039.8236744114,0,1084.81766214671,1236.92041719699,8.69785335678778,"USA.NorthSlope.HoweIsland-C12","absence"
3261.94939146811,2110.09101290016,-4441.91872936724,703.83935966059,0,1390.05738014701,892.585251033918,16.3966757181642,"Canada.BanksIsland.GreenCabin-C10","presence"
4702.36495132464,3189.39468446924,-4827.5012107149,713.777084819234,0,2425.07571607841,1094.96340914939,15.3301934866609,"Russia.Yamal.VaskinyDachi-3","presence"
208.942788794224,-674.931533132356,-1856.69003673341,1000.78129077193,0,0.439429696991681,1551.06592501915,-14.8871557221437,"nonveg_673","absence"
3835.53775929216,2847.90248610503,-4914.97248348099,794.81401947055,0,2602.24830189243,2495.26142584805,59.2717601986601,"USA.NorthSlope.Sagwon-C15","presence"
5939.35172782738,3865.61366353681,-6076.73673785457,662.587444709141,0,2980.49868675956,1688.53611720337,28.8772419912185,"Sweden.Abisko.VJ-DryHeath","presence"
5420.24775254006,3649.21165470516,-5781.07119092807,296.969598971666,0,1751.26788366119,1454.87022333131,15.088976630259,"Norway.Javrresduottar.EC-Salix","presence"
552.780270563294,1701.04288442137,-98.4352074328573,978.305985895599,0,453.901404791142,956.112863849556,-32.2317118706753,"nonveg_988","absence"
3726.19717034494,2262.77914206085,-4346.17123790663,739.507363078826,0,1613.76396023086,2146.7271235495,42.1054265320532,"USA.NorthSlope.FranklinBluffs-C17","absence"
-14.3750821853386,98.8993715789563,250.600563115724,952.969924271431,0,582.38383298955,1809.48057077716,-39.2113149402045,"nonveg_571","absence"
39.4280464304297,-711.114359581967,486.563887681427,1580.68992360247,0,-62.2461120619786,1939.54735372992,2.79914213140364,"nonveg_592","absence"
5675.9353550916,4552.83878489944,-5940.59496732521,615.366462445485,0,3584.68958575981,1392.2052104113,38.6723669558695,"Sweden.Abisko.NF-DryHeath","presence"
3686.50499017246,3387.29073230894,-5981.0987770787,760.03067456259,0,3036.18017384209,2102.47262896176,34.2957855327683,"Russia.Kolyma.OW1","presence"
5550.54407675593,3153.5273265605,-6056.99061679275,705.565701517771,1,3014.2837378106,2562.79720304906,30.2650595442432,"Canada.ClearwaterLake.LSA2","presence"
-48.0845762214244,205.526338137876,-909.462931656836,952.231385502864,0,154.054208384402,692.608171496415,-24.736006124872,"nonveg_1927","absence"
1254.27594559825,735.401065503642,-2265.8376861605,1348.18902660772,0,381.379387975968,294.376455328755,2.541032981875,"nonveg_899","absence"
4150.53261747896,3629.90490421991,-5781.041457997,811.121383328258,0,2826.29522324919,1560.19234922515,17.9620628652988,"USA.YukonKuskokwimDelta.U","presence"
4612.67139165043,2109.67462249836,-4423.3378361351,870.095967247814,0,2069.18723887985,1631.77042423379,25.7085993943209,"USA.NorthSlope.Deadhorse-C16","presence"
4702.36495132464,3189.39468446924,-4827.5012107149,713.777084819234,0,2425.07571607841,1094.96340914939,15.3301934866609,"Russia.Yamal.VaskinyDachi-3","presence"
2232.17738033922,1589.46853769991,-3738.11059713841,1245.14696698823,0,1475.01557913487,1502.39707524017,65.3216119669638,"nonveg_898","absence"
4704.29624131168,3269.23250830541,-5864.93120798793,523.517659581769,1,2586.79053515985,1926.0822280985,28.3005106371808,"Canada.DaringLake.Tower4-LowShrub-1","presence"
467.13485573118,273.14209645302,-1223.3230812707,1300.85881359449,0,233.588086714921,406.450783503711,3.78063697369093,"nonveg_973","absence"
1025.86611454158,-51.4013325821925,-1334.7810337081,2174.37269796028,0,406.326696724574,555.808400517822,-8.94214471781982,"nonveg_1473","absence"
106.608356862358,369.940197207856,-1238.39353661567,1894.66035361522,0,261.945739677716,428.140754814258,-2.90290161914667,"nonveg_1234","absence"
-728.261914644269,-129.166951435636,5551.65483209724,438.875453562904,0,219.775770074987,1099.52173065539,43.9808692262157,"nonveg_1736","absence"
4429.58571339467,3900.23572012033,-5849.08275902066,666.630270565477,0,2829.49680110006,2170.17129893838,70.0055257722058,"USA.NorthSlope.Sagwon-C19","presence"
4632.01327053918,3469.10578565703,-6025.15333401172,843.66284033431,0,2877.43104902613,1394.80169251607,10.2659095656831,"USA.YukonKuskokwimDelta.15B1","presence"
1544.82790763282,533.537710112643,-1476.96619849913,970.766159635316,0,520.561913391969,714.293313992698,1.95245242040018,"Canada.Ivujivik.RTP13","presence"
5451.44293212241,3873.93295111777,-5025.02798254829,867.030793843425,0,3102.27048611991,1330.96808083015,34.4387938826179,"Finland.Kevo.8","presence"
5342.39843857959,962.007493670575,-1417.38681868886,919.508886819362,0,256.609870835533,719.725027708895,11.8498005320172,"nonveg_547","absence"
4155.07173019723,3694.57488575446,-5564.19567239511,664.695301407795,0,2622.72676124759,1561.47935472043,44.3013291136716,"USA.Toolik.S2","presence"
5566.3751075402,4103.54497782976,-5698.99311288864,613.5620730818,0,2345.02482090922,1527.01642153869,23.3686296924911,"Canada.PayneLake.TDA3","presence"
1025.20901219584,527.054067121876,-1189.73172526192,2621.09604477485,0,401.498448612521,428.175119096911,13.6769763656261,"nonveg_733","absence"
4038.47950755967,2839.68456263155,-5075.03393934123,836.849348101859,0,2756.94794260426,1981.59226837948,29.4193519982366,"Canada.Yukon.SPRINGRIVER","presence"
2970.95785831084,3339.45424845851,-3755.12089214449,835.457528661894,0,1498.10652634089,2135.83989984345,51.8334633637169,"Canada.Yukon.WHEATEAR","presence"
5163.66152423274,3924.50610925076,-5877.0966102197,580.736585217258,0,2693.40074779021,1859.90635545269,12.9346774617155,"Canada.LeRoyLake.TDA4","presence"
5765.7742000294,4399.82293447585,-6698.09804776207,591.162719322168,0,3769.90396221324,2127.07316902241,39.0668496336871,"Norway.Javrresduottar.A-Betula","presence"
5550.54407675593,3153.5273265605,-6056.99061679275,705.565701517771,1,3014.2837378106,2562.79720304906,30.2650595442432,"Canada.ClearwaterLake.LSA2","presence"
4070.15459905714,1767.33068118566,-5682.12590520258,834.559540362781,0,2471.32404096865,2206.77884189641,52.9540327837907,"Russia.Yamal.Kharasavey-2b","presence"
4189.7271619252,2936.62559419706,-3935.60220406513,1179.82473144778,0,2708.53393100196,1281.10832198099,4.46053402436465,"Russia.Tazovsky.Unburned28","presence"
6017.66818505758,4830.91923071783,-6117.35491101451,661.997466680841,0,3886.31616919444,2109.80164568817,29.4015521987239,"Sweden.Abisko.NT-MesicHeath","presence"
2599.51462343931,1383.64662491756,-2514.78346116902,1039.41016369439,0,1476.69623537795,1092.45157181014,24.2744576838905,"Canada.Ivujivik.RTP12","presence"
5123.76637080974,4280.6689091425,-6143.1125699544,690.164297135491,0,3742.03709822186,2038.8324303456,24.6191007437513,"USA.YukonKuskokwimDelta.72B1","presence"
5906.40855163564,5023.45891663612,-5874.86812621665,670.919975910964,1,3169.25183068426,1867.05820417271,39.8910659317792,"USA.InteriorAlaska.20","presence"
5235.97533354211,4378.1686698718,-5487.46575217724,701.315067801765,0,2905.48354492079,1095.71269036985,36.5237563456617,"USA.NorthSlope.HappyValley-C20","presence"
1070.1275457361,463.808584781571,-1031.00438205071,1570.33171414535,0,484.766991915183,371.26574352223,16.1419888487926,"nonveg_768","absence"
4070.15459905714,1767.33068118566,-5682.12590520258,834.559540362781,0,2471.32404096865,2206.77884189641,52.9540327837907,"Russia.Yamal.Kharasavey-2b","presence"
1260.96142386841,22.8606508338376,-1350.38234546235,990.784947354256,0,320.50667699661,651.220239262391,-3.68040655110386,"nonveg_1037","absence"
2599.51462343931,1383.64662491756,-2514.78346116902,1039.41016369439,0,1476.69623537795,1092.45157181014,24.2744576838905,"Canada.Ivujivik.RTP12","presence"
5962.96985292235,4251.91857845097,-6337.25014790269,585.191990549801,1,3313.08701837407,2809.07210565347,45.461684017631,"Norway.Javrresduottar.A-Hummock","presence"
3045.42790766418,3168.68288276279,-4401.56145468334,837.467212021007,0,2282.30293415081,1824.47839296151,21.6794784868017,"Canada.KluaneLake.Ruby-MixedTundra","presence"
1227.16153650115,672.619561688707,-458.875191706782,1851.04699082324,0,383.248597573394,747.884757707994,-6.47306622507075,"nonveg_994","absence"
2113.67397806329,1146.8667237418,-2233.20865555139,1359.62725678569,0,745.305971156908,805.978597378608,7.06445584376719,"Canada.PrincePatrickIsland.MouldBay-C00","presence"
5750.13104393095,4597.25075236576,-6679.15169006571,626.913363108052,0,3390.95842474687,2219.31660928992,31.7064895956451,"Norway.Javrresduottar.A-Sphagnum","absence"
3409.69174571786,2609.56006924251,-4418.32150024534,721.059079334846,0,2081.64985315693,1910.25890388397,35.1743528179807,"USA.NorthSlope.FranklinBluffs-C16","presence"
-349.409957921469,-1036.54264006531,1352.46282223214,213.025231794182,0,-50.7792993432103,583.808990163429,9.46185892051229,"nonveg_1509","absence"
5506.30685176145,4786.29070648899,-5885.98405471399,537.762484663991,1,3193.25038253957,2095.56428074794,36.7820603458171,"USA.InteriorAlaska.5","presence"
5972.02001695264,2910.90005867104,-6104.44995392097,647.187698328519,0,3140.69404535927,2296.88052611642,36.2429604499051,"Canada.DeceptionBay.BEGL3","presence"
5550.54407675593,3153.5273265605,-6056.99061679275,705.565701517771,1,3014.2837378106,2562.79720304906,30.2650595442432,"Canada.ClearwaterLake.LSA2","presence"
-1691.82772901205,-881.644238321841,6817.65299467916,487.92433235813,0,196.43803549281,558.406210625846,12.7211842104482,"nonveg_1637","absence"
5420.24775254006,3649.21165470516,-5781.07119092807,296.969598971666,0,1751.26788366119,1454.87022333131,15.088976630259,"Norway.Javrresduottar.EC-Salix","presence"
4426.14063265724,3148.66477925536,-5647.71865016721,734.498700206137,0,3269.92622943133,2513.61122694372,44.5999770093534,"USA.InteriorAlaska.LOWERQUARRY","presence"
1131.62522219403,611.532914879371,-1152.56357719655,1830.18021373433,0,629.125365491291,391.713133006712,15.9561815383567,"nonveg_955","absence"
-728.261914644269,-129.166951435636,5551.65483209724,438.875453562904,0,219.775770074987,1099.52173065539,43.9808692262157,"nonveg_1736","absence"
5094.6096168475,3904.78742589339,-6157.2601373957,746.878920397,0,3307.935665471,3509.06062611684,29.0801396752522,"USA.InteriorAlaska.BLOWRIVER","presence"
589.946424328515,-99.5552516430309,-2044.20747854478,2470.84597304894,0,396.01010804446,949.920006848553,31.1000573279077,"nonveg_674","absence"
4898.48281320887,3495.377523055,-6058.56093855393,791.759283774848,0,3204.94359634685,1641.59834973136,9.15403786144484,"USA.SewardPeninsula.QuartzCreek3","presence"
4210.32270897652,3697.31874839143,-6038.03288375004,985.711412843231,0,2929.02531527612,1747.93546494498,8.25618705241421,"USA.YukonKuskokwimDelta.UB6","presence"
5582.46213189311,3629.23370936156,-6307.48685074417,612.655752843773,1,3142.59463307525,2849.27661813287,46.7515222687407,"Sweden.Abisko.VJ-SalixShrub","presence"
5036.10065297979,4408.89933594697,-5870.76024141184,768.389157127976,0,3012.99470179313,1882.86218170166,16.1416337063845,"Canada.DaringLake.Tower1-Heath","presence"
1385.64284149213,448.411623300801,-1314.67103180443,1980.22087318531,0,695.856730864999,623.890434002269,4.26572639294841,"nonveg_861","absence"
576.786576263349,-780.264720821958,-1312.40587861308,1087.2641351783,0,59.373176471559,883.509650220487,11.8598586840099,"nonveg_721","absence"
1504.84898044773,917.461968108188,-3.88549338751284,1262.68901550733,0,337.960889608811,868.148557026859,-10.9071176536938,"nonveg_682","absence"
2324.81719753674,286.238796537133,-2045.36923120533,997.407517431462,0,797.919919298284,962.715598166986,1.85785665087551,"nonveg_804","absence"
5150.40444255987,3655.45081438125,-6111.26314107641,587.478477649343,0,2738.38885513419,1630.59880087408,52.2748128428258,"Finland.Javrresduottar.A-Betula","presence"
6177.43478079276,3976.72207797579,-6313.60377287185,744.763780695905,0,3919.0937376979,2958.79758483998,95.4450833819349,"USA.Kougaork.TallShrub","presence"
6243.04015501976,4590.07864078499,-5971.11681356945,469.747004159191,1,3445.46462176441,1778.21489659064,27.5588880800213,"Norway.Javrresduottar.A-Salix","presence"
1930.14547525261,-223.532074425747,-863.182168197862,1778.29179318142,0,601.337815420196,2515.05270567258,18.3065014453048,"nonveg_602","absence"
982.957053141295,-140.44736478825,-1993.87182250792,1373.44553982622,0,378.608401920878,1187.64549310068,29.9361618340827,"nonveg_941","absence"
2015.79929306142,1741.4125077644,-2217.5517673799,541.015303603227,0,1805.59766565637,771.126007180575,-25.9135132894606,"nonveg_706","absence"
1242.89316441113,356.410014331692,-817.336423980536,694.673619282004,0,-37.4993403652202,706.978196549573,2.49835832990522,"nonveg_972","absence"
4374.65893006625,3418.34594814419,-5145.93141822814,759.804010480741,0,2068.65164365252,1128.6167614853,12.3646704867069,"Canada.PayneLake.TD4","presence"
1873.20067847244,1595.33076924239,-3212.63200811899,1090.92296811039,0,1147.40522804315,378.40458775774,2.4506743996908,"Canada.BanksIsland.GreenCabin-C07","absence"
589.946424328515,-99.5552516430309,-2044.20747854478,2470.84597304894,0,396.01010804446,949.920006848553,31.1000573279077,"nonveg_674","absence"
4911.11030074413,4240.41062366461,-5931.42277404647,685.108710132362,0,3596.14175217356,2144.77959777527,45.1629645008432,"Canada.Yukon.PAGE","presence"
1930.14547525261,-223.532074425747,-863.182168197862,1778.29179318142,0,601.337815420196,2515.05270567258,18.3065014453048,"nonveg_602","absence"
124.478726671249,412.253728264771,-1874.30758927143,2199.73694040686,0,-113.131503265119,852.895568159782,-3.12825621370321,"nonveg_907","absence"
793.645710616558,1109.64384254942,-1798.96926370017,1206.13238029647,0,629.838816784268,854.560245328982,-11.5922750515805,"nonveg_869","absence"
370.46829818359,541.765472799459,-2057.55436641031,1951.13426616907,0,455.517848452142,1048.29970591802,-16.6496370529141,"nonveg_1261","absence"
2113.67397806329,1146.8667237418,-2233.20865555139,1359.62725678569,0,745.305971156908,805.978597378608,7.06445584376719,"Canada.PrincePatrickIsland.MouldBay-C00","presence"
4347.48758699699,3554.12527525113,-5836.61785154887,700.812428214041,0,2955.42107940561,2000.2905217482,31.3072782591151,"Russia.Yamal.Nadym-2-IH","presence"
1428.81886531534,1009.69847901191,367.520410865853,1000.77323398191,0,344.654685016631,545.499047721089,-3.11599904807597,"nonveg_919","absence"
1504.84898044773,917.461968108188,-3.88549338751284,1262.68901550733,0,337.960889608811,868.148557026859,-10.9071176536938,"nonveg_682","absence"
291.099395065338,356.331760997257,-1553.4570590757,2208.12921277508,0,158.971721763967,644.808932690272,-8.77981787897446,"nonveg_912","absence"
5119.77283280055,4883.4976065592,-5844.02681237609,678.991537950077,0,3261.82044624715,1464.80592571897,46.5760929813683,"Canada.Yukon.SCHAR","presence"
5413.04704724663,4563.19155835573,-5925.86119665712,664.406493446293,0,2988.81450567917,796.67267272568,11.4068838875443,"Canada.CoutureLake.TD7","presence"
982.957053141295,-140.44736478825,-1993.87182250792,1373.44553982622,0,378.608401920878,1187.64549310068,29.9361618340827,"nonveg_941","absence"
4032.32969563705,3764.31724085399,-6423.37367351101,808.960621390103,0,3358.9322828935,3619.19303535628,38.7298016089679,"USA.YukonKuskokwimDelta.B","presence"
4671.54777523431,4080.85476500484,-5472.75562464367,934.901229574238,0,3119.8011324642,1135.40287265447,19.7840783401313,"USA.YukonKuskokwimDelta.UB7","presence"
654.514307376026,437.945385771835,-893.849994104785,787.751040680687,0,338.362977980083,788.77372705479,-1.73527720951079,"nonveg_1499","absence"
5135.67648405454,4184.11903984082,-5643.82458086046,642.363181389165,0,3434.28835992496,2141.92929325147,27.4145543207675,"USA.BrooksRange.7","presence"
5678.54704539503,4109.35541204169,-5790.81686787355,673.618254949527,0,2945.80251356936,573.227538543089,-1.07415506943429,"Canada.PayneLake.TDA0","presence"
1477.02893835023,1536.2422384163,-1619.83204150139,969.309302037717,0,700.675455133836,560.109939744483,6.0008589957681,"nonveg_769","absence"
5566.93149170571,3515.61906500363,-6346.0062361854,677.577468233915,0,3773.16649914455,2904.14864904241,39.6936297597433,"USA.YukonKuskokwimDelta.15B6","presence"
932.499827177136,863.048058122986,-2179.2144045182,1683.08550939833,0,658.642035168258,601.062051265965,27.3210023302711,"nonveg_975","absence"
7463.25050865413,5612.18105822217,-6977.84734376612,560.25246562828,1,4075.5227220122,2820.37551076912,49.8227959472989,"Finland.Kevo.4","presence"
1273.36523768539,586.375854898846,-753.310897655434,1596.01195898615,0,353.012626167538,891.817346878259,5.2835359237787,"nonveg_956","absence"
3427.86400183156,2595.12855924726,-4198.29354257698,766.97722356909,0,2223.70105710239,1866.8894523941,57.9160878504939,"Canada.BanksIsland.GreenCabin-C09","presence"
1404.65515663336,1097.21202374174,-2485.33197621599,1718.6833064758,0,974.809532796588,1032.35361355558,19.167907352025,"nonveg_507","absence"
4047.81965325906,1553.92677349965,-4689.98908380687,776.741966771411,0,2465.90339918104,2322.93438455142,47.5076017045908,"USA.NorthSlope.13","presence"
6017.66818505758,4830.91923071783,-6117.35491101451,661.997466680841,0,3886.31616919444,2109.80164568817,29.4015521987239,"Sweden.Abisko.NT-MesicHeath","presence"
6194.4668905875,4225.85631638731,-7118.92195405516,634.856150344537,1,4006.4503892663,3472.26178692226,40.6973313384002,"Canada.ClearwaterLake.AB1","presence"
647.609949372207,1929.72740028461,-2634.07478043697,732.458140395044,0,392.971006529836,702.858196205431,-21.8439559105393,"nonveg_816","absence"
4856.21755180946,3977.86823944111,-5498.07855884656,839.227385988392,0,3511.71428951677,1702.79741335457,29.3140052378062,"USA.BrooksRange.6","presence"
692.423034004678,617.860734085729,-1749.49881875306,1819.36482231085,0,267.756994600593,512.677019283923,-18.0957991797517,"nonveg_568","absence"
1204.84059092413,970.916894125575,-1452.75706327078,2599.13839157985,0,780.610391315967,628.599360522815,-0.0433330888522175,"nonveg_643","absence"
1535.17208281515,948.53316880492,-1880.23259781307,1976.69401375784,0,993.40178148863,555.682818898793,10.1311412802423,"nonveg_508","absence"
-1691.82772901205,-881.644238321841,6817.65299467916,487.92433235813,0,196.43803549281,558.406210625846,12.7211842104482,"nonveg_1637","absence"
1254.27594559825,735.401065503642,-2265.8376861605,1348.18902660772,0,381.379387975968,294.376455328755,2.541032981875,"nonveg_899","absence"
6212.75907830433,4079.05128834777,-6253.88817390227,570.695005087299,1,3269.85893534532,1701.43348329317,26.6302899231077,"Sweden.Abisko.VJ-BirchShrub","presence"
1070.1275457361,463.808584781571,-1031.00438205071,1570.33171414535,0,484.766991915183,371.26574352223,16.1419888487926,"nonveg_768","absence"
5715.67674563462,4036.72134618528,-6012.0656910088,771.578694304519,0,3623.55353743789,3230.25497850012,35.090384163849,"Canada.ClearwaterLake.AB3","presence"
2324.81719753674,286.238796537133,-2045.36923120533,997.407517431462,0,797.919919298284,962.715598166986,1.85785665087551,"nonveg_804","absence"
5318.00541125558,2587.85042629872,-5472.90783311579,841.096369329013,0,3364.46302971324,2153.42603495162,-1.80855026089719,"Russia.Tiksi.FloodMeadow","presence"
-153.882966773477,-459.68175977346,-1922.88383348276,1257.32749517276,0,-41.0836861669503,1275.20806476222,12.1449975177733,"nonveg_976","absence"
42.7370795454755,-244.814335640887,-1434.40949809142,1516.85571534936,0,-47.0563008757831,611.566601850685,-2.24763335090406,"nonveg_1416","absence"
4075.8290264968,3142.83849004883,-4978.06514033362,838.423111615102,0,3451.2468571434,2360.08710124844,60.2167046540209,"USA.InteriorAlaska.BROWNSCREEK","presence"
5226.47278140543,4702.64930615104,-6298.55224944905,814.879839430326,0,3846.7934996369,1687.79431246687,19.7146476159997,"USA.YukonKuskokwimDelta.72B3","presence"
4453.24270098978,3531.4769133595,-5738.14515953145,677.100479495209,0,2818.3968465816,3001.9093629138,30.6379752817001,"USA.Toolik.S3","presence"
-3844.15413584901,-8069.17771052521,8288.93268177336,959.077711048836,0,-521.281249159042,2366.57587680458,105.108503201367,"nonveg_1797","absence"
5420.24775254006,3649.21165470516,-5781.07119092807,296.969598971666,0,1751.26788366119,1454.87022333131,15.088976630259,"Norway.Javrresduottar.EC-Salix","presence"
7544.9050592723,5899.63352693754,-7161.58270702945,762.06039639282,1,4142.91583768771,1331.23226113125,39.1538900332721,"Finland.Kevo.11","presence"
5678.54704539503,4109.35541204169,-5790.81686787355,673.618254949527,0,2945.80251356936,573.227538543089,-1.07415506943429,"Canada.PayneLake.TDA0","presence"
4419.47879118765,3315.27415947397,-4719.41670796083,760.133983443351,0,2135.32782956924,1731.29149014919,17.767502269692,"Canada.PayneLake.TD0","presence"
4784.92636779397,3972.55746222701,-5761.20435672323,685.339571875321,0,2739.94225894685,1541.44562330043,16.2704783193211,"Canada.DaringLake.Tower1-Shrub","presence"
3990.91587936999,2912.4643537371,-4597.97642306531,698.740385822642,0,2201.252206163,1572.33322304279,4.63339708903123,"Canada.LeRoyLake.TD1","presence"
7936.11219919216,5541.74908892744,-6906.90538635571,547.243907495154,1,4221.45958397117,1660.71111184804,23.819442553867,"Finland.Kevo.2","presence"
50.7097927036751,533.766259097485,-218.852070967964,874.997911910609,0,-54.050841148846,864.497662714216,17.4148914807022,"nonveg_931","absence"
6029.17395554647,3784.98070636797,-6225.74758569475,552.245145476476,0,3494.1497865872,2050.26898635697,30.7977319223163,"Finland.Kilpisjarvi.16","presence"
5678.54704539503,4109.35541204169,-5790.81686787355,673.618254949527,0,2945.80251356936,573.227538543089,-1.07415506943429,"Canada.PayneLake.TDA0","presence"
4514.00234085311,3010.67148895407,-5140.81346920035,694.588511822308,0,2746.41553889625,2648.85834806255,0.0114170285937547,"Russia.Kolyma.WT1","presence"
-632.819749576509,33.2014855008546,-1149.49269441408,1144.72887467906,0,-41.2527439133581,365.838300537614,-2.10460580420804,"nonveg_822","absence"
1671.61915543513,-301.091452570665,-1573.42285608902,1555.47211223274,0,1023.60883349133,1618.09972306342,38.0009523968573,"nonveg_880","absence"
1025.86611454158,-51.4013325821925,-1334.7810337081,2174.37269796028,0,406.326696724574,555.808400517822,-8.94214471781982,"nonveg_1473","absence"
1065.84569764811,641.505195714461,-1639.83088109618,2231.68152409009,0,762.429016552019,1288.7247714359,39.0522658010879,"nonveg_624","absence"
3905.90234765698,2936.55096064463,-3568.6121623483,771.030507270142,0,2924.18589722056,2458.37740269345,49.6827445625271,"Canada.KluaneLake.Quill-MixedTundra","presence"
3081.62080011838,1807.38185033888,-3136.42812329882,1555.53770249397,0,153.104730373461,810.547937919662,16.8864153733263,"nonveg_730","absence"
2717.41890351212,1780.99704223744,-1774.81270790576,478.228802250962,0,1220.5110635693,718.225253694805,-3.17815165534633,"nonveg_701","absence"
7463.25050865413,5612.18105822217,-6977.84734376612,560.25246562828,1,4075.5227220122,2820.37551076912,49.8227959472989,"Finland.Kevo.4","presence"
321.076783405441,-179.770637241222,-448.403466816684,1558.72581481976,0,246.970122658716,689.453239425678,35.2581256600404,"nonveg_848","absence"
1025.76704440974,1890.98953006211,-2928.64187823456,794.486754744191,0,702.007000152006,774.880586968364,-2.36431869794021,"nonveg_760","absence"
5512.65312781246,3319.7980443209,-5892.25041506371,721.299569494317,1,3266.35447777835,1401.57352941698,11.5275304104623,"Finland.Kilpisjarvi.20","presence"
4676.14033236354,2606.21381918882,-4906.45417975268,870.095952728253,0,2523.20107147091,2211.14981020274,22.2941529164265,"Canada.DeceptionBay.TH8","presence"
952.062807422204,-114.153047796136,-2474.33678439689,974.0945970745,0,788.324070141078,1142.55072609192,-48.3389651242529,"nonveg_1672","absence"
5165.97243465164,3857.6760536865,-5787.43528164201,655.002262621158,0,3271.06879654858,1663.60712147354,43.2754100299884,"Russia.Kytalyk.T1","presence"
1059.85028576436,852.251406017796,-286.756716258873,541.581240698969,0,360.13990034311,547.716430522682,-14.0642214849291,"nonveg_870","absence"
4916.47067200311,3530.78318105393,-5189.05838205697,782.374186131369,0,2637.78112218194,1270.04497877569,10.0536674727115,"Canada.PayneLake.TD2","presence"
5765.7742000294,4399.82293447585,-6698.09804776207,591.162719322168,0,3769.90396221324,2127.07316902241,39.0668496336871,"Norway.Javrresduottar.A-Betula","presence"
5173.21354868318,4158.0724970858,-6401.12233174727,519.999850704484,0,2436.79553661029,1874.63841509324,9.04454506888554,"Norway.Javrresduottar.EC-Sphagnum","absence"
2061.98011391923,2222.38947932603,-3156.97622417952,660.082171542113,0,694.451504161245,350.245405653394,-8.9257850398018,"nonveg_985","absence"
391.212424033106,844.797758454457,-2118.86184905496,576.573847563944,0,85.0068243409571,507.910446954157,-10.0957070401108,"nonveg_715","absence"
1273.36523768539,586.375854898846,-753.310897655434,1596.01195898615,0,353.012626167538,891.817346878259,5.2835359237787,"nonveg_956","absence"
467.13485573118,273.14209645302,-1223.3230812707,1300.85881359449,0,233.588086714921,406.450783503711,3.78063697369093,"nonveg_973","absence"
2263.06333184313,1462.81908793726,-2831.94513983597,1181.70133039985,0,1165.62299915377,793.683877656975,11.6196057088136,"Canada.BanksIsland.GreenCabin-C08","presence"
4032.32969563705,3764.31724085399,-6423.37367351101,808.960621390103,0,3358.9322828935,3619.19303535628,38.7298016089679,"USA.YukonKuskokwimDelta.B","presence"
5119.77283280055,4883.4976065592,-5844.02681237609,678.991537950077,0,3261.82044624715,1464.80592571897,46.5760929813683,"Canada.Yukon.SCHAR","presence"
1076.74235130893,-108.746312115717,-13.5041204391769,2771.15628529136,0,269.158126467378,10237.9743592751,-409.518974371003,"nonveg_1241","absence"
2424.64493997877,1872.99348205553,5419.0390789684,296.418954409484,0,295.726003925924,1111.09189410638,7.16286631679247,"nonveg_1880","absence"
5605.86627105398,4018.82889410529,-6225.82834187188,708.145157578782,0,3852.30782076966,3551.41932619611,63.8744108925025,"USA.InteriorAlaska.DEW","presence"
1738.77904507882,-2103.91950833782,-2594.08125974696,152.952864346567,0,-85.5525067051916,920.782521087534,2.30305635612384,"nonveg_1626","absence"
10.4244846543344,-331.795437249229,-321.177408501672,648.949493288225,0,50.9164725541468,1082.98828436645,8.60315238734407,"nonveg_689","absence"
4734.38183093148,5078.74736422357,-5760.56256685912,679.394043257935,0,2645.77635099784,1229.57309308118,5.19699766693211,"Russia.Tazovsky.Burned28","presence"
952.062807422204,-114.153047796136,-2474.33678439689,974.0945970745,0,788.324070141078,1142.55072609192,-48.3389651242529,"nonveg_1672","absence"
991.220550185622,1290.65650146117,-2291.03007386144,1859.50302664057,0,1191.69551345669,940.899875368113,16.2187914096756,"nonveg_998","absence"
5715.67674563462,4036.72134618528,-6012.0656910088,771.578694304519,0,3623.55353743789,3230.25497850012,35.090384163849,"Canada.ClearwaterLake.AB3","presence"
1059.85028576436,852.251406017796,-286.756716258873,541.581240698969,0,360.13990034311,547.716430522682,-14.0642214849291,"nonveg_870","absence"
5759.27437321679,4054.05743760082,-6111.02747495399,520.908451134937,1,3223.25746062505,3713.54201684287,48.4731034486546,"Finland.Kilpisjarvi.17","presence"
-2497.91068678821,-1553.6943807516,9882.83350623553,433.519069963188,0,-124.016965147478,755.955979763961,-26.7767278935486,"nonveg_1695","absence"
4808.52832613288,2541.35576232052,-6336.15115577838,740.828932161717,0,2574.49158192523,3269.54422990233,33.1531930965463,"Russia.Tiksi.WetFen","absence"
4011.59830011321,1898.68067074447,-5380.23372093417,722.659530202288,0,1989.98806576332,2164.93593345966,22.0885323169376,"USA.NorthSlope.14","presence"
7499.12392713447,6022.74256909745,-6767.52590640766,536.7678645693,1,3833.42554424788,2732.60094732472,35.6046307085682,"Finland.Kevo.14","presence"
106.13238776667,-444.738093085643,-256.590263855495,1385.72094368661,0,-20.3004223480141,10544.421168668,-430.85490544404,"nonveg_1477","absence"
1189.51070034423,649.93797581921,-1892.6810122967,1558.35351125295,0,535.638675449707,790.558991544344,9.04914346767049,"nonveg_935","absence"
1657.38726409928,1326.87328571494,-596.686511269957,737.241494900926,0,388.505264284209,746.035002127601,-24.7901142144764,"nonveg_681","absence"
4059.01919568168,3408.55958340963,-5285.60563306226,862.197628194791,0,2210.89703361164,946.881513508356,18.6611317842379,"USA.YukonKuskokwimDelta.5","presence"
6029.17395554647,3784.98070636797,-6225.74758569475,552.245145476476,0,3494.1497865872,2050.26898635697,30.7977319223163,"Finland.Kilpisjarvi.16","presence"
4871.05512059645,3020.77444103911,-5203.28109320917,860.784078777407,0,2965.43616793433,2075.21472583691,23.7837592939429,"Canada.BonifaceRiver.LSA6","presence"
982.957053141295,-140.44736478825,-1993.87182250792,1373.44553982622,0,378.608401920878,1187.64549310068,29.9361618340827,"nonveg_941","absence"
3285.09606642753,1473.88354226151,-3729.81104929411,818.436967666657,0,2260.1583278,3259.35943502681,47.8667150912401,"Canada.KluaneLake.Quill-ShrubTundra","presence"
1315.61070464661,1134.47056777867,-483.128808606757,1492.67868019541,0,727.345380388715,793.564614765595,-22.9466875331746,"nonveg_560","absence"
1428.81886531534,1009.69847901191,367.520410865853,1000.77323398191,0,344.654685016631,545.499047721089,-3.11599904807597,"nonveg_919","absence"
4110.83079762084,3012.20597032348,-5442.09016407775,808.540472543922,0,3189.83912555343,902.14792885686,11.6496337243796,"USA.InteriorAlaska.AMSUMMIT","presence"
1417.42216661398,204.283714347607,-887.599390701393,1923.38763926428,0,93.5962051658025,1609.50005850522,-17.987151493641,"nonveg_677","absence"
4702.36495132464,3189.39468446924,-4827.5012107149,713.777084819234,0,2425.07571607841,1094.96340914939,15.3301934866609,"Russia.Yamal.VaskinyDachi-3","presence"
5749.13955225223,4394.80745984455,-6627.35222052176,573.887324376219,1,3622.58893826606,3302.09147101096,50.4226642121966,"Canada.BonifaceRiver.AB8","presence"
2232.17738033922,1589.46853769991,-3738.11059713841,1245.14696698823,0,1475.01557913487,1502.39707524017,65.3216119669638,"nonveg_898","absence"
42.7370795454755,-244.814335640887,-1434.40949809142,1516.85571534936,0,-47.0563008757831,611.566601850685,-2.24763335090406,"nonveg_1416","absence"
4622.29664610068,3547.0857784461,-5504.70819922908,677.308751880298,0,2984.90192996752,801.576279593199,10.5549612043619,"Canada.ChukotkaRiver.TH4","presence"
2854.47530760537,1745.75276874584,-3213.98182439311,817.375894238364,1,850.284996047391,845.761934979496,31.3245161103517,"nonveg_856","absence"
730.586076225938,688.433421558551,-1652.123992128,928.625579787958,0,217.171273947211,464.239216086611,-6.62701207202163,"nonveg_871","absence"
1545.69117594497,1408.74664663651,-985.847505897166,1362.64543634844,0,858.886075728673,820.333238246693,-38.6719055357492,"nonveg_866","absence"
5515.95608083204,1665.85714530421,-5846.4415756197,1110.46165217447,0,3118.95609792327,4227.92965305638,79.2031903995777,"Sweden.Abisko.KJ-BirchShrub","presence"
1795.65498907417,1122.62219478881,-1796.96459332114,975.207342043854,0,750.779987442141,661.529172787916,22.8113507857902,"nonveg_882","absence"
4829.48961938877,2288.73856703131,-4019.00715147319,720.384670207177,0,2079.75745404783,2193.96645944878,45.8417832155401,"USA.NorthSlope.16","absence"
3658.76387841166,1881.00782387636,-5311.05096251654,803.062441691259,0,1955.77018190356,1887.86917308651,52.2086304236372,"USA.NorthSlope.Deadhorse-C15","presence"
1441.81141835512,1105.83119766551,-2891.28873622414,1175.9011637661,0,792.91280435232,473.226595917885,0.0963972098319404,"Canada.EllefRingnesIsland.Isachsen-C02","absence"
-14.3750821853386,98.8993715789563,250.600563115724,952.969924271431,0,582.38383298955,1809.48057077716,-39.2113149402045,"nonveg_571","absence"
4429.58571339467,3900.23572012033,-5849.08275902066,666.630270565477,0,2829.49680110006,2170.17129893838,70.0055257722058,"USA.NorthSlope.Sagwon-C19","presence"
1239.26342955857,781.668415627441,-1822.4985579382,1868.33279775076,0,811.43203358851,852.42734352482,34.0970937409928,"nonveg_926","absence"
683.038640215051,1005.07795634084,-1801.34865539676,1498.12147717568,0,319.729049427427,1221.24942863356,26.6160594216848,"nonveg_695","absence"
124.478726671249,412.253728264771,-1874.30758927143,2199.73694040686,0,-113.131503265119,852.895568159782,-3.12825621370321,"nonveg_907","absence"
2970.95785831084,3339.45424845851,-3755.12089214449,835.457528661894,0,1498.10652634089,2135.83989984345,51.8334633637169,"Canada.Yukon.WHEATEAR","presence"
4898.48281320887,3495.377523055,-6058.56093855393,791.759283774848,0,3204.94359634685,1641.59834973136,9.15403786144484,"USA.SewardPeninsula.QuartzCreek3","presence"
4622.29664610068,3547.0857784461,-5504.70819922908,677.308751880298,0,2984.90192996752,801.576279593199,10.5549612043619,"Canada.ChukotkaRiver.TH4","presence"
1903.82456007092,1410.53170929954,-1864.0049401392,783.713678489346,0,660.656349040501,630.473852277104,-3.69975860957445,"nonveg_913","absence"
4836.4460472966,3878.98839999747,-5112.50552720798,911.515658125003,0,3216.51227392506,1196.99113063723,26.5998029030496,"USA.YukonKuskokwimDelta.6","presence"
4123.32445443865,3916.70001659469,-5187.95612108153,781.208939674393,0,2569.80050431916,564.979494100306,16.0162620873102,"Canada.Yukon.UPPERPALDO","presence"
106.608356862358,369.940197207856,-1238.39353661567,1894.66035361522,0,261.945739677716,428.140754814258,-2.90290161914667,"nonveg_1234","absence"
982.957053141295,-140.44736478825,-1993.87182250792,1373.44553982622,0,378.608401920878,1187.64549310068,29.9361618340827,"nonveg_941","absence"
839.528731725671,-174.044207554686,-721.630242150241,1047.39461519352,0,384.03176541962,1120.78593987732,33.9632102993126,"nonveg_1340","absence"
-632.819749576509,33.2014855008546,-1149.49269441408,1144.72887467906,0,-41.2527439133581,365.838300537614,-2.10460580420804,"nonveg_822","absence"
4011.59830011321,1898.68067074447,-5380.23372093417,722.659530202288,0,1989.98806576332,2164.93593345966,22.0885323169376,"USA.NorthSlope.14","presence"
1589.40364606265,1485.93360976979,-1635.71797437118,1724.60116221122,0,1015.34998582903,368.420393605546,-7.73359724925568,"nonveg_543","absence"
1842.2015859744,1072.9489452444,-2172.19477854308,548.847195504009,0,576.170100282655,874.816938792279,-15.5223968670079,"nonveg_832","absence"
3702.49695274265,3084.86893404818,-5007.61286392682,839.298565912624,0,2590.44257899292,1071.04791333563,6.87601450504698,"USA.NorthSlope.11","presence"
2717.41890351212,1780.99704223744,-1774.81270790576,478.228802250962,0,1220.5110635693,718.225253694805,-3.17815165534633,"nonveg_701","absence"
-2097.6680543034,-2715.13323475294,3918.1482178685,210.197053448278,0,-161.196525784418,1444.15833127861,49.0360848778961,"nonveg_1854","absence"
3896.77991724763,1795.64930463538,5902.4619317178,817.684849984322,0,109.023368549468,600.560233529278,10.1012468766422,"nonveg_851","absence"
4374.65893006625,3418.34594814419,-5145.93141822814,759.804010480741,0,2068.65164365252,1128.6167614853,12.3646704867069,"Canada.PayneLake.TD4","presence"
4642.6842487046,3198.89439601826,-5168.49853712062,830.88770859848,0,2777.24464159395,1608.90057236751,31.1726442211121,"Russia.Tiksi.ShrubTundra","presence"
4455.72230045403,2821.18439096914,-5237.77967209745,874.774884520878,0,2815.53430319633,1191.21485345092,36.1248761265317,"USA.NorthSlope.Barrow","absence"
-151.158901102275,-1126.54298830258,1501.76260727779,1211.82168516433,0,236.912007412774,1586.31229963017,-49.0544638828743,"nonveg_593","absence"
4911.11030074413,4240.41062366461,-5931.42277404647,685.108710132362,0,3596.14175217356,2144.77959777527,45.1629645008432,"Canada.Yukon.PAGE","presence"
-14.3750821853386,98.8993715789563,250.600563115724,952.969924271431,0,582.38383298955,1809.48057077716,-39.2113149402045,"nonveg_571","absence"
4294.21740764898,3589.16722914366,-4987.83690649531,753.951804876995,0,1762.51372470377,1046.41336763098,5.99100291931777,"Canada.LeRoyLake.TD7","presence"
5249.48880730199,3567.08614679851,-5788.32229804792,734.403240996746,0,2305.37233883728,1365.89305639657,11.2326499505975,"Sweden.Abisko.NT-DryHeath","presence"
3957.44616860154,3315.19530863083,-4699.65131718971,672.484964903488,0,2049.90657617752,1306.10093640926,11.5686667749621,"Canada.LeRoyLake.TD4","presence"
556.929248355303,-224.065225853216,-2177.60121274913,2622.41721833089,0,597.679672821231,716.865839766457,24.1029424204582,"nonveg_855","absence"
4578.09876380674,3976.63084051871,-5730.86498896058,731.781627552053,0,3207.33117032494,1999.87918795146,27.9959451028136,"USA.InteriorAlaska.FRYINGPAN","absence"
5076.0959788573,4053.42936549917,-5925.36712549647,716.347932226123,0,3308.12723823509,1774.74194401055,32.5174071544192,"Canada.DaringLake.Tower3-DwarfShrub-2","presence"
1903.82456007092,1410.53170929954,-1864.0049401392,783.713678489346,0,660.656349040501,630.473852277104,-3.69975860957445,"nonveg_913","absence"
5595.56445239998,2705.21928484631,-6107.98479841252,883.584478705583,0,2700.19988818182,3247.17797387364,57.226967219808,"Sweden.Abisko.KJ-SalixShrub","presence"
2872.10944096034,870.907259566112,-2714.36322590609,1039.8236744114,0,1084.81766214671,1236.92041719699,8.69785335678778,"USA.NorthSlope.HoweIsland-C12","absence"
4374.65893006625,3418.34594814419,-5145.93141822814,759.804010480741,0,2068.65164365252,1128.6167614853,12.3646704867069,"Canada.PayneLake.TD4","presence"
5489.61256999672,4208.87920639532,-5406.56114370477,743.020750212712,0,3512.53518146997,1898.03000905153,34.0521681110141,"Russia.Yamal.Laborovaya-1","presence"
1671.61915543513,-301.091452570665,-1573.42285608902,1555.47211223274,0,1023.60883349133,1618.09972306342,38.0009523968573,"nonveg_880","absence"
2424.64493997877,1872.99348205553,5419.0390789684,296.418954409484,0,295.726003925924,1111.09189410638,7.16286631679247,"nonveg_1880","absence"
2324.81719753674,286.238796537133,-2045.36923120533,997.407517431462,0,797.919919298284,962.715598166986,1.85785665087551,"nonveg_804","absence"
6467.45288505247,5293.70377885611,-5640.06066450899,464.422944570345,1,2698.56281992427,1690.36208776107,16.5794991054238,"USA.InteriorAlaska.22","presence"
4011.59830011321,1898.68067074447,-5380.23372093417,722.659530202288,0,1989.98806576332,2164.93593345966,22.0885323169376,"USA.NorthSlope.14","presence"
1276.48707658361,1296.8774558037,-1776.50394859481,1869.82736452791,0,762.508544861164,668.338493866656,4.65172002296701,"nonveg_940","absence"
1025.86611454158,-51.4013325821925,-1334.7810337081,2174.37269796028,0,406.326696724574,555.808400517822,-8.94214471781982,"nonveg_1473","absence"
2113.67397806329,1146.8667237418,-2233.20865555139,1359.62725678569,0,745.305971156908,805.978597378608,7.06445584376719,"Canada.PrincePatrickIsland.MouldBay-C00","presence"
3722.76089714972,2517.90308646088,-4881.24659652969,735.996194053695,0,2387.84158916659,1482.33013396473,42.6524645948675,"Canada.DaringLake.Tower1-SedgeTussock","presence"
582.719064951535,-277.672169449415,-1016.68477922551,1297.4559767714,0,59.8515364344468,451.429515903515,2.01739665900452,"nonveg_806","absence"
4193.73624900587,3221.46654591381,-5428.81391224377,715.090058587844,0,2751.10317278159,2124.15629882686,18.7531857825139,"USA.YukonKuskokwimDelta.4","absence"
3330.5612134053,1949.18978265204,-3442.27353387744,901.982244164746,0,1414.02835372964,3491.60655179806,47.1426285616223,"Canada.KluaneLake.Gladstone-MixedTundra","presence"
5582.47428679994,2852.37340784971,-5260.00089300314,899.17716773756,0,3595.31177624147,2669.65328742534,45.9248477757787,"USA.YukonKuskokwimDelta.3","presence"
1982.37206979639,2444.94450992525,-3003.72776352963,660.144448262179,0,1079.75823539362,1062.70985680822,-36.3102244414719,"nonveg_764","absence"
5547.63858276266,3355.75919807883,-5669.22591929039,772.714933890915,0,2928.78152278662,1586.8028848164,37.9167148755214,"Russia.Tiksi.GraminoidTundra","presence"
5605.98282387801,3768.39229732539,-5593.85935422005,639.535647878881,0,3458.83538449658,2449.66031973661,19.4408502500168,"Canada.BonifaceRiver.AB1","presence"
4059.01919568168,3408.55958340963,-5285.60563306226,862.197628194791,0,2210.89703361164,946.881513508356,18.6611317842379,"USA.YukonKuskokwimDelta.5","presence"
4784.92636779397,3972.55746222701,-5761.20435672323,685.339571875321,0,2739.94225894685,1541.44562330043,16.2704783193211,"Canada.DaringLake.Tower1-Shrub","presence"
1480.66447161358,818.968890099229,-1652.59090639893,2017.12956182901,0,794.137666989474,590.052199320292,23.6020879728117,"nonveg_915","absence"
5737.23890176901,4746.13544692552,-6121.17332076828,478.408009794573,1,3032.66338974301,1744.73251529011,22.3072927864333,"Canada.LeRoyLake.TDA6","presence"
1357.90312085198,2070.76614550585,-1550.25140879694,989.264159050909,0,832.837266009154,957.38738784137,-45.257796375985,"nonveg_606","absence"
-515.476001290677,-1934.86753915614,1598.75694025463,433.87482277148,0,-327.330818313791,759.38156186306,3.77864026604874,"nonveg_1677","absence"
2048.77844713989,1684.79797146602,-2643.40660436493,1265.4432083625,0,1049.7491660708,1153.40727089177,2.33297780992369,"nonveg_680","absence"
5962.96985292235,4251.91857845097,-6337.25014790269,585.191990549801,1,3313.08701837407,2809.07210565347,45.461684017631,"Norway.Javrresduottar.A-Hummock","presence"
82.0524238949046,-599.95160135205,-908.535590297881,1219.66097439463,0,4.64846573718214,1102.84408891115,7.91282914697915,"nonveg_703","absence"
1102.08616421711,-965.311166899267,224.132214147786,1138.32467820987,0,190.426922565198,1141.88818611929,14.2303874223612,"nonveg_842","absence"
4426.14063265724,3148.66477925536,-5647.71865016721,734.498700206137,0,3269.92622943133,2513.61122694372,44.5999770093534,"USA.InteriorAlaska.LOWERQUARRY","presence"
563.568829478972,323.325396172927,-2153.70604926392,992.934578968024,0,244.243066734112,320.45203073387,8.78486663694348,"nonveg_792","absence"
1357.90312085198,2070.76614550585,-1550.25140879694,989.264159050909,0,832.837266009154,957.38738784137,-45.257796375985,"nonveg_606","absence"
-1691.82772901205,-881.644238321841,6817.65299467916,487.92433235813,0,196.43803549281,558.406210625846,12.7211842104482,"nonveg_1637","absence"
5815.07587072964,1996.36401175568,-5344.57136588225,938.377028809281,0,3393.4148666301,4227.73762635073,79.3409079695569,"Sweden.Abisko.KJ-MesicHeath","presence"
-151.158901102275,-1126.54298830258,1501.76260727779,1211.82168516433,0,236.912007412774,1586.31229963017,-49.0544638828743,"nonveg_593","absence"
5962.96985292235,4251.91857845097,-6337.25014790269,585.191990549801,1,3313.08701837407,2809.07210565347,45.461684017631,"Norway.Javrresduottar.A-Hummock","presence"
4210.32270897652,3697.31874839143,-6038.03288375004,985.711412843231,0,2929.02531527612,1747.93546494498,8.25618705241421,"USA.YukonKuskokwimDelta.UB6","presence"
4584.37031609969,4021.73570073225,-5999.77960860732,774.962586089495,0,3477.92842745684,1968.03908797218,37.7562722675848,"USA.Toolik.S1","presence"
3658.76387841166,1881.00782387636,-5311.05096251654,803.062441691259,0,1955.77018190356,1887.86917308651,52.2086304236372,"USA.NorthSlope.Deadhorse-C15","presence"
5582.47428679994,2852.37340784971,-5260.00089300314,899.17716773756,0,3595.31177624147,2669.65328742534,45.9248477757787,"USA.YukonKuskokwimDelta.3","presence"
321.076783405441,-179.770637241222,-448.403466816684,1558.72581481976,0,246.970122658716,689.453239425678,35.2581256600404,"nonveg_848","absence"
5455.06140620749,4817.86400922709,-6259.32240121076,424.225163538408,1,3167.6569283777,1832.58968937865,49.0887175112852,"USA.InteriorAlaska.17","presence"
4427.99231819568,3458.75452000874,-5089.17172101878,917.52142868007,0,2604.17614261385,1873.39263787093,28.8832052305668,"Canada.Yukon.TOWYK","presence"
4860.63730146812,4330.1841940082,-5812.11722649713,763.107328911549,1,2945.09154131187,2334.18339640879,37.5062299559355,"Canada.Yukon.SOUTHSTONEBOY","presence"
-151.158901102275,-1126.54298830258,1501.76260727779,1211.82168516433,0,236.912007412774,1586.31229963017,-49.0544638828743,"nonveg_593","absence"
5750.13104393095,4597.25075236576,-6679.15169006571,626.913363108052,0,3390.95842474687,2219.31660928992,31.7064895956451,"Norway.Javrresduottar.A-Sphagnum","absence"
4206.3434750117,3143.6842124972,-5168.7266855918,711.903430258377,0,2813.43903457909,1605.87468127799,24.8530614396251,"USA.YukonKuskokwimDelta.15B3","presence"
1102.08616421711,-965.311166899267,224.132214147786,1138.32467820987,0,190.426922565198,1141.88818611929,14.2303874223612,"nonveg_842","absence"
4047.81965325906,1553.92677349965,-4689.98908380687,776.741966771411,0,2465.90339918104,2322.93438455142,47.5076017045908,"USA.NorthSlope.13","presence"
4552.67228798499,2152.35039653447,-5145.74829036771,660.047851481275,0,1825.59592451189,2062.45032190962,33.1928268106398,"USA.YukonKuskokwimDelta.15B7","presence"
4132.57636021427,-413.859601591125,-3687.87528873264,1496.85016828604,0,210.249431399657,7625.97203381105,-200.683474573975,"nonveg_1353","absence"
1428.81886531534,1009.69847901191,367.520410865853,1000.77323398191,0,344.654685016631,545.499047721089,-3.11599904807597,"nonveg_919","absence"
5715.67674563462,4036.72134618528,-6012.0656910088,771.578694304519,0,3623.55353743789,3230.25497850012,35.090384163849,"Canada.ClearwaterLake.AB3","presence"
1447.67627013905,686.644509102236,-777.287062924297,1272.53664213622,0,639.686749558714,389.992090767403,13.9282889559787,"nonveg_790","absence"
1052.605916572,-88.5977510148656,-1637.5825381407,1244.2370997811,0,512.000445039447,808.455489892422,29.9427959219415,"nonveg_984","absence"
1903.82456007092,1410.53170929954,-1864.0049401392,783.713678489346,0,660.656349040501,630.473852277104,-3.69975860957445,"nonveg_913","absence"
99.5308284132554,-156.095801251115,-719.205560050414,1697.82399006201,0,93.7491743610908,462.16099969982,-8.46700726424985,"nonveg_995","absence"
5815.07587072964,1996.36401175568,-5344.57136588225,938.377028809281,0,3393.4148666301,4227.73762635073,79.3409079695569,"Sweden.Abisko.KJ-MesicHeath","presence"
1123.19944740561,247.041420770859,-1690.86782680888,2186.92658676812,0,801.159582323557,592.733727035145,26.8536728299738,"nonveg_825","absence"
4424.21076857031,3380.75555117124,-5613.34089107443,722.106814348081,0,2561.28923374962,1229.85703178529,18.7033568200468,"Canada.ChukotkaRiver.TPO2","presence"
5135.67648405454,4184.11903984082,-5643.82458086046,642.363181389165,0,3434.28835992496,2141.92929325147,27.4145543207675,"USA.BrooksRange.7","presence"
296.370076311511,338.67363527205,-2571.12613308475,1932.86683527162,0,338.859528889716,656.181474803292,18.6152577060486,"nonveg_767","absence"
