"permafrost_index","trees_cover","trees_presence","spectral_EVI2b_annualRange","spectral_NDVI_annualMean","spectral_NDWI_annualRange","spectral_red_changeSSES","site_code","biomass_density_gm2","ecoregion_Canadian.Middle.Arctic.Tundra","ecoregion_Eastern.Canadian.Shield.taiga","ecoregion_Canadian.High.Arctic.tundra","ecoregion_Canadian.Low.Arctic.tundra","ecoregion_Watson.Highlands.taiga","ecoregion_Alaska.St..Elias.Range.tundra","ecoregion_Brooks.British.Range.tundra","ecoregion_Interior.Yukon.Alaska.alpine.tundra","ecoregion_Scandinavian.and.Russian.taiga","ecoregion_Scandinavian.Montane.Birch.forest.and.grasslands","ecoregion_Kalaallit.Nunaat.Arctic.steppe","ecoregion_Northeast.Siberian.coastal.tundra","ecoregion_Yamal.Gydan.tundra","ecoregion_Taimyr.Central.Siberian.tundra","ecoregion_West.Siberian.taiga","ecoregion_Arctic.foothills.tundra","ecoregion_Interior.Alaska.Yukon.lowland.taiga","ecoregion_Copper.Plateau.taiga","ecoregion_Beringia.upland.tundra","ecoregion_Arctic.coastal.tundra","ecoregion_Beringia.lowland.tundra","ecoregion_Kalaallit.Nunaat.High.Arctic.tundra","ecoregion_Pacific.Coastal.Mountain.icefields.and.tundra","ecoregion_Ogilvie.MacKenzie.alpine.tundra","ecoregion_Davis.Highlands.tundra","ecoregion_Northwest.Russian.Novaya.Zemlya.tundra","ecoregion_Ahklun.and.Kilbuck.Upland.Tundra","ecoregion_Chukchi.Peninsula.tundra","ecoregion_Torngat.Mountain.tundra","ecoregion_Russian.Arctic.desert","ecoregion_Cherskii.Kolyma.mountain.tundra","ecoregion_Russian.Bering.tundra","ecoregion_other"
0.916890263557434,0,0,1287.83576905284,4556.93731841187,1837.55774181196,3.80382913201678,"Canada.Yukon.TOWYK",37.6595555555556,0,0,0,0,0,0,0,1,0,0,0,0,0,0,0,0,0,0,0,0,0,0,0,0,0,0,0,0,0,0,0,0,0
0.00999999977648258,62,1,2381.57356017627,7317.79745119095,3236.17821216559,-9.75033094233388,"Finland.Kevo.9",1583.548,0,0,0,0,0,0,0,0,0,1,0,0,0,0,0,0,0,0,0,0,0,0,0,0,0,0,0,0,0,0,0,0,0
0.99973452091217,0,0,628.789541423311,987.203162398078,943.305933446575,-11.8202263040512,"nonveg_861",0,1,0,0,0,0,0,0,0,0,0,0,0,0,0,0,0,0,0,0,0,0,0,0,0,0,0,0,0,0,0,0,0,0
0.849919676780701,21.5555555555556,1,2334.47687870672,5654.49641848993,2702.3142308279,-4.87542902212281,"Canada.LeRoyLake.TDA3",1266.24,0,0,0,1,0,0,0,0,0,0,0,0,0,0,0,0,0,0,0,0,0,0,0,0,0,0,0,0,0,0,0,0,0
0.186681896448135,55,1,1232.29176133936,6052.23147034076,2584.12639103681,-3.39891676539407,"USA.InteriorAlaska.5",1141.18333333333,0,0,0,0,0,0,0,0,0,0,0,0,0,0,0,0,1,0,0,0,0,0,0,0,0,0,0,0,0,0,0,0,0
0.998387336730957,0,0,2659.57796599661,5123.91842034289,1955.25474549712,-3.22323014826179,"Russia.Kolyma.OW1",277.368333333333,0,0,0,0,0,0,0,0,0,0,0,1,0,0,0,0,0,0,0,0,0,0,0,0,0,0,0,0,0,0,0,0,0
0.77072057723999,0,0,2631.38386293312,6092.89027988349,2128.24981616394,-2.14933765689547,"Russia.Yamal.Laborovaya-1",331.212,0,0,0,0,0,0,0,0,0,0,0,0,1,0,0,0,0,0,0,0,0,0,0,0,0,0,0,0,0,0,0,0,0
1,0,0,328.165905366253,1617.05026982737,654.425661279808,5.55200810870063,"nonveg_760",0,0,0,1,0,0,0,0,0,0,0,0,0,0,0,0,0,0,0,0,0,0,0,0,0,0,0,0,0,0,0,0,0,0
0.104498048623403,0,0,1941.63580603475,5079.0672884889,1319.22602483606,3.4037910602193,"USA.YukonKuskokwimDelta.UB7",268.483333333333,0,0,0,0,0,0,0,0,0,0,0,0,0,0,0,0,0,0,0,0,1,0,0,0,0,0,0,0,0,0,0,0,0
0.96023416519165,0,0,1048.06603090849,682.009447107421,1949.46270496307,-5.68550400673349,"nonveg_751",0,0,0,0,0,0,0,0,0,0,0,0,0,0,0,0,0,0,0,0,0,0,0,0,0,0,1,0,0,0,0,0,0,0
0.79019695520401,63.4444444444444,1,2418.73919232721,6232.16427091661,3257.38932831505,-7.22400290604102,"Canada.BonifaceRiver.AB8",1839.44,0,1,0,0,0,0,0,0,0,0,0,0,0,0,0,0,0,0,0,0,0,0,0,0,0,0,0,0,0,0,0,0,0
0.997309625148773,0,0,1455.6071642518,971.154269656362,1841.53824641931,11.8171260397891,"nonveg_695",0,0,0,0,0,0,0,0,0,0,0,0,0,0,0,0,0,0,0,0,0,0,0,0,0,0,0,0,0,0,0,1,0,0
0.232790768146515,0,0,1600.12531813404,5650.94678720772,2810.09050616152,-13.1977564971884,"Finland.Javrresduottar.EC-Spring",8,0,0,0,0,0,0,0,0,1,0,0,0,0,0,0,0,0,0,0,0,0,0,0,0,0,0,0,0,0,0,0,0,0
0.999985814094543,0,0,1275.86299707842,-283.951020520178,772.873772999742,-21.5497566984724,"nonveg_1161",0,0,0,0,0,0,0,0,0,0,0,1,0,0,0,0,0,0,0,0,0,0,0,0,0,0,0,0,0,0,0,0,0,0
0.999999940395355,0,0,1153.02967324202,1247.60571157616,1301.27516829211,10.1995075682249,"nonveg_876",0,0,0,1,0,0,0,0,0,0,0,0,0,0,0,0,0,0,0,0,0,0,0,0,0,0,0,0,0,0,0,0,0,0
0.99999988079071,0,0,949.687983523574,2470.31661016565,1747.51902140323,1.3066782988067,"Canada.PrincePatrickIsland.MouldBay-C03",0,0,0,1,0,0,0,0,0,0,0,0,0,0,0,0,0,0,0,0,0,0,0,0,0,0,0,0,0,0,0,0,0,0
0.961219489574432,0,0,2691.29768020322,4706.78300655556,2412.50389810833,-7.37347062825722,"Canada.DeceptionBay.TH8",64.64,1,0,0,0,0,0,0,0,0,0,0,0,0,0,0,0,0,0,0,0,0,0,0,0,0,0,0,0,0,0,0,0,0
0.96023416519165,0,0,1048.06603090849,682.009447107421,1949.46270496307,-5.68550400673349,"nonveg_751",0,0,0,0,0,0,0,0,0,0,0,0,0,0,0,0,0,0,0,0,0,0,0,0,0,0,1,0,0,0,0,0,0,0
0.96023416519165,0,0,1048.06603090849,682.009447107421,1949.46270496307,-5.68550400673349,"nonveg_751",0,0,0,0,0,0,0,0,0,0,0,0,0,0,0,0,0,0,0,0,0,0,0,0,0,0,1,0,0,0,0,0,0,0
0.204901129007339,50,1,2115.74244634052,5564.66790312615,1525.75886941038,-4.27144592037349,"USA.InteriorAlaska.2",1152.88,0,0,0,0,0,0,0,0,0,0,0,0,0,0,0,0,1,0,0,0,0,0,0,0,0,0,0,0,0,0,0,0,0
0.999999940395355,0,0,1291.59100353575,1059.89216018135,2371.06102163967,-3.872756789192,"nonveg_809",0,0,0,1,0,0,0,0,0,0,0,0,0,0,0,0,0,0,0,0,0,0,0,0,0,0,0,0,0,0,0,0,0,0
0.999985814094543,0,0,1275.86299707842,-283.951020520178,772.873772999742,-21.5497566984724,"nonveg_1161",0,0,0,0,0,0,0,0,0,0,0,1,0,0,0,0,0,0,0,0,0,0,0,0,0,0,0,0,0,0,0,0,0,0
0.403201431035996,0,0,1021.99572175827,1664.98323823439,1240.60266756571,5.83585915025176,"nonveg_807",0,0,0,0,0,0,0,0,0,0,1,0,0,0,0,0,0,0,0,0,0,0,0,0,0,0,0,0,0,0,0,0,0,0
0.999996364116669,0,0,521.712226096517,1203.2929008671,651.112727058164,-2.06029157074558,"nonveg_975",0,1,0,0,0,0,0,0,0,0,0,0,0,0,0,0,0,0,0,0,0,0,0,0,0,0,0,0,0,0,0,0,0,0
0.00999999977648258,0,0,1727.91495409382,5535.79329865351,1173.20410743462,0.965164638411156,"USA.YukonKuskokwimDelta.72B1",301.147037037037,0,0,0,0,0,0,0,0,0,0,0,0,0,0,0,0,0,0,0,0,1,0,0,0,0,0,0,0,0,0,0,0,0
0.994365394115448,0,0,408.694461438575,1275.95703286608,697.278529400152,-10.6948756040408,"nonveg_874",0,0,0,1,0,0,0,0,0,0,0,0,0,0,0,0,0,0,0,0,0,0,0,0,0,0,0,0,0,0,0,0,0,0
0.999953091144562,0,0,342.636258415066,915.318957644759,226.435661550868,2.91160133831262,"nonveg_543",0,1,0,0,0,0,0,0,0,0,0,0,0,0,0,0,0,0,0,0,0,0,0,0,0,0,0,0,0,0,0,0,0,0
0.999647259712219,0,0,740.014610272523,285.523185398137,821.13810076621,-7.36291851298392,"nonveg_1268",0,0,0,0,0,0,0,1,0,0,0,0,0,0,0,0,0,0,0,0,0,0,0,0,0,0,0,0,0,0,0,0,0,0
0.568415880203247,0,0,1180.8840042296,5256.27013442621,2612.21620388847,-4.77766820086238,"Russia.Yamal.Nadym-2-IH",191.023333333333,0,0,0,0,0,0,0,0,0,0,0,0,0,0,1,0,0,0,0,0,0,0,0,0,0,0,0,0,0,0,0,0,0
0.204901129007339,50,1,2115.74244634052,5564.66790312615,1525.75886941038,-4.27144592037349,"USA.InteriorAlaska.2",1152.88,0,0,0,0,0,0,0,0,0,0,0,0,0,0,0,0,1,0,0,0,0,0,0,0,0,0,0,0,0,0,0,0,0
0.00999999977648258,0,0,2489.96481819151,1221.87448024111,2543.54930287402,0.334366057567818,"nonveg_532",0,0,0,0,0,0,0,0,0,0,0,0,0,0,0,0,0,0,0,0,0,0,0,0,0,0,1,0,0,0,0,0,0,0
0.999995946884155,0,0,713.981458193315,649.437217846888,784.832225157888,8.14981953492747,"nonveg_900",0,1,0,0,0,0,0,0,0,0,0,0,0,0,0,0,0,0,0,0,0,0,0,0,0,0,0,0,0,0,0,0,0,0
1,0,0,477.500140783987,731.585869567533,228.748027996106,13.2079840491666,"nonveg_994",0,0,0,1,0,0,0,0,0,0,0,0,0,0,0,0,0,0,0,0,0,0,0,0,0,0,0,0,0,0,0,0,0,0
0.232790768146515,0,0,1347.13159563005,4883.45965410074,1951.62595864961,-0.67754932035227,"Norway.Javrresduottar.EC-Betula",311.6,0,0,0,0,0,0,0,0,1,0,0,0,0,0,0,0,0,0,0,0,0,0,0,0,0,0,0,0,0,0,0,0,0
0.106934994459152,19,1,511.658169046069,3837.19997346157,1973.00909451291,-5.79662595354575,"Sweden.Abisko.NF-Wetland",137.633333333333,0,0,0,0,0,0,0,0,0,1,0,0,0,0,0,0,0,0,0,0,0,0,0,0,0,0,0,0,0,0,0,0,0
1,0,0,660.518271661548,634.91380485003,824.215014960121,-0.958591528869538,"nonveg_912",0,0,0,1,0,0,0,0,0,0,0,0,0,0,0,0,0,0,0,0,0,0,0,0,0,0,0,0,0,0,0,0,0,0
0.99999988079071,0,0,1261.37772211612,1569.93107829566,2160.63617260799,-1.75182057157061,"Canada.PrincePatrickIsland.MouldBay-C00",34.1626666666667,0,0,1,0,0,0,0,0,0,0,0,0,0,0,0,0,0,0,0,0,0,0,0,0,0,0,0,0,0,0,0,0,0
0.00999999977648258,0,0,1059.01588019693,-899.357569024149,1498.07057629146,4.20236085528508,"nonveg_1677",0,0,0,0,0,0,0,0,0,0,0,0,0,0,0,0,0,0,0,0,0,1,0,0,0,0,0,0,0,0,0,0,0,0
0.974101960659027,0,0,1435.57067141527,4130.15049001059,2913.67162323102,-10.1666365515292,"USA.NorthSlope.11",36.3333333333333,0,0,0,0,0,0,0,0,0,0,0,0,0,0,0,1,0,0,0,0,0,0,0,0,0,0,0,0,0,0,0,0,0
0.00999999977648258,0,0,1059.01588019693,-899.357569024149,1498.07057629146,4.20236085528508,"nonveg_1677",0,0,0,0,0,0,0,0,0,0,0,0,0,0,0,0,0,0,0,0,0,1,0,0,0,0,0,0,0,0,0,0,0,0
0.983469009399414,0,0,1398.20867348318,1608.35455355781,1397.20097709479,-0.427034008016999,"nonveg_915",0,0,0,0,0,0,0,0,0,0,0,0,0,0,0,0,0,0,0,0,0,0,0,0,1,0,0,0,0,0,0,0,0,0
0.989387691020966,0,0,778.077176729154,1343.20815412442,2048.90139472166,-3.1132526717,"nonveg_680",0,1,0,0,0,0,0,0,0,0,0,0,0,0,0,0,0,0,0,0,0,0,0,0,0,0,0,0,0,0,0,0,0,0
0.999980211257935,0,0,474.476172765337,3086.196747645,1785.87190146483,-3.52387284962369,"Canada.BanksIsland.GreenCabin-C00",41.2933333333333,1,0,0,0,0,0,0,0,0,0,0,0,0,0,0,0,0,0,0,0,0,0,0,0,0,0,0,0,0,0,0,0,0
0.849595586458842,0,0,1073.49479567162,4498.45358786562,2219.09490789015,0.1564026308303,"Russia.Tazovsky.Unburned28",126.353333333333,0,0,0,0,0,0,0,0,0,0,0,0,1,0,0,0,0,0,0,0,0,0,0,0,0,0,0,0,0,0,0,0,0
0.00999999977648258,46,1,2728.74454069268,7381.75112299554,1257.27239825935,2.45126517791732,"Finland.Kevo.4",3822.966,0,0,0,0,0,0,0,0,0,1,0,0,0,0,0,0,0,0,0,0,0,0,0,0,0,0,0,0,0,0,0,0,0
0.171971887350082,0,0,1046.86960750476,610.714019164971,1066.9492609262,-10.6416310099673,"nonveg_1316",0,0,0,0,0,0,0,0,0,0,1,0,0,0,0,0,0,0,0,0,0,0,0,0,0,0,0,0,0,0,0,0,0,0
0.849919676780701,21.5555555555556,1,2334.47687870672,5654.49641848993,2702.3142308279,-4.87542902212281,"Canada.LeRoyLake.TDA3",1266.24,0,0,0,1,0,0,0,0,0,0,0,0,0,0,0,0,0,0,0,0,0,0,0,0,0,0,0,0,0,0,0,0,0
0.984190464019775,0,0,1203.29245449876,4880.12184331784,1883.53860792476,-1.67946891683484,"USA.NorthSlope.Oumalik1",16.8348888888889,0,0,0,0,0,0,0,0,0,0,0,0,0,0,0,1,0,0,0,0,0,0,0,0,0,0,0,0,0,0,0,0,0
0.104498048623403,0,0,1941.63580603475,5079.0672884889,1319.22602483606,3.4037910602193,"USA.YukonKuskokwimDelta.UB7",268.483333333333,0,0,0,0,0,0,0,0,0,0,0,0,0,0,0,0,0,0,0,0,1,0,0,0,0,0,0,0,0,0,0,0,0
0.00999999977648258,0,0,2136.5062164556,4744.70006197117,3945.16289355589,-21.9206005795635,"USA.YukonKuskokwimDelta.3",198.14,0,0,0,0,0,0,0,0,0,0,0,0,0,0,0,0,0,0,0,0,1,0,0,0,0,0,0,0,0,0,0,0,0
0.999643504619598,0,0,968.614544799948,924.274004914269,1605.17879957028,7.3618274305724,"nonveg_681",0,0,0,0,0,0,0,0,0,0,0,0,0,0,0,0,0,0,0,0,0,0,0,0,0,0,0,0,0,0,0,0,1,0
0.853370070457459,25,1,1667.48132877962,5941.36855568414,1675.97817202644,1.80643379946229,"Russia.Tazovsky.Burned44",233.52,0,0,0,0,0,0,0,0,0,0,0,0,1,0,0,0,0,0,0,0,0,0,0,0,0,0,0,0,0,0,0,0,0
0.104449324309826,4.16666666666667,0,2693.99599347351,6203.8563795434,1884.8353447325,8.09568542170715,"Sweden.Abisko.NF-DryHeath",153.391666666667,0,0,0,0,0,0,0,0,0,1,0,0,0,0,0,0,0,0,0,0,0,0,0,0,0,0,0,0,0,0,0,0,0
1,0,0,736.97017000773,616.229464801822,838.419161284919,-8.46289130886809,"nonveg_1261",0,0,0,1,0,0,0,0,0,0,0,0,0,0,0,0,0,0,0,0,0,0,0,0,0,0,0,0,0,0,0,0,0,0
0.316349476575851,0,0,438.162338973322,2984.02085523947,1153.23239085104,-10.4964519536775,"nonveg_1069",0,0,0,0,0,0,0,0,0,0,1,0,0,0,0,0,0,0,0,0,0,0,0,0,0,0,0,0,0,0,0,0,0,0
0.999980181455613,0,0,961.068431990015,2369.34496219451,1542.26573101705,-1.74888078644685,"Canada.BanksIsland.GreenCabin-C07",1.4575,1,0,0,0,0,0,0,0,0,0,0,0,0,0,0,0,0,0,0,0,0,0,0,0,0,0,0,0,0,0,0,0,0
0.999996304512024,0,0,852.707876023033,1186.82483511138,1229.24800080313,-14.3154959543562,"nonveg_643",0,0,0,1,0,0,0,0,0,0,0,0,0,0,0,0,0,0,0,0,0,0,0,0,0,0,0,0,0,0,0,0,0,0
0.883681356906891,1.08888888888889,1,1437.79135289376,5101.45127307,1782.57377451572,-14.6299048567667,"Canada.Yukon.SOUTHSTONEBOY",156.900222222222,0,0,0,0,0,0,0,1,0,0,0,0,0,0,0,0,0,0,0,0,0,0,0,0,0,0,0,0,0,0,0,0,0
0.994602259000142,0,0,1332.81148743109,3616.25481084195,1465.14597449203,4.24508478073432,"USA.NorthSlope.Atqasuk",5.56111111111111,0,0,0,0,0,0,0,0,0,0,0,0,0,0,0,0,0,0,0,1,0,0,0,0,0,0,0,0,0,0,0,0,0
0.989387691020966,0,0,778.077176729154,1343.20815412442,2048.90139472166,-3.1132526717,"nonveg_680",0,1,0,0,0,0,0,0,0,0,0,0,0,0,0,0,0,0,0,0,0,0,0,0,0,0,0,0,0,0,0,0,0,0
0.849919676780701,21.5555555555556,1,2334.47687870672,5654.49641848993,2702.3142308279,-4.87542902212281,"Canada.LeRoyLake.TDA3",1266.24,0,0,0,1,0,0,0,0,0,0,0,0,0,0,0,0,0,0,0,0,0,0,0,0,0,0,0,0,0,0,0,0,0
0.977302405569288,0,0,1930.84520830178,4386.20304928889,2858.78207092316,-16.0215233219582,"USA.NorthSlope.Deadhorse-C15",17.53,0,0,0,0,0,0,0,0,0,0,0,0,0,0,0,0,0,0,0,1,0,0,0,0,0,0,0,0,0,0,0,0,0
0.118911124765873,0,0,631.017197949744,3557.28642748643,1889.39949965909,-6.81574325856432,"Finland.Kevo.3",100.716,0,0,0,0,0,0,0,0,0,1,0,0,0,0,0,0,0,0,0,0,0,0,0,0,0,0,0,0,0,0,0,0,0
0.248646378517151,0,0,1968.44577872689,6034.90965831056,1820.76061805315,-1.98523883377927,"Norway.Javrresduottar.A-Sphagnum",15.9,0,0,0,0,0,0,0,0,1,0,0,0,0,0,0,0,0,0,0,0,0,0,0,0,0,0,0,0,0,0,0,0,0
0.961778879165649,0,0,1219.26934243298,-1285.64975052018,7128.77494366278,-0.79063282385943,"nonveg_1720",0,0,0,0,0,0,0,0,0,0,0,0,0,1,0,0,0,0,0,0,0,0,0,0,0,0,0,0,0,0,0,0,0,0
0.693538367748261,0,0,1206.35385156113,-286.94037690474,2084.31715547946,-8.34015624929149,"nonveg_592",0,0,0,0,0,0,0,0,0,0,0,0,0,0,0,0,0,0,0,0,0,0,0,1,0,0,0,0,0,0,0,0,0,0
0.00999999977648258,0,0,1028.41113465123,627.034505021452,7556.3873502753,3.26481329591787,"nonveg_1794",0,0,0,0,0,0,0,0,0,0,0,0,0,0,0,0,0,0,0,0,0,0,0,0,0,0,0,1,0,0,0,0,0,0
0.79019695520401,63.4444444444444,1,2418.73919232721,6232.16427091661,3257.38932831505,-7.22400290604102,"Canada.BonifaceRiver.AB8",1839.44,0,1,0,0,0,0,0,0,0,0,0,0,0,0,0,0,0,0,0,0,0,0,0,0,0,0,0,0,0,0,0,0,0
0.999950230121613,0,0,1199.37323723693,1764.96173157193,2339.09045131104,-3.90353590681279,"nonveg_986",0,0,0,0,0,0,0,0,0,0,0,0,0,0,1,0,0,0,0,0,0,0,0,0,0,0,0,0,0,0,0,0,0,0
0.892463326454163,0,0,650.620426860796,4882.49952730679,2083.70692263762,-3.34238644397716,"Canada.PayneLake.TD2",476.56,0,0,0,1,0,0,0,0,0,0,0,0,0,0,0,0,0,0,0,0,0,0,0,0,0,0,0,0,0,0,0,0,0
0.950726509094238,0,0,644.371462207339,964.969646918304,1667.12404401289,-11.8529165859289,"nonveg_923",0,0,0,0,0,0,0,0,0,0,0,0,0,0,0,0,0,0,0,0,0,0,0,0,0,0,0,0,0,1,0,0,0,0
0.99999988079071,0,0,1141.92177079251,844.849906316682,1163.96532123578,-15.0609857117931,"nonveg_535",0,0,0,0,0,0,0,0,0,0,0,0,0,0,1,0,0,0,0,0,0,0,0,0,0,0,0,0,0,0,0,0,0,0
0.904626944661141,0,0,727.425358851064,3078.9904415506,3080.01731716928,-5.04018072834768,"Canada.KluaneLake.Ruby-MixedTundra",53.7825,0,0,0,0,1,0,0,0,0,0,0,0,0,0,0,0,0,0,0,0,0,0,0,0,0,0,0,0,0,0,0,0,0
0.999987185001373,0,0,614.826531994065,2265.34171827934,1427.70260388948,-4.15351682780082,"nonveg_764",0,0,0,0,0,0,0,0,0,0,0,0,0,0,1,0,0,0,0,0,0,0,0,0,0,0,0,0,0,0,0,0,0,0
0.999980211257935,0,0,1500.48580519763,3937.8252327998,756.404231980678,9.69561348661639,"Canada.BanksIsland.GreenCabin-C11",39.23,1,0,0,0,0,0,0,0,0,0,0,0,0,0,0,0,0,0,0,0,0,0,0,0,0,0,0,0,0,0,0,0,0
0.338191568851471,0,0,1983.94280122484,4262.92345680991,1470.49566019173,-3.11827833288416,"Finland.Kilpisjarvi.18",372.008,0,0,0,0,0,0,0,0,0,1,0,0,0,0,0,0,0,0,0,0,0,0,0,0,0,0,0,0,0,0,0,0,0
0.126328095793724,0,0,479.751252367431,1197.5420631468,1485.97059495965,-1.32766413019141,"nonveg_1654",0,0,0,0,0,0,0,0,0,0,0,0,0,0,0,0,0,0,0,0,0,0,0,0,0,0,1,0,0,0,0,0,0,0
1,0,0,831.21084468344,784.534597613673,1396.37847610142,-1.53403441492159,"nonveg_709",0,0,0,0,0,0,0,0,0,0,0,0,0,0,0,0,0,0,0,0,0,0,0,0,0,0,0,0,0,0,0,1,0,0
0.967046320438385,0,0,2004.51941624719,6191.39004529922,3674.61947362505,-13.8814300158297,"Canada.DeceptionBay.BEGL3",1228.56,1,0,0,0,0,0,0,0,0,0,0,0,0,0,0,0,0,0,0,0,0,0,0,0,0,0,0,0,0,0,0,0,0
0.568415880203247,8,1,2616.10955901674,4686.24748374255,1496.58137477783,10.6693699437726,"Russia.Yamal.Nadym-2-H",191.4,0,0,0,0,0,0,0,0,0,0,0,0,0,0,1,0,0,0,0,0,0,0,0,0,0,0,0,0,0,0,0,0,0
0.99999988079071,0,0,702.651695711213,3627.19922216811,2790.38262173773,-11.7062649261652,"Canada.PrincePatrickIsland.MouldBay-C06",28.4075,0,0,1,0,0,0,0,0,0,0,0,0,0,0,0,0,0,0,0,0,0,0,0,0,0,0,0,0,0,0,0,0,0
0.999899983406067,0,0,1069.79873300339,1535.43144027067,1790.34579925563,-19.5434211187263,"nonveg_540",0,1,0,0,0,0,0,0,0,0,0,0,0,0,0,0,0,0,0,0,0,0,0,0,0,0,0,0,0,0,0,0,0,0
0.974101960659027,0,0,1944.5806899916,4575.01793514613,2439.89666802101,-7.87694322362089,"USA.NorthSlope.12",57.5,0,0,0,0,0,0,0,0,0,0,0,0,0,0,0,1,0,0,0,0,0,0,0,0,0,0,0,0,0,0,0,0,0
0.97977739572525,0,0,2258.4786365508,5182.7483590743,2393.19419011238,-8.62265624008686,"USA.InteriorAlaska.LOWERQUARRY",114.084444444444,0,0,0,0,0,0,1,0,0,0,0,0,0,0,0,0,0,0,0,0,0,0,0,0,0,0,0,0,0,0,0,0,0
0.999929010868073,0,0,137.335033894085,3517.14828213812,2206.97439760925,-8.17907999654202,"Russia.Tiksi.BareSoil",6.55333333333333,0,0,0,0,0,0,0,0,0,0,0,0,0,1,0,0,0,0,0,0,0,0,0,0,0,0,0,0,0,0,0,0,0
0.854060709476471,0.666666666666667,0,2239.49880093191,5041.10862804793,2564.78489014698,11.8323561741429,"Russia.Tazovsky.Burned12",70.395,0,0,0,0,0,0,0,0,0,0,0,0,1,0,0,0,0,0,0,0,0,0,0,0,0,0,0,0,0,0,0,0,0
0.516230821609497,0,0,760.278537731632,2973.51272654534,4377.59439714291,0.403985321420554,"nonveg_1880",0,0,0,0,0,0,0,0,0,0,0,0,0,0,0,0,0,0,0,0,0,0,0,0,0,0,0,0,0,1,0,0,0,0
1,0,0,1304.65225553702,776.452917326363,2217.67668268737,-16.7831794299893,"nonveg_578",0,0,0,1,0,0,0,0,0,0,0,0,0,0,0,0,0,0,0,0,0,0,0,0,0,0,0,0,0,0,0,0,0,0
0.999998271465302,0,0,797.982480854682,1085.30741516796,538.067041180723,1.81408401822868,"nonveg_855",0,0,0,1,0,0,0,0,0,0,0,0,0,0,0,0,0,0,0,0,0,0,0,0,0,0,0,0,0,0,0,0,0,0
0.0338936406187714,0,0,2231.26861436577,5767.4071324454,640.017627796032,-2.764867145497,"USA.YukonKuskokwimDelta.72B2",251.2525,0,0,0,0,0,0,0,0,0,0,0,0,0,0,0,0,0,0,0,0,1,0,0,0,0,0,0,0,0,0,0,0,0
0.999777436256409,0,0,1345.1831564077,-2093.22946666643,1789.88795715944,12.5362286314398,"nonveg_1367",0,0,0,0,0,0,0,0,0,0,0,0,0,0,0,0,0,0,0,0,0,0,0,0,0,1,0,0,0,0,0,0,0,0
0.99973452091217,0,0,628.789541423311,987.203162398078,943.305933446575,-11.8202263040512,"nonveg_861",0,1,0,0,0,0,0,0,0,0,0,0,0,0,0,0,0,0,0,0,0,0,0,0,0,0,0,0,0,0,0,0,0,0
0.99968820810318,0,0,876.578431394461,2415.48610758545,1617.24119496608,2.44604396009711,"nonveg_758",0,0,0,0,0,0,0,1,0,0,0,0,0,0,0,0,0,0,0,0,0,0,0,0,0,0,0,0,0,0,0,0,0,0
0.179571294358799,0,0,1869.19574627385,4617.86433556072,562.33788967422,-1.07476998693682,"Sweden.Abisko.NT-DryHeath",282.3,0,0,0,0,0,0,0,0,0,1,0,0,0,0,0,0,0,0,0,0,0,0,0,0,0,0,0,0,0,0,0,0,0
0.999999940395355,0,0,705.593598618381,427.820083849571,1775.34779593072,-12.9503885300932,"nonveg_583",0,0,0,1,0,0,0,0,0,0,0,0,0,0,0,0,0,0,0,0,0,0,0,0,0,0,0,0,0,0,0,0,0,0
0.967135369777679,0,0,1019.71970654783,410.291417338589,989.193495154179,6.36950581117369,"nonveg_1927",0,0,0,0,0,0,0,0,0,0,0,0,0,0,0,0,0,0,0,0,0,0,0,0,0,0,0,0,0,0,1,0,0,0
0.999998509883881,0,0,844.168129529821,2686.51450330517,8645.78923250711,-1.43278189954723,"nonveg_851",0,0,0,0,0,0,0,0,0,0,0,0,0,0,0,0,0,0,0,0,0,0,0,0,0,0,0,0,0,0,0,1,0,0
0.999913883209229,0,0,2023.07558243673,5054.84844173149,2310.3484991484,-9.80021346444445,"Russia.Tiksi.FloodMeadow",7.471,0,0,0,0,0,0,0,0,0,0,0,0,0,1,0,0,0,0,0,0,0,0,0,0,0,0,0,0,0,0,0,0,0
0.99999988079071,0,0,1261.37772211612,1569.93107829566,2160.63617260799,-1.75182057157061,"Canada.PrincePatrickIsland.MouldBay-C00",34.1626666666667,0,0,1,0,0,0,0,0,0,0,0,0,0,0,0,0,0,0,0,0,0,0,0,0,0,0,0,0,0,0,0,0,0
0.972424924373627,0,0,820.323296824071,2036.71294927777,621.277164380741,0.0915883259148994,"nonveg_746",0,0,0,0,1,0,0,0,0,0,0,0,0,0,0,0,0,0,0,0,0,0,0,0,0,0,0,0,0,0,0,0,0,0
0.999998033046722,0,0,398.923302769199,1025.53557240042,1462.39919081391,-12.9926672450356,"nonveg_941",0,1,0,0,0,0,0,0,0,0,0,0,0,0,0,0,0,0,0,0,0,0,0,0,0,0,0,0,0,0,0,0,0,0
0.00999999977648258,0,0,3365.87297952807,5396.04888265037,2616.23880532769,-11.6630767461278,"USA.YukonKuskokwimDelta.15B2",32.4951851851852,0,0,0,0,0,0,0,0,0,0,0,0,0,0,0,0,0,0,0,0,1,0,0,0,0,0,0,0,0,0,0,0,0
0.100770205259323,0,0,2296.35404539292,5123.55295868442,1741.71524844493,-1.66800922170155,"USA.YukonKuskokwimDelta.15B6",138.186666666667,0,0,0,0,0,0,0,0,0,0,0,0,0,0,0,0,0,0,0,0,1,0,0,0,0,0,0,0,0,0,0,0,0
0.999920964241028,0,0,974.883942224694,-656.276439177782,2451.88864384083,13.230680882013,"nonveg_1642",0,0,0,0,0,0,0,0,0,0,0,0,0,0,1,0,0,0,0,0,0,0,0,0,0,0,0,0,0,0,0,0,0,0
1,0,0,444.449565249326,17.8765489171175,1380.27539351595,-13.5591785452701,"nonveg_761",0,0,0,1,0,0,0,0,0,0,0,0,0,0,0,0,0,0,0,0,0,0,0,0,0,0,0,0,0,0,0,0,0,0
0.248646378517151,0,0,1358.7293099392,5129.57115985296,1457.66680945262,6.06051233531187,"Norway.Javrresduottar.A-Sedge",0.32,0,0,0,0,0,0,0,0,1,0,0,0,0,0,0,0,0,0,0,0,0,0,0,0,0,0,0,0,0,0,0,0,0
0.922944751050737,5,0,1625.73971104528,5856.15517728096,1166.63721883612,2.55971881613651,"Canada.CoutureLake.TDA7",484.8,0,0,0,1,0,0,0,0,0,0,0,0,0,0,0,0,0,0,0,0,0,0,0,0,0,0,0,0,0,0,0,0,0
0.00999999977648258,0,0,1967.68549560972,4654.59741498374,1980.60430583692,2.62486833347041,"Finland.Kevo.10",157.258,0,0,0,0,0,0,0,0,0,1,0,0,0,0,0,0,0,0,0,0,0,0,0,0,0,0,0,0,0,0,0,0,0
0.890290200710297,0.444444444444444,0,815.633703035812,3818.77769544664,1253.93014219108,1.12204415929693,"Canada.PayneLake.TD4",219.7,0,0,0,1,0,0,0,0,0,0,0,0,0,0,0,0,0,0,0,0,0,0,0,0,0,0,0,0,0,0,0,0,0
0.999998867511749,0,0,147.139796863684,298.575777223644,1068.82005811535,-10.5100671129626,"nonveg_1416",0,0,0,0,0,0,0,0,0,0,0,0,0,0,0,0,0,0,0,0,0,0,1,0,0,0,0,0,0,0,0,0,0,0
0.999977231025696,0,0,984.201256366759,206.082305767438,2585.47433519703,9.706838353795,"nonveg_1834",0,1,0,0,0,0,0,0,0,0,0,0,0,0,0,0,0,0,0,0,0,0,0,0,0,0,0,0,0,0,0,0,0,0
0.0338936406187714,0,0,2231.26861436577,5767.4071324454,640.017627796032,-2.764867145497,"USA.YukonKuskokwimDelta.72B2",251.2525,0,0,0,0,0,0,0,0,0,0,0,0,0,0,0,0,0,0,0,0,1,0,0,0,0,0,0,0,0,0,0,0,0
0.999998986721039,0,0,1129.68465715098,793.994252057067,962.092920182688,8.67824649010693,"nonveg_794",0,0,0,0,0,0,0,0,0,0,0,0,0,0,0,0,0,0,0,0,0,0,0,0,0,0,0,0,0,0,0,1,0,0
0.982301652431488,4.5,1,2179.57269191659,4733.22087663104,6553.72818390909,-44.4441834165159,"Canada.DaringLake.Tower1-SedgeHollow",15.7936111111111,0,0,0,1,0,0,0,0,0,0,0,0,0,0,0,0,0,0,0,0,0,0,0,0,0,0,0,0,0,0,0,0,0
1,0,0,1426.89986309082,405.353520322722,1558.39574178375,-28.7851737839295,"nonveg_785",0,0,0,0,0,0,0,0,0,0,0,0,0,0,1,0,0,0,0,0,0,0,0,0,0,0,0,0,0,0,0,0,0,0
0.892463326454163,0,0,650.620426860796,4882.49952730679,2083.70692263762,-3.34238644397716,"Canada.PayneLake.TD2",476.56,0,0,0,1,0,0,0,0,0,0,0,0,0,0,0,0,0,0,0,0,0,0,0,0,0,0,0,0,0,0,0,0,0
0.177414432168007,7.16666666666667,1,2448.74476345249,5953.9419546986,3078.33676060818,-15.7659752783966,"Sweden.Abisko.NT-MesicHeath",646.065,0,0,0,0,0,0,0,0,0,1,0,0,0,0,0,0,0,0,0,0,0,0,0,0,0,0,0,0,0,0,0,0,0
0.00999999977648258,0,0,1967.68549560972,4654.59741498374,1980.60430583692,2.62486833347041,"Finland.Kevo.10",157.258,0,0,0,0,0,0,0,0,0,1,0,0,0,0,0,0,0,0,0,0,0,0,0,0,0,0,0,0,0,0,0,0,0
0.596815407276154,0,0,503.772899833923,2909.54388702941,1962.20398703107,3.06417483758594,"nonveg_730",0,0,0,0,0,0,0,0,0,0,0,1,0,0,0,0,0,0,0,0,0,0,0,0,0,0,0,0,0,0,0,0,0,0
0.970430552959442,0,0,979.662557616505,970.045628394564,2292.96081498068,-4.68754586668437,"Canada.Ivujivik.RTP13",299.4,1,0,0,0,0,0,0,0,0,0,0,0,0,0,0,0,0,0,0,0,0,0,0,0,0,0,0,0,0,0,0,0,0
0.999977231025696,0,0,984.201256366759,206.082305767438,2585.47433519703,9.706838353795,"nonveg_1834",0,1,0,0,0,0,0,0,0,0,0,0,0,0,0,0,0,0,0,0,0,0,0,0,0,0,0,0,0,0,0,0,0,0
0.999996304512024,0,0,852.707876023033,1186.82483511138,1229.24800080313,-14.3154959543562,"nonveg_643",0,0,0,1,0,0,0,0,0,0,0,0,0,0,0,0,0,0,0,0,0,0,0,0,0,0,0,0,0,0,0,0,0,0
0.00999999977648258,0,0,2058.25476147489,4887.47277110756,798.110813242961,-3.11259120545364,"USA.YukonKuskokwimDelta.UB3",154.244074074074,0,0,0,0,0,0,0,0,0,0,0,0,0,0,0,0,0,0,0,0,1,0,0,0,0,0,0,0,0,0,0,0,0
0.710888504981995,33.3333333333333,1,1323.20902600121,6254.3884345788,4303.48244212361,-11.3791438129736,"Canada.ClearwaterLake.AB2",1001.44,0,1,0,0,0,0,0,0,0,0,0,0,0,0,0,0,0,0,0,0,0,0,0,0,0,0,0,0,0,0,0,0,0
0.999999940395355,0,0,539.437787610988,677.577859016962,1271.7227867386,5.7739961408927,"nonveg_955",0,0,0,1,0,0,0,0,0,0,0,0,0,0,0,0,0,0,0,0,0,0,0,0,0,0,0,0,0,0,0,0,0,0
0.980090737342834,0,0,2107.39677135046,3916.32263812817,3374.41674154368,-7.51254348637454,"Canada.DeceptionBay.TH6",144.56,1,0,0,0,0,0,0,0,0,0,0,0,0,0,0,0,0,0,0,0,0,0,0,0,0,0,0,0,0,0,0,0,0
0.997956037521362,0,0,1497.32721963403,274.246500133055,2731.45879347308,-21.5724081510799,"nonveg_593",0,0,0,0,0,0,0,0,0,0,0,0,0,0,0,0,0,0,0,0,0,0,0,0,1,0,0,0,0,0,0,0,0,0
0.331970244646072,0,0,1903.21386214925,4816.64462210493,892.900796902343,1.6185082433273,"USA.SewardPeninsula.18",205,0,0,0,0,0,0,0,0,0,0,0,0,0,0,0,0,0,0,1,0,0,0,0,0,0,0,0,0,0,0,0,0,0
0.568415880203247,8,1,2616.10955901674,4686.24748374255,1496.58137477783,10.6693699437726,"Russia.Yamal.Nadym-2-H",191.4,0,0,0,0,0,0,0,0,0,0,0,0,0,0,1,0,0,0,0,0,0,0,0,0,0,0,0,0,0,0,0,0,0
0.999999761581421,0,0,2064.34517556349,140.184264274954,2012.2731764817,-19.5249432315891,"nonveg_571",0,0,0,0,0,0,0,0,0,0,0,0,0,0,0,0,0,0,0,0,0,0,0,0,0,0,0,0,0,0,0,1,0,0
1,0,0,1727.99803533876,265.156430717334,822.494864348611,-11.3849407186594,"nonveg_1234",0,0,0,1,0,0,0,0,0,0,0,0,0,0,0,0,0,0,0,0,0,0,0,0,0,0,0,0,0,0,0,0,0,0
0.885928153991699,0,0,1774.81679546163,5151.89326653124,1240.42062569814,-0.670453629031241,"USA.InteriorAlaska.FRYINGPAN",0,0,0,0,0,0,0,0,1,0,0,0,0,0,0,0,0,0,0,0,0,0,0,0,0,0,0,0,0,0,0,0,0,0
0.10041776796182,0,0,1776.14054851484,4934.70691928203,1175.02900603677,-1.33545264797546,"USA.YukonKuskokwimDelta.UB6",103.643333333333,0,0,0,0,0,0,0,0,0,0,0,0,0,0,0,0,0,0,0,0,1,0,0,0,0,0,0,0,0,0,0,0,0
0.997793197631836,0,0,231.574418159165,1325.68313940565,1905.37432859029,-14.5058635625746,"nonveg_919",0,0,0,0,0,0,0,0,0,0,0,0,0,0,0,0,0,0,0,0,0,0,0,0,1,0,0,0,0,0,0,0,0,0
1,0,0,328.165905366253,1617.05026982737,654.425661279808,5.55200810870063,"nonveg_760",0,0,0,1,0,0,0,0,0,0,0,0,0,0,0,0,0,0,0,0,0,0,0,0,0,0,0,0,0,0,0,0,0,0
0.981866538524628,0,0,1440.1702125185,4591.45247083965,1315.63292523335,-7.3664012394602,"Canada.ChukotkaRiver.TPO3",26.48,1,0,0,0,0,0,0,0,0,0,0,0,0,0,0,0,0,0,0,0,0,0,0,0,0,0,0,0,0,0,0,0,0
1,0,0,519.309576248936,879.124727553028,871.429880721505,-18.2042609466818,"nonveg_752",0,0,0,1,0,0,0,0,0,0,0,0,0,0,0,0,0,0,0,0,0,0,0,0,0,0,0,0,0,0,0,0,0,0
1,0,0,1112.70228758422,1812.88895630167,2817.4261266179,-11.6193342543931,"Canada.EllefRingnesIsland.Isachsen-C01",0,0,0,1,0,0,0,0,0,0,0,0,0,0,0,0,0,0,0,0,0,0,0,0,0,0,0,0,0,0,0,0,0,0
0.248646378517151,9.6,1,2313.76503096992,5740.31846559506,1200.49947395505,-3.44681497590281,"Norway.Javrresduottar.A-Hummock",56.618,0,0,0,0,0,0,0,0,1,0,0,0,0,0,0,0,0,0,0,0,0,0,0,0,0,0,0,0,0,0,0,0,0
0.644614100456238,0,0,870.794547431029,881.090289609988,819.968253871842,2.86007792396697,"nonveg_1889",0,0,0,0,0,0,0,0,0,0,0,0,0,0,0,0,0,0,0,0,0,0,0,0,0,0,1,0,0,0,0,0,0,0
0.982466459274292,0,0,1364.36015936626,2175.72709490766,1770.23018913891,-9.32132868499292,"Canada.Ivujivik.TP10",76,1,0,0,0,0,0,0,0,0,0,0,0,0,0,0,0,0,0,0,0,0,0,0,0,0,0,0,0,0,0,0,0,0
0.0572255970910193,0,0,2522.92791872271,5577.21318747541,1118.42335188872,1.7080207990402,"USA.YukonKuskokwimDelta.72B4",334.435,0,0,0,0,0,0,0,0,0,0,0,0,0,0,0,0,0,0,0,0,1,0,0,0,0,0,0,0,0,0,0,0,0
0.00999999977648258,23.3333333333333,1,2814.58052157953,6157.07986893019,2018.390954727,-3.492911846923,"Sweden.Abisko.VJ-SalixShrub",725.053333333333,0,0,0,0,0,0,0,0,0,1,0,0,0,0,0,0,0,0,0,0,0,0,0,0,0,0,0,0,0,0,0,0,0
0.982466459274292,0,0,1364.36015936626,2175.72709490766,1770.23018913891,-9.32132868499292,"Canada.Ivujivik.TP10",76,1,0,0,0,0,0,0,0,0,0,0,0,0,0,0,0,0,0,0,0,0,0,0,0,0,0,0,0,0,0,0,0,0
0.998695969581604,0,0,710.803887174036,1386.47022592121,1405.815738547,-5.2564473379006,"nonveg_998",0,1,0,0,0,0,0,0,0,0,0,0,0,0,0,0,0,0,0,0,0,0,0,0,0,0,0,0,0,0,0,0,0,0
0.999985337257385,0,0,429.235331693446,275.2495595749,2575.04237917239,-25.1008508267729,"nonveg_842",0,0,0,0,0,0,0,0,0,0,0,0,0,0,0,0,0,0,0,0,0,0,0,0,0,1,0,0,0,0,0,0,0,0
0.99968820810318,0,0,876.578431394461,2415.48610758545,1617.24119496608,2.44604396009711,"nonveg_758",0,0,0,0,0,0,0,1,0,0,0,0,0,0,0,0,0,0,0,0,0,0,0,0,0,0,0,0,0,0,0,0,0,0
0.967046320438385,0,0,2004.51941624719,6191.39004529922,3674.61947362505,-13.8814300158297,"Canada.DeceptionBay.BEGL3",1228.56,1,0,0,0,0,0,0,0,0,0,0,0,0,0,0,0,0,0,0,0,0,0,0,0,0,0,0,0,0,0,0,0,0
0.927528487311469,0,0,1137.20048962942,4070.81891208712,3385.20454073383,-13.7279702845954,"Canada.Yukon.WHEATEAR",69.2911111111111,0,0,0,0,0,0,0,1,0,0,0,0,0,0,0,0,0,0,0,0,0,0,0,0,0,0,0,0,0,0,0,0,0
0.280487775802612,68,1,2045.4607532268,6659.44438167905,1289.20505028939,8.25152959333459,"USA.InteriorAlaska.17",2250.66,0,0,0,0,0,0,0,0,0,0,0,0,0,0,0,0,1,0,0,0,0,0,0,0,0,0,0,0,0,0,0,0,0
0.999994099140167,0,0,1161.86702807338,-1704.62294205522,2559.10406148828,-15.1931913272817,"nonveg_1695",0,1,0,0,0,0,0,0,0,0,0,0,0,0,0,0,0,0,0,0,0,0,0,0,0,0,0,0,0,0,0,0,0,0
0.913195550441742,0,0,453.368379396395,780.482908274715,1441.06007825746,-17.0219988888149,"nonveg_1340",0,0,0,0,0,0,0,0,0,0,0,1,0,0,0,0,0,0,0,0,0,0,0,0,0,0,0,0,0,0,0,0,0,0
0.977506577968597,0,0,1614.54882455646,4448.52549331906,2729.54061743696,-5.20956018203865,"USA.NorthSlope.14",103.766666666667,0,0,0,0,0,0,0,0,0,0,0,0,0,0,0,0,0,0,0,1,0,0,0,0,0,0,0,0,0,0,0,0,0
0.999999403953552,0,0,1007.09886646285,166.48036956561,1390.59158945623,-15.6735265382924,"nonveg_703",0,0,0,0,0,0,0,0,0,0,0,0,0,0,0,0,0,0,0,0,0,0,0,0,0,0,0,0,0,0,0,1,0,0
0.99999988079071,0,0,677.549666582203,3423.47239592249,1217.23174074427,-6.38890857936881,"Canada.PrincePatrickIsland.MouldBay-C05",0.0375,0,0,1,0,0,0,0,0,0,0,0,0,0,0,0,0,0,0,0,0,0,0,0,0,0,0,0,0,0,0,0,0,0
0.159358277916908,56,1,2185.85913439385,7155.41599729663,1394.85430202556,-3.70582451476991,"USA.InteriorAlaska.21",840.1,0,0,0,0,0,0,0,0,0,0,0,0,0,0,0,0,1,0,0,0,0,0,0,0,0,0,0,0,0,0,0,0,0
0.849595586458842,0,0,1073.49479567162,4498.45358786562,2219.09490789015,0.1564026308303,"Russia.Tazovsky.Unburned28",126.353333333333,0,0,0,0,0,0,0,0,0,0,0,0,1,0,0,0,0,0,0,0,0,0,0,0,0,0,0,0,0,0,0,0,0
0.999954879283905,0,0,941.369262647695,744.798863907415,1409.83775521958,0.131156280604338,"nonveg_688",0,1,0,0,0,0,0,0,0,0,0,0,0,0,0,0,0,0,0,0,0,0,0,0,0,0,0,0,0,0,0,0,0,0
0.99999988079071,0,0,392.374920950354,1652.5181528664,1572.50233472716,-8.81916933400278,"nonveg_832",0,0,0,1,0,0,0,0,0,0,0,0,0,0,0,0,0,0,0,0,0,0,0,0,0,0,0,0,0,0,0,0,0,0
0.999987363815308,0,0,1687.51546703566,1662.95882846893,2256.04814742145,-23.2940727689143,"nonveg_628",0,1,0,0,0,0,0,0,0,0,0,0,0,0,0,0,0,0,0,0,0,0,0,0,0,0,0,0,0,0,0,0,0,0
0.10041776796182,0,0,1776.14054851484,4934.70691928203,1175.02900603677,-1.33545264797546,"USA.YukonKuskokwimDelta.UB6",103.643333333333,0,0,0,0,0,0,0,0,0,0,0,0,0,0,0,0,0,0,0,0,1,0,0,0,0,0,0,0,0,0,0,0,0
0.989047706127167,0,0,2667.00308437351,5103.01807973872,1595.85536942911,-0.0740842718471022,"USA.Toolik.S1",258.983333333333,0,0,0,0,0,0,1,0,0,0,0,0,0,0,0,0,0,0,0,0,0,0,0,0,0,0,0,0,0,0,0,0,0
0.957978692319658,0,0,2259.46898674507,4991.54572069498,2796.30172788954,-6.34888317846494,"Canada.DeceptionBay.BEGL2",811.44,1,0,0,0,0,0,0,0,0,0,0,0,0,0,0,0,0,0,0,0,0,0,0,0,0,0,0,0,0,0,0,0,0
0.99995082616806,0,0,344.736613975789,1666.80355258267,1239.64890945921,-4.77778737080075,"nonveg_913",0,1,0,0,0,0,0,0,0,0,0,0,0,0,0,0,0,0,0,0,0,0,0,0,0,0,0,0,0,0,0,0,0,0
0.107672557234764,0,0,1615.43469991976,4251.1303762736,1422.81470308942,0.728539136285068,"USA.YukonKuskokwimDelta.15B7",38.7966666666667,0,0,0,0,0,0,0,0,0,0,0,0,0,0,0,0,0,0,0,0,1,0,0,0,0,0,0,0,0,0,0,0,0
0.791532576084137,0,0,2639.73688781333,4690.30239321464,2996.77637033994,-22.743844136718,"USA.InteriorAlaska.EXCELSIOR",177.741333333333,0,0,0,0,0,0,0,1,0,0,0,0,0,0,0,0,0,0,0,0,0,0,0,0,0,0,0,0,0,0,0,0,0
0.999980211257935,0,0,474.476172765337,3086.196747645,1785.87190146483,-3.52387284962369,"Canada.BanksIsland.GreenCabin-C00",41.2933333333333,1,0,0,0,0,0,0,0,0,0,0,0,0,0,0,0,0,0,0,0,0,0,0,0,0,0,0,0,0,0,0,0,0
0.999830846985181,0,0,849.076577265388,5532.38952607763,1161.95018466259,-7.38489866393905,"Russia.Kytalyk.T1",43.4075,0,0,0,0,0,0,0,0,0,0,0,1,0,0,0,0,0,0,0,0,0,0,0,0,0,0,0,0,0,0,0,0,0
0.929984927177429,0,0,2135.4703860598,4693.31803913249,2516.89212290868,-21.0645319914755,"Canada.CoutureLake.TDO4",115.9,0,0,0,1,0,0,0,0,0,0,0,0,0,0,0,0,0,0,0,0,0,0,0,0,0,0,0,0,0,0,0,0,0
0.152959242463112,0,0,1043.91859486729,1396.74784641685,1342.83855778151,-1.50293736031852,"nonveg_736",0,0,0,0,0,0,0,0,0,0,1,0,0,0,0,0,0,0,0,0,0,0,0,0,0,0,0,0,0,0,0,0,0,0
0.970430552959442,0,0,979.662557616505,970.045628394564,2292.96081498068,-4.68754586668437,"Canada.Ivujivik.RTP13",299.4,1,0,0,0,0,0,0,0,0,0,0,0,0,0,0,0,0,0,0,0,0,0,0,0,0,0,0,0,0,0,0,0,0
0.884397149085999,1.22222222222222,0,1918.80626938563,5745.15744443244,3281.46776076763,-10.6726392298625,"Canada.PayneLake.TDA0",897.6,0,0,0,1,0,0,0,0,0,0,0,0,0,0,0,0,0,0,0,0,0,0,0,0,0,0,0,0,0,0,0,0,0
0.974431470036507,0,0,665.825365802986,1844.38622719439,2626.33511943392,-10.9107864348475,"Canada.Ivujivik.TP12",329.1,1,0,0,0,0,0,0,0,0,0,0,0,0,0,0,0,0,0,0,0,0,0,0,0,0,0,0,0,0,0,0,0,0
0.992845853169759,0,0,2917.88861520445,5232.89227959546,2269.33957558327,-9.79630198397911,"USA.BrooksRange.8",391.366666666667,0,0,0,0,0,0,1,0,0,0,0,0,0,0,0,0,0,0,0,0,0,0,0,0,0,0,0,0,0,0,0,0,0
0.999999940395355,0,0,943.16512746224,853.817047909327,1236.79848964082,2.08547820252314,"nonveg_674",0,0,0,1,0,0,0,0,0,0,0,0,0,0,0,0,0,0,0,0,0,0,0,0,0,0,0,0,0,0,0,0,0,0
0.999998152256012,0,0,728.704290681937,870.575404385454,1030.54235498669,1.50468898846445,"nonveg_814",0,0,0,0,0,0,0,0,0,0,0,0,0,0,0,0,0,0,0,0,0,0,0,0,0,0,0,0,0,0,0,1,0,0
0.99794465303421,0,0,1905.82275960382,5342.62849597696,1914.85181352978,-9.88466099274707,"Russia.Kolyma.T2",67.504,0,0,0,0,0,0,0,0,0,0,0,1,0,0,0,0,0,0,0,0,0,0,0,0,0,0,0,0,0,0,0,0,0
0.98212057352066,0,0,2253.63506915857,4263.52641981919,3062.59589100699,1.15038683123489,"Canada.DaringLake.Tower1-SedgeTussock",135.643611111111,0,0,0,1,0,0,0,0,0,0,0,0,0,0,0,0,0,0,0,0,0,0,0,0,0,0,0,0,0,0,0,0,0
0.704332053661346,6.33333333333333,0,1811.49112284591,6719.28602822065,2830.27542115206,-4.29617627065802,"Canada.ClearwaterLake.AB3",1475.2,0,1,0,0,0,0,0,0,0,0,0,0,0,0,0,0,0,0,0,0,0,0,0,0,0,0,0,0,0,0,0,0,0
0.999980181455613,0,0,961.068431990015,2369.34496219451,1542.26573101705,-1.74888078644685,"Canada.BanksIsland.GreenCabin-C07",1.4575,1,0,0,0,0,0,0,0,0,0,0,0,0,0,0,0,0,0,0,0,0,0,0,0,0,0,0,0,0,0,0,0,0
0.999904572963715,0,0,864.014872074499,1287.42094670087,589.531735262808,2.7303676222636,"nonveg_926",0,1,0,0,0,0,0,0,0,0,0,0,0,0,0,0,0,0,0,0,0,0,0,0,0,0,0,0,0,0,0,0,0,0
0.0704993885010482,0,0,1672.99980633573,4963.53615841927,1445.13255392621,-5.76424053679619,"USA.YukonKuskokwimDelta.B",29.4666666666667,0,0,0,0,0,0,0,0,0,0,0,0,0,0,0,0,0,0,0,0,1,0,0,0,0,0,0,0,0,0,0,0,0
0.968182027339935,0,0,1465.34754269009,3819.40422466613,1967.33725825874,-1.3388305644406,"USA.NorthSlope.FranklinBluffs-C15",55.6095454545455,0,0,0,0,0,0,0,0,0,0,0,0,0,0,0,1,0,0,0,0,0,0,0,0,0,0,0,0,0,0,0,0,0
0.232790768146515,0,0,1506.7282632144,5027.74817188838,2980.5207566688,-5.99207047370615,"Finland.Javrresduottar.EC-Sphagnum",11.84,0,0,0,0,0,0,0,0,1,0,0,0,0,0,0,0,0,0,0,0,0,0,0,0,0,0,0,0,0,0,0,0,0
0.999998152256012,0,0,523.813743503121,-240.423547116863,696.956679523648,-2.75192447236849,"nonveg_995",0,0,0,0,0,0,0,0,0,0,0,1,0,0,0,0,0,0,0,0,0,0,0,0,0,0,0,0,0,0,0,0,0,0
0.00999999977648258,20,1,2088.08934744252,4435.14545113872,3398.36061049825,-1.88144883555837,"USA.InteriorAlaska.23",1230.52,0,0,0,0,0,0,0,0,0,0,0,0,0,0,0,0,0,1,0,0,0,0,0,0,0,0,0,0,0,0,0,0,0
0.997309625148773,0,0,1455.6071642518,971.154269656362,1841.53824641931,11.8171260397891,"nonveg_695",0,0,0,0,0,0,0,0,0,0,0,0,0,0,0,0,0,0,0,0,0,0,0,0,0,0,0,0,0,0,0,1,0,0
0.980090737342834,0,0,2107.39677135046,3916.32263812817,3374.41674154368,-7.51254348637454,"Canada.DeceptionBay.TH6",144.56,1,0,0,0,0,0,0,0,0,0,0,0,0,0,0,0,0,0,0,0,0,0,0,0,0,0,0,0,0,0,0,0,0
0.989183664321899,0,0,517.957459228875,912.158822956552,805.962306091023,1.09204042427086,"nonveg_700",0,0,0,0,0,0,0,0,0,0,0,0,0,0,0,0,0,0,0,0,0,0,0,0,0,0,0,0,0,0,0,0,1,0
0.980090737342834,0,0,2107.39677135046,3916.32263812817,3374.41674154368,-7.51254348637454,"Canada.DeceptionBay.TH6",144.56,1,0,0,0,0,0,0,0,0,0,0,0,0,0,0,0,0,0,0,0,0,0,0,0,0,0,0,0,0,0,0,0,0
0.945127546787262,0,0,279.322560807525,1299.27788601344,1606.05630536465,-14.557032305446,"nonveg_935",0,0,0,0,0,0,0,0,0,0,0,0,0,0,0,0,0,0,0,0,0,0,0,0,0,0,0,0,0,1,0,0,0,0
0.999987363815308,0,0,1687.51546703566,1662.95882846893,2256.04814742145,-23.2940727689143,"nonveg_628",0,1,0,0,0,0,0,0,0,0,0,0,0,0,0,0,0,0,0,0,0,0,0,0,0,0,0,0,0,0,0,0,0,0
0.884397149085999,1.22222222222222,0,1918.80626938563,5745.15744443244,3281.46776076763,-10.6726392298625,"Canada.PayneLake.TDA0",897.6,0,0,0,1,0,0,0,0,0,0,0,0,0,0,0,0,0,0,0,0,0,0,0,0,0,0,0,0,0,0,0,0,0
0.982272068659464,0,0,1233.05342011428,4899.35664505956,2955.68896438563,-4.02354197517756,"Canada.DaringLake.Tower1-MixedTundra",254.454888888889,0,0,0,1,0,0,0,0,0,0,0,0,0,0,0,0,0,0,0,0,0,0,0,0,0,0,0,0,0,0,0,0,0
0.232790768146515,0,0,1591.07080336641,4790.41285269898,1212.05322126146,-1.55578209729734,"Norway.Javrresduottar.EC-Sedge",19.36,0,0,0,0,0,0,0,0,1,0,0,0,0,0,0,0,0,0,0,0,0,0,0,0,0,0,0,0,0,0,0,0,0
0.96023416519165,0,0,1048.06603090849,682.009447107421,1949.46270496307,-5.68550400673349,"nonveg_751",0,0,0,0,0,0,0,0,0,0,0,0,0,0,0,0,0,0,0,0,0,0,0,0,0,0,1,0,0,0,0,0,0,0
0.00999999977648258,0,0,2058.25476147489,4887.47277110756,798.110813242961,-3.11259120545364,"USA.YukonKuskokwimDelta.UB3",154.244074074074,0,0,0,0,0,0,0,0,0,0,0,0,0,0,0,0,0,0,0,0,1,0,0,0,0,0,0,0,0,0,0,0,0
0.159358277916908,56,1,2185.85913439385,7155.41599729663,1394.85430202556,-3.70582451476991,"USA.InteriorAlaska.21",840.1,0,0,0,0,0,0,0,0,0,0,0,0,0,0,0,0,1,0,0,0,0,0,0,0,0,0,0,0,0,0,0,0,0
0.999990701675415,0,0,1231.70090497154,2766.55945755839,1148.99675142955,4.66205393686772,"nonveg_898",0,1,0,0,0,0,0,0,0,0,0,0,0,0,0,0,0,0,0,0,0,0,0,0,0,0,0,0,0,0,0,0,0,0
0.982234060764313,0,0,1127.43687157757,4492.9725473977,3218.76580440999,-16.0553646800817,"Canada.DaringLake.Tower1-DwarfShrub",369.766666666667,0,0,0,1,0,0,0,0,0,0,0,0,0,0,0,0,0,0,0,0,0,0,0,0,0,0,0,0,0,0,0,0,0
0.994365394115448,0,0,408.694461438575,1275.95703286608,697.278529400152,-10.6948756040408,"nonveg_874",0,0,0,1,0,0,0,0,0,0,0,0,0,0,0,0,0,0,0,0,0,0,0,0,0,0,0,0,0,0,0,0,0,0
0.989047706127167,0,0,2667.00308437351,5103.01807973872,1595.85536942911,-0.0740842718471022,"USA.Toolik.S1",258.983333333333,0,0,0,0,0,0,1,0,0,0,0,0,0,0,0,0,0,0,0,0,0,0,0,0,0,0,0,0,0,0,0,0,0
0.854110181331635,8.77777777777778,1,795.45544712495,3623.35347204078,1484.62335097882,-0.00202205316390378,"Canada.LeRoyLake.TD4",623.92,0,0,0,1,0,0,0,0,0,0,0,0,0,0,0,0,0,0,0,0,0,0,0,0,0,0,0,0,0,0,0,0,0
0.989294826984406,0,0,1853.38615144654,4880.61525542526,625.86450680465,0.548982973429702,"USA.Toolik.S2",464.9615,0,0,0,0,0,0,1,0,0,0,0,0,0,0,0,0,0,0,0,0,0,0,0,0,0,0,0,0,0,0,0,0,0
0.982338547706604,0,0,1138.03525961934,1071.27043801725,2391.46994175434,11.2036528118657,"nonveg_792",0,1,0,0,0,0,0,0,0,0,0,0,0,0,0,0,0,0,0,0,0,0,0,0,0,0,0,0,0,0,0,0,0,0
0.0568372057750823,6.83333333333333,0,1422.69708297933,6437.81163354019,3667.43688434807,-12.8579484621336,"Sweden.Abisko.KJ-BirchShrub",575.14,0,0,0,0,0,0,0,0,0,1,0,0,0,0,0,0,0,0,0,0,0,0,0,0,0,0,0,0,0,0,0,0,0
0.961219489574432,0,0,2691.29768020322,4706.78300655556,2412.50389810833,-7.37347062825722,"Canada.DeceptionBay.TH8",64.64,1,0,0,0,0,0,0,0,0,0,0,0,0,0,0,0,0,0,0,0,0,0,0,0,0,0,0,0,0,0,0,0,0
0.999919779598713,0,0,2492.17524482284,5446.00099263731,2697.72752926367,3.2917602885472,"Russia.Tiksi.GraminoidTundra",40.58875,0,0,0,0,0,0,0,0,0,0,0,0,0,1,0,0,0,0,0,0,0,0,0,0,0,0,0,0,0,0,0,0,0
0.0880620097741488,2.33333333333333,0,3125.32996598274,6051.30437638575,3493.5754868625,-32.1297450824744,"Sweden.Abisko.KJ-MesicHeath",469.826666666667,0,0,0,0,0,0,0,0,0,1,0,0,0,0,0,0,0,0,0,0,0,0,0,0,0,0,0,0,0,0,0,0,0
0.849595586458842,0,0,1073.49479567162,4498.45358786562,2219.09490789015,0.1564026308303,"Russia.Tazovsky.Unburned28",126.353333333333,0,0,0,0,0,0,0,0,0,0,0,0,1,0,0,0,0,0,0,0,0,0,0,0,0,0,0,0,0,0,0,0,0
0.999683976173401,0,0,1526.98975981326,2608.20240769492,3377.16541250447,-1.97968569301267,"nonveg_671",0,1,0,0,0,0,0,0,0,0,0,0,0,0,0,0,0,0,0,0,0,0,0,0,0,0,0,0,0,0,0,0,0,0
0.983469009399414,0,0,1398.20867348318,1608.35455355781,1397.20097709479,-0.427034008016999,"nonveg_915",0,0,0,0,0,0,0,0,0,0,0,0,0,0,0,0,0,0,0,0,0,0,0,0,1,0,0,0,0,0,0,0,0,0
0.0814584107138216,15,0,1934.25091890084,6038.93898976953,2326.21752998454,-7.51485007012359,"Sweden.Abisko.NF-SeasonallyFlooded",78.2825,0,0,0,0,0,0,0,0,0,1,0,0,0,0,0,0,0,0,0,0,0,0,0,0,0,0,0,0,0,0,0,0,0
0.104498048623403,0,0,1941.63580603475,5079.0672884889,1319.22602483606,3.4037910602193,"USA.YukonKuskokwimDelta.UB7",268.483333333333,0,0,0,0,0,0,0,0,0,0,0,0,0,0,0,0,0,0,0,0,1,0,0,0,0,0,0,0,0,0,0,0,0
0.974346518516541,0,0,1175.77774580825,5267.10578376878,1208.51607253105,-0.162773688402816,"USA.NorthSlope.Sagwon-C18",117.47,0,0,0,0,0,0,0,0,0,0,0,0,0,0,0,1,0,0,0,0,0,0,0,0,0,0,0,0,0,0,0,0,0
0.999993324279785,0,0,671.865479457518,2107.71545110931,989.021662112804,-1.63929059388649,"nonveg_985",0,0,0,0,0,0,0,0,0,0,0,0,0,0,1,0,0,0,0,0,0,0,0,0,0,0,0,0,0,0,0,0,0,0
0.998158931732178,0,0,1172.92799272019,1535.26289117418,718.641721035393,6.51922661761465,"nonveg_627",0,0,0,0,0,0,0,1,0,0,0,0,0,0,0,0,0,0,0,0,0,0,0,0,0,0,0,0,0,0,0,0,0,0
0.968182027339935,0,0,2412.44342807105,4636.4764216432,1830.84448752849,-2.61288696276441,"USA.NorthSlope.15",6.7,0,0,0,0,0,0,0,0,0,0,0,0,0,0,0,1,0,0,0,0,0,0,0,0,0,0,0,0,0,0,0,0,0
0.950726509094238,0,0,644.371462207339,964.969646918304,1667.12404401289,-11.8529165859289,"nonveg_923",0,0,0,0,0,0,0,0,0,0,0,0,0,0,0,0,0,0,0,0,0,0,0,0,0,0,0,0,0,1,0,0,0,0
0.999777436256409,0,0,1345.1831564077,-2093.22946666643,1789.88795715944,12.5362286314398,"nonveg_1367",0,0,0,0,0,0,0,0,0,0,0,0,0,0,0,0,0,0,0,0,0,0,0,0,0,1,0,0,0,0,0,0,0,0
0.999998033046722,0,0,398.923302769199,1025.53557240042,1462.39919081391,-12.9926672450356,"nonveg_941",0,1,0,0,0,0,0,0,0,0,0,0,0,0,0,0,0,0,0,0,0,0,0,0,0,0,0,0,0,0,0,0,0,0
0.549120128154755,0,0,1019.88923081129,6018.48612692155,6950.60819579224,-3.69209702947979,"nonveg_1607",0,0,0,0,0,0,0,0,0,0,0,0,0,0,0,0,0,0,0,0,0,1,0,0,0,0,0,0,0,0,0,0,0,0
0.760633587837219,0,0,1982.03681530216,5472.50424351536,2195.60843615433,-13.712166776842,"USA.BrooksRange.7",143.533333333333,0,0,0,0,0,0,1,0,0,0,0,0,0,0,0,0,0,0,0,0,0,0,0,0,0,0,0,0,0,0,0,0,0
0.00999999977648258,0,0,1137.5050850215,3138.86649915305,2261.19841129531,-0.74570330442955,"nonveg_547",0,0,0,0,0,0,0,0,0,0,0,1,0,0,0,0,0,0,0,0,0,0,0,0,0,0,0,0,0,0,0,0,0,0
0.999998152256012,0,0,728.704290681937,870.575404385454,1030.54235498669,1.50468898846445,"nonveg_814",0,0,0,0,0,0,0,0,0,0,0,0,0,0,0,0,0,0,0,0,0,0,0,0,0,0,0,0,0,0,0,1,0,0
0.995380103588104,0,0,1043.44065197019,1118.88712869584,963.58258641492,0.338524760590747,"nonveg_902",0,0,0,0,1,0,0,0,0,0,0,0,0,0,0,0,0,0,0,0,0,0,0,0,0,0,0,0,0,0,0,0,0,0
0.999622642993927,0,0,529.094966902521,956.941199061629,1120.84482929364,-0.259678088396356,"nonveg_790",0,0,0,0,0,0,0,0,0,0,0,0,0,0,0,0,0,0,0,0,0,0,0,0,0,0,0,0,0,0,0,0,1,0
0.399832218885422,0,0,2683.19579164775,5436.55753707206,2578.32614040329,-1.68702470288091,"USA.SewardPeninsula.19",897.533333333333,0,0,0,0,0,0,0,0,0,0,0,0,0,0,0,0,0,0,1,0,0,0,0,0,0,0,0,0,0,0,0,0,0
0.549120128154755,0,0,1019.88923081129,6018.48612692155,6950.60819579224,-3.69209702947979,"nonveg_1607",0,0,0,0,0,0,0,0,0,0,0,0,0,0,0,0,0,0,0,0,0,1,0,0,0,0,0,0,0,0,0,0,0,0
0.999980211257935,0,0,1500.48580519763,3937.8252327998,756.404231980678,9.69561348661639,"Canada.BanksIsland.GreenCabin-C11",39.23,1,0,0,0,0,0,0,0,0,0,0,0,0,0,0,0,0,0,0,0,0,0,0,0,0,0,0,0,0,0,0,0,0
0.931943535804749,0,0,2352.35230721595,5139.91583102084,1536.8434538142,-0.354396039377342,"Russia.Yamal.VaskinyDachi-2",149.64,0,0,0,0,0,0,0,0,0,0,0,0,1,0,0,0,0,0,0,0,0,0,0,0,0,0,0,0,0,0,0,0,0
0.883681356906891,1.08888888888889,1,1437.79135289376,5101.45127307,1782.57377451572,-14.6299048567667,"Canada.Yukon.SOUTHSTONEBOY",156.900222222222,0,0,0,0,0,0,0,1,0,0,0,0,0,0,0,0,0,0,0,0,0,0,0,0,0,0,0,0,0,0,0,0,0
0.916773855686188,0,0,899.701966815916,4829.74370026837,1610.99548960047,-36.485918384398,"Canada.Yukon.UPPERPALDO",224.029333333333,0,0,0,0,0,0,0,1,0,0,0,0,0,0,0,0,0,0,0,0,0,0,0,0,0,0,0,0,0,0,0,0,0
0.100188583135605,15,0,2244.51952167896,5440.13599042029,1430.76777679329,7.38254128500589,"USA.YukonKuskokwimDelta.2",282.426666666667,0,0,0,0,0,0,0,0,0,0,0,0,0,0,0,0,0,0,0,0,1,0,0,0,0,0,0,0,0,0,0,0,0
0.999999940395355,0,0,539.437787610988,677.577859016962,1271.7227867386,5.7739961408927,"nonveg_955",0,0,0,1,0,0,0,0,0,0,0,0,0,0,0,0,0,0,0,0,0,0,0,0,0,0,0,0,0,0,0,0,0,0
0.00999999977648258,9,1,2316.30579854782,6069.43359162273,1912.28913503334,7.27293256410337,"Sweden.Abisko.VJ-MesicHeath",232.206666666667,0,0,0,0,0,0,0,0,0,1,0,0,0,0,0,0,0,0,0,0,0,0,0,0,0,0,0,0,0,0,0,0,0
0.990592211484909,0,0,1446.94455789484,2272.52769522816,1279.8637411791,9.43521322867924,"USA.NorthSlope.HoweIsland-C12",0.6225,0,0,0,0,0,0,0,0,0,0,0,0,0,0,0,0,0,0,0,1,0,0,0,0,0,0,0,0,0,0,0,0,0
0.996185621950361,0,0,2043.98069016465,6147.7360272665,2111.13476309435,1.37202532676271,"Canada.Yukon.PAGE",209.504222222222,0,0,0,0,0,0,1,0,0,0,0,0,0,0,0,0,0,0,0,0,0,0,0,0,0,0,0,0,0,0,0,0,0
0.999990701675415,0,0,1231.70090497154,2766.55945755839,1148.99675142955,4.66205393686772,"nonveg_898",0,1,0,0,0,0,0,0,0,0,0,0,0,0,0,0,0,0,0,0,0,0,0,0,0,0,0,0,0,0,0,0,0,0
0.999998867511749,0,0,147.139796863684,298.575777223644,1068.82005811535,-10.5100671129626,"nonveg_1416",0,0,0,0,0,0,0,0,0,0,0,0,0,0,0,0,0,0,0,0,0,0,1,0,0,0,0,0,0,0,0,0,0,0
0.280487775802612,68,1,2045.4607532268,6659.44438167905,1289.20505028939,8.25152959333459,"USA.InteriorAlaska.17",2250.66,0,0,0,0,0,0,0,0,0,0,0,0,0,0,0,0,1,0,0,0,0,0,0,0,0,0,0,0,0,0,0,0,0
0.999830846985181,0,0,849.076577265388,5532.38952607763,1161.95018466259,-7.38489866393905,"Russia.Kytalyk.T1",43.4075,0,0,0,0,0,0,0,0,0,0,0,1,0,0,0,0,0,0,0,0,0,0,0,0,0,0,0,0,0,0,0,0,0
0.974101960659027,0,0,1554.52664531429,4735.92002318057,1498.51080586346,-3.99889440869816,"USA.NorthSlope.Sagwon-C16",92.746,0,0,0,0,0,0,0,0,0,0,0,0,0,0,0,1,0,0,0,0,0,0,0,0,0,0,0,0,0,0,0,0,0
0.982272068659464,0,0,1233.05342011428,4899.35664505956,2955.68896438563,-4.02354197517756,"Canada.DaringLake.Tower1-MixedTundra",254.454888888889,0,0,0,1,0,0,0,0,0,0,0,0,0,0,0,0,0,0,0,0,0,0,0,0,0,0,0,0,0,0,0,0,0
0.00999999977648258,0,0,1539.33655739214,4856.80554619171,890.653276655867,1.76325263831301,"USA.YukonKuskokwimDelta.UB5",301.01,0,0,0,0,0,0,0,0,0,0,0,0,0,0,0,0,0,0,0,0,1,0,0,0,0,0,0,0,0,0,0,0,0
0.968182027339935,0,0,2412.44342807105,4636.4764216432,1830.84448752849,-2.61288696276441,"USA.NorthSlope.15",6.7,0,0,0,0,0,0,0,0,0,0,0,0,0,0,0,1,0,0,0,0,0,0,0,0,0,0,0,0,0,0,0,0,0
0.854110181331635,8.77777777777778,1,795.45544712495,3623.35347204078,1484.62335097882,-0.00202205316390378,"Canada.LeRoyLake.TD4",623.92,0,0,0,1,0,0,0,0,0,0,0,0,0,0,0,0,0,0,0,0,0,0,0,0,0,0,0,0,0,0,0,0,0
0.999999940395355,0,0,539.437787610988,677.577859016962,1271.7227867386,5.7739961408927,"nonveg_955",0,0,0,1,0,0,0,0,0,0,0,0,0,0,0,0,0,0,0,0,0,0,0,0,0,0,0,0,0,0,0,0,0,0
0.916773855686188,0,0,899.701966815916,4829.74370026837,1610.99548960047,-36.485918384398,"Canada.Yukon.UPPERPALDO",224.029333333333,0,0,0,0,0,0,0,1,0,0,0,0,0,0,0,0,0,0,0,0,0,0,0,0,0,0,0,0,0,0,0,0,0
0.994853973388672,0,0,903.980827305779,438.833609016696,1790.47287163077,-6.31508504778958,"nonveg_956",0,0,0,0,0,0,0,0,0,0,0,0,0,0,0,0,0,0,0,0,0,0,0,0,1,0,0,0,0,0,0,0,0,0
0.564201891422272,86,1,4441.57122268564,5391.85459069585,4772.38474802343,-8.51883786083253,"Canada.KluaneLake.Outpost-ShrubTundra",2735.12,0,0,0,0,1,0,0,0,0,0,0,0,0,0,0,0,0,0,0,0,0,0,0,0,0,0,0,0,0,0,0,0,0
0.994602259000142,0,0,1332.81148743109,3616.25481084195,1465.14597449203,4.24508478073432,"USA.NorthSlope.Atqasuk",5.56111111111111,0,0,0,0,0,0,0,0,0,0,0,0,0,0,0,0,0,0,0,1,0,0,0,0,0,0,0,0,0,0,0,0,0
0.997956037521362,0,0,1497.32721963403,274.246500133055,2731.45879347308,-21.5724081510799,"nonveg_593",0,0,0,0,0,0,0,0,0,0,0,0,0,0,0,0,0,0,0,0,0,0,0,0,1,0,0,0,0,0,0,0,0,0
0.0814584107138216,15,0,1934.25091890084,6038.93898976953,2326.21752998454,-7.51485007012359,"Sweden.Abisko.NF-SeasonallyFlooded",78.2825,0,0,0,0,0,0,0,0,0,1,0,0,0,0,0,0,0,0,0,0,0,0,0,0,0,0,0,0,0,0,0,0,0
0.999838352203369,0,0,403.882111057882,1546.58814716953,1604.56327330363,-8.84737299317392,"nonveg_666",0,0,0,0,0,0,0,1,0,0,0,0,0,0,0,0,0,0,0,0,0,0,0,0,0,0,0,0,0,0,0,0,0,0
0.849971115589142,0,0,978.226980731403,-513.863222611766,3940.799716171,1.60578290870138,"nonveg_1290",0,0,0,0,0,0,1,0,0,0,0,0,0,0,0,0,0,0,0,0,0,0,0,0,0,0,0,0,0,0,0,0,0,0
0.77942117717531,3.33333333333333,0,717.53172649509,4060.56378632326,2225.29658815992,-3.38195854373951,"Canada.BonifaceRiver.LSA4",756.4,0,1,0,0,0,0,0,0,0,0,0,0,0,0,0,0,0,0,0,0,0,0,0,0,0,0,0,0,0,0,0,0,0
0.968232691287994,0,0,2008.18605371519,5031.89029881049,907.954409337204,1.59556744880366,"USA.NorthSlope.HappyValley-C19",319.574,0,0,0,0,0,0,0,0,0,0,0,0,0,0,0,1,0,0,0,0,0,0,0,0,0,0,0,0,0,0,0,0,0
0.898311972618103,0,0,2432.96562236244,5166.69379456582,1655.83125113785,0.930799421124578,"USA.InteriorAlaska.AMSUMMIT",60.3564444444444,0,0,0,0,0,0,0,1,0,0,0,0,0,0,0,0,0,0,0,0,0,0,0,0,0,0,0,0,0,0,0,0,0
0.989183664321899,0,0,517.957459228875,912.158822956552,805.962306091023,1.09204042427086,"nonveg_700",0,0,0,0,0,0,0,0,0,0,0,0,0,0,0,0,0,0,0,0,0,0,0,0,0,0,0,0,0,0,0,0,1,0
0.100689567625523,0,0,1549.61732694323,4543.1556487765,1480.88111675598,-1.44324877416151,"USA.YukonKuskokwimDelta.6",117.023333333333,0,0,0,0,0,0,0,0,0,0,0,0,0,0,0,0,0,0,0,0,1,0,0,0,0,0,0,0,0,0,0,0,0
0.977915755907694,6.42222222222222,1,1582.62107599284,5724.96987736521,3593.9200987715,-8.27493523024237,"Canada.DaringLake.Tower4-LowShrub-1",214.403777777778,0,0,0,1,0,0,0,0,0,0,0,0,0,0,0,0,0,0,0,0,0,0,0,0,0,0,0,0,0,0,0,0,0
0.995325565338135,0,0,340.777338760479,1082.36437024931,1448.56298012489,-7.87205720669321,"nonveg_979",0,1,0,0,0,0,0,0,0,0,0,0,0,0,0,0,0,0,0,0,0,0,0,0,0,0,0,0,0,0,0,0,0,0
0.999793112277985,0,0,1279.14213672474,1136.9619660759,1667.03018756392,-15.4306941704031,"nonveg_616",0,0,0,0,0,0,0,1,0,0,0,0,0,0,0,0,0,0,0,0,0,0,0,0,0,0,0,0,0,0,0,0,0,0
0.789879143238068,28.2222222222222,1,2459.82271075393,5724.17676844929,3549.8175530548,-11.1874221573096,"Canada.BonifaceRiver.AB2",967.2,0,1,0,0,0,0,0,0,0,0,0,0,0,0,0,0,0,0,0,0,0,0,0,0,0,0,0,0,0,0,0,0,0
0.232790768146515,0,0,1195.37605876133,4900.91676907199,2139.82716901415,-0.997016217875405,"Norway.Javrresduottar.EC-Salix",557.24,0,0,0,0,0,0,0,0,1,0,0,0,0,0,0,0,0,0,0,0,0,0,0,0,0,0,0,0,0,0,0,0,0
0.999999642372131,0,0,724.929123176568,-11.6296197807334,771.378280663023,-10.0797910387697,"nonveg_1213",0,0,0,1,0,0,0,0,0,0,0,0,0,0,0,0,0,0,0,0,0,0,0,0,0,0,0,0,0,0,0,0,0,0
0.108242653310299,0,0,1854.98285402042,6086.3241583378,1372.50901166986,-2.95416341959673,"Finland.Kevo.5",1306.224,0,0,0,0,0,0,0,0,1,0,0,0,0,0,0,0,0,0,0,0,0,0,0,0,0,0,0,0,0,0,0,0,0
0.999924550453822,0,0,1441.60579417608,3966.98705020513,2545.52368020952,11.7069476034208,"Russia.Tiksi.ShrubTundra",79.685,0,0,0,0,0,0,0,0,0,0,0,0,0,1,0,0,0,0,0,0,0,0,0,0,0,0,0,0,0,0,0,0,0
0.849595586458842,0,0,1073.49479567162,4498.45358786562,2219.09490789015,0.1564026308303,"Russia.Tazovsky.Unburned28",126.353333333333,0,0,0,0,0,0,0,0,0,0,0,0,1,0,0,0,0,0,0,0,0,0,0,0,0,0,0,0,0,0,0,0,0
0.989294826984406,0,0,1853.38615144654,4880.61525542526,625.86450680465,0.548982973429702,"USA.Toolik.S2",464.9615,0,0,0,0,0,0,1,0,0,0,0,0,0,0,0,0,0,0,0,0,0,0,0,0,0,0,0,0,0,0,0,0,0
0.100188583135605,15,0,2244.51952167896,5440.13599042029,1430.76777679329,7.38254128500589,"USA.YukonKuskokwimDelta.2",282.426666666667,0,0,0,0,0,0,0,0,0,0,0,0,0,0,0,0,0,0,0,0,1,0,0,0,0,0,0,0,0,0,0,0,0
0.99999988079071,0,0,553.928598574476,100.206609155657,1416.4566393695,-15.7317322826947,"nonveg_536",0,0,0,0,0,0,0,0,0,0,0,0,0,0,0,0,0,0,0,0,0,0,0,0,0,0,0,0,0,0,0,1,0,0
0.999999582767487,0,0,283.469886228295,747.743418713894,1618.56630396341,-14.1946678480157,"nonveg_866",0,1,0,0,0,0,0,0,0,0,0,0,0,0,0,0,0,0,0,0,0,0,0,0,0,0,0,0,0,0,0,0,0,0
0.153510108590126,0,0,2542.93901869159,6316.47654124776,2567.61497914638,-3.63749283168915,"Finland.Kilpisjarvi.16",734.192,0,0,0,0,0,0,0,0,1,0,0,0,0,0,0,0,0,0,0,0,0,0,0,0,0,0,0,0,0,0,0,0,0
0.568415880203247,8,1,2616.10955901674,4686.24748374255,1496.58137477783,10.6693699437726,"Russia.Yamal.Nadym-2-H",191.4,0,0,0,0,0,0,0,0,0,0,0,0,0,0,1,0,0,0,0,0,0,0,0,0,0,0,0,0,0,0,0,0,0
0.98212057352066,0,0,2253.63506915857,4263.52641981919,3062.59589100699,1.15038683123489,"Canada.DaringLake.Tower1-SedgeTussock",135.643611111111,0,0,0,1,0,0,0,0,0,0,0,0,0,0,0,0,0,0,0,0,0,0,0,0,0,0,0,0,0,0,0,0,0
0.00999999977648258,0,0,3365.87297952807,5396.04888265037,2616.23880532769,-11.6630767461278,"USA.YukonKuskokwimDelta.15B2",32.4951851851852,0,0,0,0,0,0,0,0,0,0,0,0,0,0,0,0,0,0,0,0,1,0,0,0,0,0,0,0,0,0,0,0,0
0.999984502792358,0,0,570.314204032988,1488.78246542256,1504.87498248305,-7.23519395872983,"nonveg_757",0,0,0,0,0,0,0,0,0,0,0,0,0,0,0,0,0,0,0,0,0,0,0,0,0,0,0,0,0,0,0,1,0,0
0.999979972839355,0,0,738.813346751758,577.171232961402,998.757531477182,-29.9930613881513,"nonveg_670",0,0,0,0,0,0,0,0,0,0,0,0,0,0,0,0,0,0,0,0,0,0,0,0,0,0,0,0,1,0,0,0,0,0
1,0,0,1984.21777460257,1902.94260383603,9885.35791378383,6.72034326049869,"nonveg_991",0,0,0,0,0,0,0,0,0,0,0,0,0,0,0,0,0,0,0,0,0,0,0,0,0,0,0,0,0,0,0,1,0,0
0.646776845057806,4.5,0,2370.58366827325,4488.61476855733,2665.78197604416,12.5206221075537,"Canada.KluaneLake.Quill-MixedTundra",145.933333333333,0,0,0,0,0,1,0,0,0,0,0,0,0,0,0,0,0,0,0,0,0,0,0,0,0,0,0,0,0,0,0,0,0
0.00999999977648258,2.33333333333333,0,1376.37876222001,5888.86904130349,2667.36086182962,-6.84676306251015,"Sweden.Abisko.VJ-DryHeath",134.133333333333,0,0,0,0,0,0,0,0,0,1,0,0,0,0,0,0,0,0,0,0,0,0,0,0,0,0,0,0,0,0,0,0,0
0.898311972618103,0,0,2432.96562236244,5166.69379456582,1655.83125113785,0.930799421124578,"USA.InteriorAlaska.AMSUMMIT",60.3564444444444,0,0,0,0,0,0,0,1,0,0,0,0,0,0,0,0,0,0,0,0,0,0,0,0,0,0,0,0,0,0,0,0,0
0.00999999977648258,9,1,2316.30579854782,6069.43359162273,1912.28913503334,7.27293256410337,"Sweden.Abisko.VJ-MesicHeath",232.206666666667,0,0,0,0,0,0,0,0,0,1,0,0,0,0,0,0,0,0,0,0,0,0,0,0,0,0,0,0,0,0,0,0,0
0.99999988079071,0,0,702.651695711213,3627.19922216811,2790.38262173773,-11.7062649261652,"Canada.PrincePatrickIsland.MouldBay-C06",28.4075,0,0,1,0,0,0,0,0,0,0,0,0,0,0,0,0,0,0,0,0,0,0,0,0,0,0,0,0,0,0,0,0,0
0.999990463256836,0,0,713.404654907736,1016.40499474734,1121.35803871464,-16.3390588799811,"nonveg_958",0,1,0,0,0,0,0,0,0,0,0,0,0,0,0,0,0,0,0,0,0,0,0,0,0,0,0,0,0,0,0,0,0,0
0.999991297721863,0,0,527.956426736584,1113.34501241026,750.55501416246,-6.68691088934727,"nonveg_894",0,1,0,0,0,0,0,0,0,0,0,0,0,0,0,0,0,0,0,0,0,0,0,0,0,0,0,0,0,0,0,0,0,0
1,0,0,383.475145027592,830.220751935944,731.433525932119,-4.36216317672785,"nonveg_768",0,0,0,1,0,0,0,0,0,0,0,0,0,0,0,0,0,0,0,0,0,0,0,0,0,0,0,0,0,0,0,0,0,0
0.259114384651184,0,0,1239.28967021434,5740.58285155661,2044.25298472215,-7.79608220770058,"Finland.Javrresduottar.A-Sphagnum",0.8,0,0,0,0,0,0,0,0,1,0,0,0,0,0,0,0,0,0,0,0,0,0,0,0,0,0,0,0,0,0,0,0,0
0.259114384651184,0,0,1951.69659688207,5693.01196903895,1574.42911075765,2.25189851511589,"Finland.Javrresduottar.A-Betula",981.24,0,0,0,0,0,0,0,0,1,0,0,0,0,0,0,0,0,0,0,0,0,0,0,0,0,0,0,0,0,0,0,0,0
0.109319090843201,0,0,1203.12840326632,4776.3911009992,909.079377635751,-0.219050999618242,"USA.YukonKuskokwimDelta.5",8.66666666666667,0,0,0,0,0,0,0,0,0,0,0,0,0,0,0,0,0,0,0,0,1,0,0,0,0,0,0,0,0,0,0,0,0
0.974346518516541,0,0,1175.77774580825,5267.10578376878,1208.51607253105,-0.162773688402816,"USA.NorthSlope.Sagwon-C18",117.47,0,0,0,0,0,0,0,0,0,0,0,0,0,0,0,1,0,0,0,0,0,0,0,0,0,0,0,0,0,0,0,0,0
0.988174200057983,0,0,1094.20225200813,6.34623930728822,1752.71908913794,-6.14333485977844,"nonveg_875",0,0,0,0,0,0,1,0,0,0,0,0,0,0,0,0,0,0,0,0,0,0,0,0,0,0,0,0,0,0,0,0,0,0
0.182136210799217,10.4,0,2252.15873062987,5499.59988540036,1966.1954349476,4.50822115451153,"Sweden.Abisko.NT-BirchShrub",974.878,0,0,0,0,0,0,0,0,0,1,0,0,0,0,0,0,0,0,0,0,0,0,0,0,0,0,0,0,0,0,0,0,0
0.989387691020966,0,0,778.077176729154,1343.20815412442,2048.90139472166,-3.1132526717,"nonveg_680",0,1,0,0,0,0,0,0,0,0,0,0,0,0,0,0,0,0,0,0,0,0,0,0,0,0,0,0,0,0,0,0,0,0
0.999911878790175,0,0,2306.05122323741,4622.42214071154,2253.26092021148,-11.4854639019711,"Russia.Tiksi.DryFen",24.24,0,0,0,0,0,0,0,0,0,0,0,0,0,1,0,0,0,0,0,0,0,0,0,0,0,0,0,0,0,0,0,0,0
0.70266447464625,2.88888888888889,1,1359.9191101687,3673.80975568294,2722.62507931188,-9.74140307721579,"Canada.ClearwaterLake.LS1",417.36,0,1,0,0,0,0,0,0,0,0,0,0,0,0,0,0,0,0,0,0,0,0,0,0,0,0,0,0,0,0,0,0,0
0.991431415081024,0,0,768.370259957378,3532.45491034118,2995.05575614665,-8.70069060853479,"Russia.Yamal.OstrovBelyy-2",62.16,0,0,0,0,0,0,0,0,0,0,0,0,1,0,0,0,0,0,0,0,0,0,0,0,0,0,0,0,0,0,0,0,0
0.999793112277985,0,0,1279.14213672474,1136.9619660759,1667.03018756392,-15.4306941704031,"nonveg_616",0,0,0,0,0,0,0,1,0,0,0,0,0,0,0,0,0,0,0,0,0,0,0,0,0,0,0,0,0,0,0,0,0,0
0.999683856964111,0,0,825.166557139572,1854.14599581777,700.899842630178,-3.76138496967605,"nonveg_507",0,1,0,0,0,0,0,0,0,0,0,0,0,0,0,0,0,0,0,0,0,0,0,0,0,0,0,0,0,0,0,0,0,0
0.790416896343231,0,0,1783.44023031355,4327.74359345559,2919.90727101936,-18.4381005839555,"Canada.BonifaceRiver.LSA6",442.4,0,1,0,0,0,0,0,0,0,0,0,0,0,0,0,0,0,0,0,0,0,0,0,0,0,0,0,0,0,0,0,0,0
0.932565271854401,0,0,1209.04344978191,5297.58181901907,3057.56506685137,-4.67117681406871,"Russia.Yamal.VaskinyDachi-1",120.092,0,0,0,0,0,0,0,0,0,0,0,0,1,0,0,0,0,0,0,0,0,0,0,0,0,0,0,0,0,0,0,0,0
0.984104573726654,0,0,2426.82933387948,5254.26600163073,1658.36844252413,-16.4520840333636,"USA.NorthSlope.Oumalik2",37.0175555555556,0,0,0,0,0,0,0,0,0,0,0,0,0,0,0,1,0,0,0,0,0,0,0,0,0,0,0,0,0,0,0,0,0
0.866365134716034,0,0,924.185314101877,-1372.77403627971,4226.24812356612,-196.424577664184,"nonveg_1994",0,0,0,0,0,0,0,0,0,0,0,0,0,1,0,0,0,0,0,0,0,0,0,0,0,0,0,0,0,0,0,0,0,0
0.753384411334992,0,0,1781.36413639979,2138.14108469052,2395.13521069791,-6.385874371009,"nonveg_619",0,0,0,0,1,0,0,0,0,0,0,0,0,0,0,0,0,0,0,0,0,0,0,0,0,0,0,0,0,0,0,0,0,0
0.181683570146561,0,0,851.820603510057,4501.93327644405,1848.43426060109,-5.09189285332593,"Finland.Kevo.12",309.456,0,0,0,0,0,0,0,0,0,1,0,0,0,0,0,0,0,0,0,0,0,0,0,0,0,0,0,0,0,0,0,0,0
0.153510108590126,0,0,2542.93901869159,6316.47654124776,2567.61497914638,-3.63749283168915,"Finland.Kilpisjarvi.16",734.192,0,0,0,0,0,0,0,0,1,0,0,0,0,0,0,0,0,0,0,0,0,0,0,0,0,0,0,0,0,0,0,0,0
0.0635282352034537,2,0,2838.95133013729,5801.73851671876,1947.6760406843,-5.16829646073259,"Sweden.Abisko.KJ-SalixShrub",513.331428571429,0,0,0,0,0,0,0,0,0,1,0,0,0,0,0,0,0,0,0,0,0,0,0,0,0,0,0,0,0,0,0,0,0
0.00999999977648258,5.33333333333333,0,2475.57857704542,5713.4098583999,3211.41116582872,-7.66174785902224,"Sweden.Abisko.VJ-Wetland",61.8266666666667,0,0,0,0,0,0,0,0,0,1,0,0,0,0,0,0,0,0,0,0,0,0,0,0,0,0,0,0,0,0,0,0,0
0.994853973388672,0,0,903.980827305779,438.833609016696,1790.47287163077,-6.31508504778958,"nonveg_956",0,0,0,0,0,0,0,0,0,0,0,0,0,0,0,0,0,0,0,0,0,0,0,0,1,0,0,0,0,0,0,0,0,0
0.00999999977648258,20,1,2088.08934744252,4435.14545113872,3398.36061049825,-1.88144883555837,"USA.InteriorAlaska.23",1230.52,0,0,0,0,0,0,0,0,0,0,0,0,0,0,0,0,0,1,0,0,0,0,0,0,0,0,0,0,0,0,0,0,0
0.999935030937195,0,0,545.387050620531,316.591838665994,655.167630107305,-5.86345187224605,"nonveg_710",0,0,0,0,0,0,0,1,0,0,0,0,0,0,0,0,0,0,0,0,0,0,0,0,0,0,0,0,0,0,0,0,0,0
0.106603571772575,6.4,0,738.219521635321,5781.19906232724,2988.43011516732,-11.8102993384939,"Sweden.Abisko.NF-BirchShrub",623.696,0,0,0,0,0,0,0,0,0,1,0,0,0,0,0,0,0,0,0,0,0,0,0,0,0,0,0,0,0,0,0,0,0
0.999998152256012,0,0,523.813743503121,-240.423547116863,696.956679523648,-2.75192447236849,"nonveg_995",0,0,0,0,0,0,0,0,0,0,0,1,0,0,0,0,0,0,0,0,0,0,0,0,0,0,0,0,0,0,0,0,0,0
0.999558508396149,0,0,656.485928681383,2656.13949005468,2177.74685082073,-8.54003141355866,"nonveg_996",0,0,0,0,1,0,0,0,0,0,0,0,0,0,0,0,0,0,0,0,0,0,0,0,0,0,0,0,0,0,0,0,0,0
0.982114672660828,0,0,1656.91946726283,4988.68334322582,1495.63235396902,15.2058330663799,"Canada.ChukotkaRiver.TH5",25.2,1,0,0,0,0,0,0,0,0,0,0,0,0,0,0,0,0,0,0,0,0,0,0,0,0,0,0,0,0,0,0,0,0
0.999970734119415,0,0,1081.05881099846,991.646639916636,1748.20129301053,12.2966902945201,"nonveg_682",0,0,0,0,0,0,0,0,0,0,0,0,0,0,0,0,0,0,0,0,0,0,0,0,0,0,0,0,0,0,0,1,0,0
0.998895227909088,0,0,933.007276790398,682.410801636384,1970.8104298492,-0.146571021443178,"nonveg_1547",0,0,0,0,1,0,0,0,0,0,0,0,0,0,0,0,0,0,0,0,0,0,0,0,0,0,0,0,0,0,0,0,0,0
0.248646378517151,9.6,1,2313.76503096992,5740.31846559506,1200.49947395505,-3.44681497590281,"Norway.Javrresduottar.A-Hummock",56.618,0,0,0,0,0,0,0,0,1,0,0,0,0,0,0,0,0,0,0,0,0,0,0,0,0,0,0,0,0,0,0,0,0
0.99155604839325,0,0,1713.57262447615,4348.68856118076,3109.87345663561,-7.04226132681783,"Russia.Yamal.OstrovBelyy-1",48.18,0,0,0,0,0,0,0,0,0,0,0,0,1,0,0,0,0,0,0,0,0,0,0,0,0,0,0,0,0,0,0,0,0
0.999980181455613,0,0,961.068431990015,2369.34496219451,1542.26573101705,-1.74888078644685,"Canada.BanksIsland.GreenCabin-C07",1.4575,1,0,0,0,0,0,0,0,0,0,0,0,0,0,0,0,0,0,0,0,0,0,0,0,0,0,0,0,0,0,0,0,0
0.999962151050568,0,0,730.794572052072,1074.3537555517,1021.31424245194,-8.26530285795847,"nonveg_715",0,1,0,0,0,0,0,0,0,0,0,0,0,0,0,0,0,0,0,0,0,0,0,0,0,0,0,0,0,0,0,0,0,0
1,0,0,984.972106508761,711.211771509643,1417.04909798901,-1.36271103839776,"nonveg_733",0,0,0,1,0,0,0,0,0,0,0,0,0,0,0,0,0,0,0,0,0,0,0,0,0,0,0,0,0,0,0,0,0,0
0.995782196521759,0,0,1880.38082443688,4690.52953847714,2462.2886005658,-9.04551822862887,"USA.InteriorAlaska.AUFEIS",23.3908888888889,0,0,0,0,0,0,1,0,0,0,0,0,0,0,0,0,0,0,0,0,0,0,0,0,0,0,0,0,0,0,0,0,0
0.854060709476471,0.666666666666667,0,2239.49880093191,5041.10862804793,2564.78489014698,11.8323561741429,"Russia.Tazovsky.Burned12",70.395,0,0,0,0,0,0,0,0,0,0,0,0,1,0,0,0,0,0,0,0,0,0,0,0,0,0,0,0,0,0,0,0,0
0.992845853169759,0,0,2917.88861520445,5232.89227959546,2269.33957558327,-9.79630198397911,"USA.BrooksRange.8",391.366666666667,0,0,0,0,0,0,1,0,0,0,0,0,0,0,0,0,0,0,0,0,0,0,0,0,0,0,0,0,0,0,0,0,0
0.86204206943512,0,0,1256.34723723615,4163.05745717656,1744.04664329977,-3.34711452956038,"Canada.LeRoyLake.TD1",700.64,0,0,0,1,0,0,0,0,0,0,0,0,0,0,0,0,0,0,0,0,0,0,0,0,0,0,0,0,0,0,0,0,0
0.999023616313934,0,0,967.459759262302,763.874717805519,1505.33308161937,14.2316933793556,"nonveg_767",0,1,0,0,0,0,0,0,0,0,0,0,0,0,0,0,0,0,0,0,0,0,0,0,0,0,0,0,0,0,0,0,0,0
0.995782196521759,0,0,1880.38082443688,4690.52953847714,2462.2886005658,-9.04551822862887,"USA.InteriorAlaska.AUFEIS",23.3908888888889,0,0,0,0,0,0,1,0,0,0,0,0,0,0,0,0,0,0,0,0,0,0,0,0,0,0,0,0,0,0,0,0,0
0.644614100456238,0,0,870.794547431029,881.090289609988,819.968253871842,2.86007792396697,"nonveg_1889",0,0,0,0,0,0,0,0,0,0,0,0,0,0,0,0,0,0,0,0,0,0,0,0,0,0,1,0,0,0,0,0,0,0
1,0,0,615.352138271971,319.415198985188,1412.04510449545,-8.0044808664304,"nonveg_729",0,0,0,1,0,0,0,0,0,0,0,0,0,0,0,0,0,0,0,0,0,0,0,0,0,0,0,0,0,0,0,0,0,0
0.999777436256409,0,0,1345.1831564077,-2093.22946666643,1789.88795715944,12.5362286314398,"nonveg_1367",0,0,0,0,0,0,0,0,0,0,0,0,0,0,0,0,0,0,0,0,0,0,0,0,0,1,0,0,0,0,0,0,0,0
0.999438762664795,0,0,855.50532650984,-317.564988098801,946.063516959244,-6.26281569788927,"nonveg_1509",0,0,0,0,0,0,0,0,0,0,0,0,0,0,1,0,0,0,0,0,0,0,0,0,0,0,0,0,0,0,0,0,0,0
0.999999940395355,0,0,2622.49270491343,758.785228916795,1432.06538420331,-9.13403632412397,"nonveg_677",0,0,0,1,0,0,0,0,0,0,0,0,0,0,0,0,0,0,0,0,0,0,0,0,0,0,0,0,0,0,0,0,0,0
0.153510108590126,0,0,2542.93901869159,6316.47654124776,2567.61497914638,-3.63749283168915,"Finland.Kilpisjarvi.16",734.192,0,0,0,0,0,0,0,0,1,0,0,0,0,0,0,0,0,0,0,0,0,0,0,0,0,0,0,0,0,0,0,0,0
0.999970734119415,0,0,1081.05881099846,991.646639916636,1748.20129301053,12.2966902945201,"nonveg_682",0,0,0,0,0,0,0,0,0,0,0,0,0,0,0,0,0,0,0,0,0,0,0,0,0,0,0,0,0,0,0,1,0,0
0.00999999977648258,23.3333333333333,1,2814.58052157953,6157.07986893019,2018.390954727,-3.492911846923,"Sweden.Abisko.VJ-SalixShrub",725.053333333333,0,0,0,0,0,0,0,0,0,1,0,0,0,0,0,0,0,0,0,0,0,0,0,0,0,0,0,0,0,0,0,0,0
0.204901129007339,52.6666666666667,1,1007.54248617881,6253.15902674822,2769.76981111933,-2.58410146115837,"USA.InteriorAlaska.4",1526.75666666667,0,0,0,0,0,0,0,0,0,0,0,0,0,0,0,0,1,0,0,0,0,0,0,0,0,0,0,0,0,0,0,0,0
0.999999940395355,0,0,1946.13551164725,662.065171895803,694.118811579096,-20.5032350657265,"nonveg_897",0,0,0,1,0,0,0,0,0,0,0,0,0,0,0,0,0,0,0,0,0,0,0,0,0,0,0,0,0,0,0,0,0,0
0.98212057352066,0,0,1354.22345363493,4842.59244421991,1649.02348205448,0.136630339306297,"Canada.DaringLake.Tower1-Shrub",422.6225,0,0,0,1,0,0,0,0,0,0,0,0,0,0,0,0,0,0,0,0,0,0,0,0,0,0,0,0,0,0,0,0,0
1,0,0,444.449565249326,17.8765489171175,1380.27539351595,-13.5591785452701,"nonveg_761",0,0,0,1,0,0,0,0,0,0,0,0,0,0,0,0,0,0,0,0,0,0,0,0,0,0,0,0,0,0,0,0,0,0
0.399832218885422,0,0,2683.19579164775,5436.55753707206,2578.32614040329,-1.68702470288091,"USA.SewardPeninsula.19",897.533333333333,0,0,0,0,0,0,0,0,0,0,0,0,0,0,0,0,0,0,1,0,0,0,0,0,0,0,0,0,0,0,0,0,0
0.98212057352066,0,0,2253.63506915857,4263.52641981919,3062.59589100699,1.15038683123489,"Canada.DaringLake.Tower1-SedgeTussock",135.643611111111,0,0,0,1,0,0,0,0,0,0,0,0,0,0,0,0,0,0,0,0,0,0,0,0,0,0,0,0,0,0,0,0,0
0.999819159507751,0,0,432.88970907327,1884.50004997632,1322.5320111307,0.0801598639323143,"nonveg_957",0,1,0,0,0,0,0,0,0,0,0,0,0,0,0,0,0,0,0,0,0,0,0,0,0,0,0,0,0,0,0,0,0,0
0.259114384651184,0,0,1951.69659688207,5693.01196903895,1574.42911075765,2.25189851511589,"Finland.Javrresduottar.A-Betula",981.24,0,0,0,0,0,0,0,0,1,0,0,0,0,0,0,0,0,0,0,0,0,0,0,0,0,0,0,0,0,0,0,0,0
0.987671852111816,0,0,1480.54134231956,5408.54786613726,2850.4148453817,-6.34678909120929,"USA.Toolik.S3",330.9535,0,0,0,0,0,0,1,0,0,0,0,0,0,0,0,0,0,0,0,0,0,0,0,0,0,0,0,0,0,0,0,0,0
0.999984502792358,0,0,570.314204032988,1488.78246542256,1504.87498248305,-7.23519395872983,"nonveg_757",0,0,0,0,0,0,0,0,0,0,0,0,0,0,0,0,0,0,0,0,0,0,0,0,0,0,0,0,0,0,0,1,0,0
0.982395112514496,0,0,2019.37080069525,5275.11315505225,2434.2143772313,-4.93797695446412,"Canada.DaringLake.Tower3-DwarfShrub-1",174.564777777778,0,0,0,1,0,0,0,0,0,0,0,0,0,0,0,0,0,0,0,0,0,0,0,0,0,0,0,0,0,0,0,0,0
1,0,0,984.972106508761,711.211771509643,1417.04909798901,-1.36271103839776,"nonveg_733",0,0,0,1,0,0,0,0,0,0,0,0,0,0,0,0,0,0,0,0,0,0,0,0,0,0,0,0,0,0,0,0,0,0
0.984104573726654,0,0,2426.82933387948,5254.26600163073,1658.36844252413,-16.4520840333636,"USA.NorthSlope.Oumalik2",37.0175555555556,0,0,0,0,0,0,0,0,0,0,0,0,0,0,0,1,0,0,0,0,0,0,0,0,0,0,0,0,0,0,0,0,0
0.999999403953552,0,0,1007.09886646285,166.48036956561,1390.59158945623,-15.6735265382924,"nonveg_703",0,0,0,0,0,0,0,0,0,0,0,0,0,0,0,0,0,0,0,0,0,0,0,0,0,0,0,0,0,0,0,1,0,0
0.999990701675415,0,0,1231.70090497154,2766.55945755839,1148.99675142955,4.66205393686772,"nonveg_898",0,1,0,0,0,0,0,0,0,0,0,0,0,0,0,0,0,0,0,0,0,0,0,0,0,0,0,0,0,0,0,0,0,0
0.984104573726654,0,0,2426.82933387948,5254.26600163073,1658.36844252413,-16.4520840333636,"USA.NorthSlope.Oumalik2",37.0175555555556,0,0,0,0,0,0,0,0,0,0,0,0,0,0,0,1,0,0,0,0,0,0,0,0,0,0,0,0,0,0,0,0,0
0.987671852111816,0,0,1480.54134231956,5408.54786613726,2850.4148453817,-6.34678909120929,"USA.Toolik.S3",330.9535,0,0,0,0,0,0,1,0,0,0,0,0,0,0,0,0,0,0,0,0,0,0,0,0,0,0,0,0,0,0,0,0,0
0.999935030937195,0,0,545.387050620531,316.591838665994,655.167630107305,-5.86345187224605,"nonveg_710",0,0,0,0,0,0,0,1,0,0,0,0,0,0,0,0,0,0,0,0,0,0,0,0,0,0,0,0,0,0,0,0,0,0
0.999999701976776,0,0,656.198298623693,779.253457390378,1114.28316001907,-9.55265607186146,"nonveg_936",0,0,0,1,0,0,0,0,0,0,0,0,0,0,0,0,0,0,0,0,0,0,0,0,0,0,0,0,0,0,0,0,0,0
0.708450973033905,0,0,1598.70762339808,5641.32967059927,2445.91579003037,-0.204378435064951,"USA.SewardPeninsula.QuartzCreek3",1201.06666666667,0,0,0,0,0,0,0,0,0,0,0,0,0,0,0,0,0,0,1,0,0,0,0,0,0,0,0,0,0,0,0,0,0
0.990552246570587,0,0,483.722837708011,1932.00911202889,1761.78141892053,1.83934138939362,"USA.NorthSlope.HoweIsland-C13",565.4075,0,0,0,0,0,0,0,0,0,0,0,0,0,0,0,0,0,0,0,1,0,0,0,0,0,0,0,0,0,0,0,0,0
0.212081953883171,85,1,1245.78946778626,6378.98697251908,1950.75050093427,3.95707256038336,"USA.InteriorAlaska.1",6185.92,0,0,0,0,0,0,0,0,0,0,0,0,0,0,0,0,1,0,0,0,0,0,0,0,0,0,0,0,0,0,0,0,0
0.954609751701355,0,0,1125.47340721597,2668.7590174474,1062.05925309308,1.074358225775,"nonveg_662",0,1,0,0,0,0,0,0,0,0,0,0,0,0,0,0,0,0,0,0,0,0,0,0,0,0,0,0,0,0,0,0,0,0
0.999999940395355,0,0,539.437787610988,677.577859016962,1271.7227867386,5.7739961408927,"nonveg_955",0,0,0,1,0,0,0,0,0,0,0,0,0,0,0,0,0,0,0,0,0,0,0,0,0,0,0,0,0,0,0,0,0,0
0.331970244646072,0,0,1903.21386214925,4816.64462210493,892.900796902343,1.6185082433273,"USA.SewardPeninsula.18",205,0,0,0,0,0,0,0,0,0,0,0,0,0,0,0,0,0,0,1,0,0,0,0,0,0,0,0,0,0,0,0,0,0
0.152959242463112,0,0,1043.91859486729,1396.74784641685,1342.83855778151,-1.50293736031852,"nonveg_736",0,0,0,0,0,0,0,0,0,0,1,0,0,0,0,0,0,0,0,0,0,0,0,0,0,0,0,0,0,0,0,0,0,0
0.856255173683167,2.88888888888889,0,1033.69210721712,3942.12865262992,1042.81974939357,0.363901955389227,"Canada.LeRoyLake.TD7",500.24,0,0,0,1,0,0,0,0,0,0,0,0,0,0,0,0,0,0,0,0,0,0,0,0,0,0,0,0,0,0,0,0,0
0.999984920024872,0,0,768.208203831422,1652.49934574306,1335.29592953555,-1.04669711452507,"nonveg_867",0,1,0,0,0,0,0,0,0,0,0,0,0,0,0,0,0,0,0,0,0,0,0,0,0,0,0,0,0,0,0,0,0,0
0.999793112277985,0,0,1279.14213672474,1136.9619660759,1667.03018756392,-15.4306941704031,"nonveg_616",0,0,0,0,0,0,0,1,0,0,0,0,0,0,0,0,0,0,0,0,0,0,0,0,0,0,0,0,0,0,0,0,0,0
0.999999642372131,0,0,724.929123176568,-11.6296197807334,771.378280663023,-10.0797910387697,"nonveg_1213",0,0,0,1,0,0,0,0,0,0,0,0,0,0,0,0,0,0,0,0,0,0,0,0,0,0,0,0,0,0,0,0,0,0
0.999999940395355,0,0,1936.58327894608,1321.14408604233,1830.50262261277,18.7072064199684,"nonveg_624",0,0,0,1,0,0,0,0,0,0,0,0,0,0,0,0,0,0,0,0,0,0,0,0,0,0,0,0,0,0,0,0,0,0
0.999999582767487,0,0,642.134187311781,2159.4159061101,1068.6790667677,-23.0832705425133,"nonveg_719",0,0,0,0,0,0,0,0,0,0,0,0,0,0,0,0,0,0,0,0,0,0,0,0,0,1,0,0,0,0,0,0,0,0
0.180112591385841,0,0,1430.12582884047,4951.96944444241,1797.45997439966,-9.6287347343181,"Sweden.Abisko.NT-SparseVeg",47.816,0,0,0,0,0,0,0,0,0,1,0,0,0,0,0,0,0,0,0,0,0,0,0,0,0,0,0,0,0,0,0,0,0
0.817855536937714,0,0,908.367091518226,1688.08117705303,3640.12579860024,-33.1500572886389,"nonveg_804",0,0,0,0,0,0,0,0,0,0,0,0,0,0,0,0,0,0,0,0,0,0,0,0,0,0,0,0,0,1,0,0,0,0
0.999998152256012,0,0,728.704290681937,870.575404385454,1030.54235498669,1.50468898846445,"nonveg_814",0,0,0,0,0,0,0,0,0,0,0,0,0,0,0,0,0,0,0,0,0,0,0,0,0,0,0,0,0,0,0,1,0,0
0.995380103588104,0,0,1043.44065197019,1118.88712869584,963.58258641492,0.338524760590747,"nonveg_902",0,0,0,0,1,0,0,0,0,0,0,0,0,0,0,0,0,0,0,0,0,0,0,0,0,0,0,0,0,0,0,0,0,0
0.999998509883881,0,0,844.168129529821,2686.51450330517,8645.78923250711,-1.43278189954723,"nonveg_851",0,0,0,0,0,0,0,0,0,0,0,0,0,0,0,0,0,0,0,0,0,0,0,0,0,0,0,0,0,0,0,1,0,0
0.997348010540009,0,0,795.279083061699,752.691239466101,2700.53927217921,-26.8870964459029,"nonveg_673",0,0,0,1,0,0,0,0,0,0,0,0,0,0,0,0,0,0,0,0,0,0,0,0,0,0,0,0,0,0,0,0,0,0
0.999999523162842,0,0,922.29409042288,1022.17133673146,1987.26711650364,10.5252253206152,"nonveg_801",0,0,0,1,0,0,0,0,0,0,0,0,0,0,0,0,0,0,0,0,0,0,0,0,0,0,0,0,0,0,0,0,0,0
0.999999582767487,0,0,283.469886228295,747.743418713894,1618.56630396341,-14.1946678480157,"nonveg_866",0,1,0,0,0,0,0,0,0,0,0,0,0,0,0,0,0,0,0,0,0,0,0,0,0,0,0,0,0,0,0,0,0,0
0.00999999977648258,0,0,3365.87297952807,5396.04888265037,2616.23880532769,-11.6630767461278,"USA.YukonKuskokwimDelta.15B2",32.4951851851852,0,0,0,0,0,0,0,0,0,0,0,0,0,0,0,0,0,0,0,0,1,0,0,0,0,0,0,0,0,0,0,0,0
0.0880620097741488,2.33333333333333,0,3125.32996598274,6051.30437638575,3493.5754868625,-32.1297450824744,"Sweden.Abisko.KJ-MesicHeath",469.826666666667,0,0,0,0,0,0,0,0,0,1,0,0,0,0,0,0,0,0,0,0,0,0,0,0,0,0,0,0,0,0,0,0,0
0.932565271854401,0,0,1209.04344978191,5297.58181901907,3057.56506685137,-4.67117681406871,"Russia.Yamal.VaskinyDachi-1",120.092,0,0,0,0,0,0,0,0,0,0,0,0,1,0,0,0,0,0,0,0,0,0,0,0,0,0,0,0,0,0,0,0,0
1,0,0,383.475145027592,830.220751935944,731.433525932119,-4.36216317672785,"nonveg_768",0,0,0,1,0,0,0,0,0,0,0,0,0,0,0,0,0,0,0,0,0,0,0,0,0,0,0,0,0,0,0,0,0,0
0.568836390972138,54,1,1911.95168847258,6186.33394269551,1961.79469517658,7.05813539500429,"Russia.Yamal.Nadym-1",5632.772,0,0,0,0,0,0,0,0,0,0,0,0,0,0,1,0,0,0,0,0,0,0,0,0,0,0,0,0,0,0,0,0,0
1,0,0,736.97017000773,616.229464801822,838.419161284919,-8.46289130886809,"nonveg_1261",0,0,0,1,0,0,0,0,0,0,0,0,0,0,0,0,0,0,0,0,0,0,0,0,0,0,0,0,0,0,0,0,0,0
0.999995946884155,0,0,713.981458193315,649.437217846888,784.832225157888,8.14981953492747,"nonveg_900",0,1,0,0,0,0,0,0,0,0,0,0,0,0,0,0,0,0,0,0,0,0,0,0,0,0,0,0,0,0,0,0,0,0
0.980976760387421,0,0,875.64779333862,2928.06452976314,2248.69136144905,-15.0983475822858,"Canada.ChukotkaRiver.TPO5",24.48,1,0,0,0,0,0,0,0,0,0,0,0,0,0,0,0,0,0,0,0,0,0,0,0,0,0,0,0,0,0,0,0,0
0.100188583135605,15,0,2244.51952167896,5440.13599042029,1430.76777679329,7.38254128500589,"USA.YukonKuskokwimDelta.2",282.426666666667,0,0,0,0,0,0,0,0,0,0,0,0,0,0,0,0,0,0,0,0,1,0,0,0,0,0,0,0,0,0,0,0,0
0.77072057723999,0,0,2631.38386293312,6092.89027988349,2128.24981616394,-2.14933765689547,"Russia.Yamal.Laborovaya-1",331.212,0,0,0,0,0,0,0,0,0,0,0,0,1,0,0,0,0,0,0,0,0,0,0,0,0,0,0,0,0,0,0,0,0
0.999999761581421,0,0,2064.34517556349,140.184264274954,2012.2731764817,-19.5249432315891,"nonveg_571",0,0,0,0,0,0,0,0,0,0,0,0,0,0,0,0,0,0,0,0,0,0,0,0,0,0,0,0,0,0,0,1,0,0
0.972447454929352,0,0,1757.37033522501,5586.89206629796,2852.64954271788,-6.16559113482157,"USA.InteriorAlaska.DEW",164.304,0,0,0,0,0,0,0,0,0,0,0,0,0,0,0,1,0,0,0,0,0,0,0,0,0,0,0,0,0,0,0,0,0
0.764934718608856,0,0,2202.13329134459,4828.39338764237,411.272010768396,1.69941425002085,"Russia.Yamal.Laborovaya-2",239.188,0,0,0,0,0,0,0,0,0,0,0,0,1,0,0,0,0,0,0,0,0,0,0,0,0,0,0,0,0,0,0,0,0
0.994365394115448,0,0,408.694461438575,1275.95703286608,697.278529400152,-10.6948756040408,"nonveg_874",0,0,0,1,0,0,0,0,0,0,0,0,0,0,0,0,0,0,0,0,0,0,0,0,0,0,0,0,0,0,0,0,0,0
0.999985814094543,0,0,1275.86299707842,-283.951020520178,772.873772999742,-21.5497566984724,"nonveg_1161",0,0,0,0,0,0,0,0,0,0,0,1,0,0,0,0,0,0,0,0,0,0,0,0,0,0,0,0,0,0,0,0,0,0
0.990592211484909,0,0,1446.94455789484,2272.52769522816,1279.8637411791,9.43521322867924,"USA.NorthSlope.HoweIsland-C12",0.6225,0,0,0,0,0,0,0,0,0,0,0,0,0,0,0,0,0,0,0,1,0,0,0,0,0,0,0,0,0,0,0,0,0
0.77942117717531,3,0,1660.18325270248,3907.77260582668,900.80615150731,0.984077868691095,"Canada.BonifaceRiver.LSA2",470.16,0,1,0,0,0,0,0,0,0,0,0,0,0,0,0,0,0,0,0,0,0,0,0,0,0,0,0,0,0,0,0,0,0
0.998895227909088,0,0,933.007276790398,682.410801636384,1970.8104298492,-0.146571021443178,"nonveg_1547",0,0,0,0,1,0,0,0,0,0,0,0,0,0,0,0,0,0,0,0,0,0,0,0,0,0,0,0,0,0,0,0,0,0
0.933068633079529,0,0,1652.33774580285,4453.89790933299,2267.90764288414,-16.3660673178893,"Russia.Yamal.VaskinyDachi-3",45.182,0,0,0,0,0,0,0,0,0,0,0,0,1,0,0,0,0,0,0,0,0,0,0,0,0,0,0,0,0,0,0,0,0
0.157767906785011,33,1,3005.02753641274,6904.29561047435,1267.12034909073,3.90919762257877,"Finland.Kilpisjarvi.15",1410.764,0,0,0,0,0,0,0,0,1,0,0,0,0,0,0,0,0,0,0,0,0,0,0,0,0,0,0,0,0,0,0,0,0
0.999928376891397,0,0,856.510496222196,5385.42819012291,3006.77197720019,-8.15668285702058,"Russia.Tiksi.Bog",72.8972727272727,0,0,0,0,0,0,0,0,0,0,0,0,0,1,0,0,0,0,0,0,0,0,0,0,0,0,0,0,0,0,0,0,0
0.516230821609497,0,0,760.278537731632,2973.51272654534,4377.59439714291,0.403985321420554,"nonveg_1880",0,0,0,0,0,0,0,0,0,0,0,0,0,0,0,0,0,0,0,0,0,0,0,0,0,0,0,0,0,1,0,0,0,0
0.968182027339935,0,0,1502.75817036145,3480.6450649045,1938.36015860014,-2.52622018474524,"USA.NorthSlope.16",49.3666666666667,0,0,0,0,0,0,0,0,0,0,0,0,0,0,0,1,0,0,0,0,0,0,0,0,0,0,0,0,0,0,0,0,0
0.159358277916908,56,1,2185.85913439385,7155.41599729663,1394.85430202556,-3.70582451476991,"USA.InteriorAlaska.21",840.1,0,0,0,0,0,0,0,0,0,0,0,0,0,0,0,0,1,0,0,0,0,0,0,0,0,0,0,0,0,0,0,0,0
0.916773855686188,0,0,899.701966815916,4829.74370026837,1610.99548960047,-36.485918384398,"Canada.Yukon.UPPERPALDO",224.029333333333,0,0,0,0,0,0,0,1,0,0,0,0,0,0,0,0,0,0,0,0,0,0,0,0,0,0,0,0,0,0,0,0,0
0.982114672660828,0,0,1656.91946726283,4988.68334322582,1495.63235396902,15.2058330663799,"Canada.ChukotkaRiver.TH5",25.2,1,0,0,0,0,0,0,0,0,0,0,0,0,0,0,0,0,0,0,0,0,0,0,0,0,0,0,0,0,0,0,0,0
0.999023616313934,0,0,967.459759262302,763.874717805519,1505.33308161937,14.2316933793556,"nonveg_767",0,1,0,0,0,0,0,0,0,0,0,0,0,0,0,0,0,0,0,0,0,0,0,0,0,0,0,0,0,0,0,0,0,0
0.999138236045837,0,0,761.444094723015,1913.38376960689,711.569098797918,2.43797316545178,"nonveg_600",0,1,0,0,0,0,0,0,0,0,0,0,0,0,0,0,0,0,0,0,0,0,0,0,0,0,0,0,0,0,0,0,0,0
0.999999821186066,0,0,969.754841257023,474.393502059616,2478.35443715794,-18.3923330722741,"nonveg_997",0,0,0,1,0,0,0,0,0,0,0,0,0,0,0,0,0,0,0,0,0,0,0,0,0,0,0,0,0,0,0,0,0,0
0.181683570146561,0,0,851.820603510057,4501.93327644405,1848.43426060109,-5.09189285332593,"Finland.Kevo.12",309.456,0,0,0,0,0,0,0,0,0,1,0,0,0,0,0,0,0,0,0,0,0,0,0,0,0,0,0,0,0,0,0,0,0
0.999023616313934,0,0,967.459759262302,763.874717805519,1505.33308161937,14.2316933793556,"nonveg_767",0,1,0,0,0,0,0,0,0,0,0,0,0,0,0,0,0,0,0,0,0,0,0,0,0,0,0,0,0,0,0,0,0,0
0.981866538524628,0,0,1440.1702125185,4591.45247083965,1315.63292523335,-7.3664012394602,"Canada.ChukotkaRiver.TPO3",26.48,1,0,0,0,0,0,0,0,0,0,0,0,0,0,0,0,0,0,0,0,0,0,0,0,0,0,0,0,0,0,0,0,0
0.994853973388672,0,0,903.980827305779,438.833609016696,1790.47287163077,-6.31508504778958,"nonveg_956",0,0,0,0,0,0,0,0,0,0,0,0,0,0,0,0,0,0,0,0,0,0,0,0,1,0,0,0,0,0,0,0,0,0
0.210421621799469,28.8,1,2294.40258965902,6664.70646464796,625.824957666786,-0.262956597647341,"Finland.Kevo.2",3510.578,0,0,0,0,0,0,0,0,1,0,0,0,0,0,0,0,0,0,0,0,0,0,0,0,0,0,0,0,0,0,0,0,0
0.999998509883881,0,0,844.168129529821,2686.51450330517,8645.78923250711,-1.43278189954723,"nonveg_851",0,0,0,0,0,0,0,0,0,0,0,0,0,0,0,0,0,0,0,0,0,0,0,0,0,0,0,0,0,0,0,1,0,0
0.99999988079071,0,0,677.549666582203,3423.47239592249,1217.23174074427,-6.38890857936881,"Canada.PrincePatrickIsland.MouldBay-C05",0.0375,0,0,1,0,0,0,0,0,0,0,0,0,0,0,0,0,0,0,0,0,0,0,0,0,0,0,0,0,0,0,0,0,0
0.401205226778984,0,0,2730.33528523751,6715.26627229127,2060.07970239568,-1.91123725224941,"USA.Kougaork.TallShrub",3405.925,0,0,0,0,0,0,0,0,0,0,0,0,0,0,0,0,0,0,1,0,0,0,0,0,0,0,0,0,0,0,0,0,0
0.884397149085999,1.22222222222222,0,1918.80626938563,5745.15744443244,3281.46776076763,-10.6726392298625,"Canada.PayneLake.TDA0",897.6,0,0,0,1,0,0,0,0,0,0,0,0,0,0,0,0,0,0,0,0,0,0,0,0,0,0,0,0,0,0,0,0,0
0.999999940395355,0,0,1936.58327894608,1321.14408604233,1830.50262261277,18.7072064199684,"nonveg_624",0,0,0,1,0,0,0,0,0,0,0,0,0,0,0,0,0,0,0,0,0,0,0,0,0,0,0,0,0,0,0,0,0,0
0.999988257884979,0,0,1331.71972604592,429.021182107684,2357.71116433851,-32.9108274400294,"nonveg_572",0,0,0,0,0,0,0,0,0,0,0,0,0,0,0,0,0,0,0,0,0,0,0,0,0,0,0,0,0,0,0,1,0,0
0.896587680445777,0,0,1642.78839143711,3693.75280087441,1571.36160489887,2.98489923675769,"USA.InteriorAlaska.BROWNSCREEK",387.999111111111,0,0,0,0,0,0,0,1,0,0,0,0,0,0,0,0,0,0,0,0,0,0,0,0,0,0,0,0,0,0,0,0,0
0.999272108078003,0,0,2301.27142266007,4400.5550789809,3039.04062342254,22.8385836139812,"Canada.Yukon.SPRINGRIVER",97.1493333333333,0,0,0,0,0,0,1,0,0,0,0,0,0,0,0,0,0,0,0,0,0,0,0,0,0,0,0,0,0,0,0,0,0
0.990552246570587,0,0,483.722837708011,1932.00911202889,1761.78141892053,1.83934138939362,"USA.NorthSlope.HoweIsland-C13",565.4075,0,0,0,0,0,0,0,0,0,0,0,0,0,0,0,0,0,0,0,1,0,0,0,0,0,0,0,0,0,0,0,0,0
0.846077263355255,2.55555555555556,0,1648.45645280364,5222.6843412251,2990.97847517801,-6.94791388296896,"Canada.LeRoyLake.TDA4",1126,0,0,0,1,0,0,0,0,0,0,0,0,0,0,0,0,0,0,0,0,0,0,0,0,0,0,0,0,0,0,0,0,0
0.885928153991699,0,0,1774.81679546163,5151.89326653124,1240.42062569814,-0.670453629031241,"USA.InteriorAlaska.FRYINGPAN",0,0,0,0,0,0,0,0,1,0,0,0,0,0,0,0,0,0,0,0,0,0,0,0,0,0,0,0,0,0,0,0,0,0
1,0,0,1112.70228758422,1812.88895630167,2817.4261266179,-11.6193342543931,"Canada.EllefRingnesIsland.Isachsen-C01",0,0,0,1,0,0,0,0,0,0,0,0,0,0,0,0,0,0,0,0,0,0,0,0,0,0,0,0,0,0,0,0,0,0
0.999984920024872,0,0,768.208203831422,1652.49934574306,1335.29592953555,-1.04669711452507,"nonveg_867",0,1,0,0,0,0,0,0,0,0,0,0,0,0,0,0,0,0,0,0,0,0,0,0,0,0,0,0,0,0,0,0,0,0
0.999683856964111,0,0,825.166557139572,1854.14599581777,700.899842630178,-3.76138496967605,"nonveg_507",0,1,0,0,0,0,0,0,0,0,0,0,0,0,0,0,0,0,0,0,0,0,0,0,0,0,0,0,0,0,0,0,0,0
0.204901129007339,52.6666666666667,1,1007.54248617881,6253.15902674822,2769.76981111933,-2.58410146115837,"USA.InteriorAlaska.4",1526.75666666667,0,0,0,0,0,0,0,0,0,0,0,0,0,0,0,0,1,0,0,0,0,0,0,0,0,0,0,0,0,0,0,0,0
0.999999940395355,0,0,418.266490996834,844.600170928356,538.782562700454,6.94790768820988,"nonveg_953",0,0,0,1,0,0,0,0,0,0,0,0,0,0,0,0,0,0,0,0,0,0,0,0,0,0,0,0,0,0,0,0,0,0
0.999980449676514,0,0,2243.54216333119,2936.63301090626,8786.49506523949,4.26047219172921,"nonveg_1813",0,0,0,0,0,0,0,0,0,0,0,0,0,0,1,0,0,0,0,0,0,0,0,0,0,0,0,0,0,0,0,0,0,0
0.999999940395355,0,0,881.406244374895,994.188163805916,1692.29429395898,-22.0897717285325,"nonveg_916",0,0,0,1,0,0,0,0,0,0,0,0,0,0,0,0,0,0,0,0,0,0,0,0,0,0,0,0,0,0,0,0,0,0
0.972782909870148,0,0,869.208343958894,1924.30969484809,1270.67085881337,2.77194902071604,"nonveg_576",0,0,0,0,1,0,0,0,0,0,0,0,0,0,0,0,0,0,0,0,0,0,0,0,0,0,0,0,0,0,0,0,0,0
0.999989867210388,0,0,520.069395643521,-45.2255746957926,1876.25244231696,-12.2366403906002,"nonveg_822",0,0,0,1,0,0,0,0,0,0,0,0,0,0,0,0,0,0,0,0,0,0,0,0,0,0,0,0,0,0,0,0,0,0
0.399832218885422,0,0,2683.19579164775,5436.55753707206,2578.32614040329,-1.68702470288091,"USA.SewardPeninsula.19",897.533333333333,0,0,0,0,0,0,0,0,0,0,0,0,0,0,0,0,0,0,1,0,0,0,0,0,0,0,0,0,0,0,0,0,0
0.99794465303421,0,0,1905.82275960382,5342.62849597696,1914.85181352978,-9.88466099274707,"Russia.Kolyma.T2",67.504,0,0,0,0,0,0,0,0,0,0,0,1,0,0,0,0,0,0,0,0,0,0,0,0,0,0,0,0,0,0,0,0,0
0.890852570533752,1.88888888888889,0,1653.63615463273,6584.05214034589,2253.13020286321,-13.0317592778576,"Canada.PayneLake.TDA3",706.88,0,0,0,1,0,0,0,0,0,0,0,0,0,0,0,0,0,0,0,0,0,0,0,0,0,0,0,0,0,0,0,0,0
0.104449324309826,4.16666666666667,0,2693.99599347351,6203.8563795434,1884.8353447325,8.09568542170715,"Sweden.Abisko.NF-DryHeath",153.391666666667,0,0,0,0,0,0,0,0,0,1,0,0,0,0,0,0,0,0,0,0,0,0,0,0,0,0,0,0,0,0,0,0,0
0.104498048623403,0,0,1941.63580603475,5079.0672884889,1319.22602483606,3.4037910602193,"USA.YukonKuskokwimDelta.UB7",268.483333333333,0,0,0,0,0,0,0,0,0,0,0,0,0,0,0,0,0,0,0,0,1,0,0,0,0,0,0,0,0,0,0,0,0
1,0,0,984.972106508761,711.211771509643,1417.04909798901,-1.36271103839776,"nonveg_733",0,0,0,1,0,0,0,0,0,0,0,0,0,0,0,0,0,0,0,0,0,0,0,0,0,0,0,0,0,0,0,0,0,0
0.106934994459152,19,1,511.658169046069,3837.19997346157,1973.00909451291,-5.79662595354575,"Sweden.Abisko.NF-Wetland",137.633333333333,0,0,0,0,0,0,0,0,0,1,0,0,0,0,0,0,0,0,0,0,0,0,0,0,0,0,0,0,0,0,0,0,0
0.977915755907694,6.42222222222222,1,1582.62107599284,5724.96987736521,3593.9200987715,-8.27493523024237,"Canada.DaringLake.Tower4-LowShrub-1",214.403777777778,0,0,0,1,0,0,0,0,0,0,0,0,0,0,0,0,0,0,0,0,0,0,0,0,0,0,0,0,0,0,0,0,0
0.999826669692993,0,0,2286.22867318532,4665.29705506863,1864.03908721524,-1.90989558441078,"Russia.Kytalyk.T3",0,0,0,0,0,0,0,0,0,0,0,0,1,0,0,0,0,0,0,0,0,0,0,0,0,0,0,0,0,0,0,0,0,0
0.248646378517151,0,0,1968.44577872689,6034.90965831056,1820.76061805315,-1.98523883377927,"Norway.Javrresduottar.A-Sphagnum",15.9,0,0,0,0,0,0,0,0,1,0,0,0,0,0,0,0,0,0,0,0,0,0,0,0,0,0,0,0,0,0,0,0,0
1,0,0,328.165905366253,1617.05026982737,654.425661279808,5.55200810870063,"nonveg_760",0,0,0,1,0,0,0,0,0,0,0,0,0,0,0,0,0,0,0,0,0,0,0,0,0,0,0,0,0,0,0,0,0,0
0.999998092651367,0,0,843.069707916821,1480.42361306465,1859.85002989793,11.5683587712952,"nonveg_816",0,0,0,0,0,0,0,0,0,0,0,0,0,0,1,0,0,0,0,0,0,0,0,0,0,0,0,0,0,0,0,0,0,0
0.999999940395355,0,0,881.406244374895,994.188163805916,1692.29429395898,-22.0897717285325,"nonveg_916",0,0,0,1,0,0,0,0,0,0,0,0,0,0,0,0,0,0,0,0,0,0,0,0,0,0,0,0,0,0,0,0,0,0
0.999990701675415,0,0,1231.70090497154,2766.55945755839,1148.99675142955,4.66205393686772,"nonveg_898",0,1,0,0,0,0,0,0,0,0,0,0,0,0,0,0,0,0,0,0,0,0,0,0,0,0,0,0,0,0,0,0,0,0
0.726705133914948,25.3333333333333,1,3747.58640668115,6361.18937583239,2177.69228506109,-9.81908585331994,"Canada.ClearwaterLake.AB1",1690.2,0,1,0,0,0,0,0,0,0,0,0,0,0,0,0,0,0,0,0,0,0,0,0,0,0,0,0,0,0,0,0,0,0
0.998387336730957,0,0,2659.57796599661,5123.91842034289,1955.25474549712,-3.22323014826179,"Russia.Kolyma.OW1",277.368333333333,0,0,0,0,0,0,0,0,0,0,0,1,0,0,0,0,0,0,0,0,0,0,0,0,0,0,0,0,0,0,0,0,0
1,0,0,477.500140783987,731.585869567533,228.748027996106,13.2079840491666,"nonveg_994",0,0,0,1,0,0,0,0,0,0,0,0,0,0,0,0,0,0,0,0,0,0,0,0,0,0,0,0,0,0,0,0,0,0
0.990552246570587,0,0,483.722837708011,1932.00911202889,1761.78141892053,1.83934138939362,"USA.NorthSlope.HoweIsland-C13",565.4075,0,0,0,0,0,0,0,0,0,0,0,0,0,0,0,0,0,0,0,1,0,0,0,0,0,0,0,0,0,0,0,0,0
0.152959242463112,0,0,1043.91859486729,1396.74784641685,1342.83855778151,-1.50293736031852,"nonveg_736",0,0,0,0,0,0,0,0,0,0,1,0,0,0,0,0,0,0,0,0,0,0,0,0,0,0,0,0,0,0,0,0,0,0
0.999953091144562,0,0,1293.54719146034,1366.11694080354,5934.40280715447,0.841250471137697,"nonveg_1626",0,0,0,0,0,0,0,0,0,0,0,0,1,0,0,0,0,0,0,0,0,0,0,0,0,0,0,0,0,0,0,0,0,0
0.999985814094543,0,0,1275.86299707842,-283.951020520178,772.873772999742,-21.5497566984724,"nonveg_1161",0,0,0,0,0,0,0,0,0,0,0,1,0,0,0,0,0,0,0,0,0,0,0,0,0,0,0,0,0,0,0,0,0,0
0.232790768146515,0,0,1600.12531813404,5650.94678720772,2810.09050616152,-13.1977564971884,"Finland.Javrresduottar.EC-Spring",8,0,0,0,0,0,0,0,0,1,0,0,0,0,0,0,0,0,0,0,0,0,0,0,0,0,0,0,0,0,0,0,0,0
0.764934718608856,0,0,2202.13329134459,4828.39338764237,411.272010768396,1.69941425002085,"Russia.Yamal.Laborovaya-2",239.188,0,0,0,0,0,0,0,0,0,0,0,0,1,0,0,0,0,0,0,0,0,0,0,0,0,0,0,0,0,0,0,0,0
0.277928829193115,0,0,874.230137247183,-44.4638548718551,1587.77732422027,-28.8350688520321,"nonveg_1172",0,0,0,0,0,0,0,0,0,0,0,0,0,0,0,0,0,0,0,0,0,0,0,1,0,0,0,0,0,0,0,0,0,0
0.98212057352066,0,0,2253.63506915857,4263.52641981919,3062.59589100699,1.15038683123489,"Canada.DaringLake.Tower1-SedgeTussock",135.643611111111,0,0,0,1,0,0,0,0,0,0,0,0,0,0,0,0,0,0,0,0,0,0,0,0,0,0,0,0,0,0,0,0,0
0.00999999977648258,20,1,2088.08934744252,4435.14545113872,3398.36061049825,-1.88144883555837,"USA.InteriorAlaska.23",1230.52,0,0,0,0,0,0,0,0,0,0,0,0,0,0,0,0,0,1,0,0,0,0,0,0,0,0,0,0,0,0,0,0,0
0.853370070457459,25,1,1667.48132877962,5941.36855568414,1675.97817202644,1.80643379946229,"Russia.Tazovsky.Burned44",233.52,0,0,0,0,0,0,0,0,0,0,0,0,1,0,0,0,0,0,0,0,0,0,0,0,0,0,0,0,0,0,0,0,0
0.883681356906891,1.08888888888889,1,1437.79135289376,5101.45127307,1782.57377451572,-14.6299048567667,"Canada.Yukon.SOUTHSTONEBOY",156.900222222222,0,0,0,0,0,0,0,1,0,0,0,0,0,0,0,0,0,0,0,0,0,0,0,0,0,0,0,0,0,0,0,0,0
0.998003363609314,0,0,535.391032243284,278.829158890368,3077.66003794082,-18.9846211797294,"nonveg_1646",0,0,0,0,1,0,0,0,0,0,0,0,0,0,0,0,0,0,0,0,0,0,0,0,0,0,0,0,0,0,0,0,0,0
0.99995082616806,0,0,344.736613975789,1666.80355258267,1239.64890945921,-4.77778737080075,"nonveg_913",0,1,0,0,0,0,0,0,0,0,0,0,0,0,0,0,0,0,0,0,0,0,0,0,0,0,0,0,0,0,0,0,0,0
0.995325565338135,0,0,340.777338760479,1082.36437024931,1448.56298012489,-7.87205720669321,"nonveg_979",0,1,0,0,0,0,0,0,0,0,0,0,0,0,0,0,0,0,0,0,0,0,0,0,0,0,0,0,0,0,0,0,0,0
0.0201598238199949,0,0,1507.69796608585,3055.59975803519,1245.22490584216,-5.38142247900727,"nonveg_1177",0,0,0,0,0,0,0,0,0,0,1,0,0,0,0,0,0,0,0,0,0,0,0,0,0,0,0,0,0,0,0,0,0,0
0.999928376891397,0,0,856.510496222196,5385.42819012291,3006.77197720019,-8.15668285702058,"Russia.Tiksi.Bog",72.8972727272727,0,0,0,0,0,0,0,0,0,0,0,0,0,1,0,0,0,0,0,0,0,0,0,0,0,0,0,0,0,0,0,0,0
1,0,0,1215.88297315508,1260.25451059544,1851.44202971422,-12.3909964465069,"Canada.EllefRingnesIsland.Isachsen-C02",0,0,0,1,0,0,0,0,0,0,0,0,0,0,0,0,0,0,0,0,0,0,0,0,0,0,0,0,0,0,0,0,0,0
0.232790768146515,0,0,1195.37605876133,4900.91676907199,2139.82716901415,-0.997016217875405,"Norway.Javrresduottar.EC-Salix",557.24,0,0,0,0,0,0,0,0,1,0,0,0,0,0,0,0,0,0,0,0,0,0,0,0,0,0,0,0,0,0,0,0,0
0.77072057723999,0,0,2631.38386293312,6092.89027988349,2128.24981616394,-2.14933765689547,"Russia.Yamal.Laborovaya-1",331.212,0,0,0,0,0,0,0,0,0,0,0,0,1,0,0,0,0,0,0,0,0,0,0,0,0,0,0,0,0,0,0,0,0
0.999710738658905,0,0,1016.26039071913,844.661774327802,3670.39238691274,20.8992432538285,"nonveg_1672",0,0,0,0,0,0,0,0,0,0,0,0,0,0,1,0,0,0,0,0,0,0,0,0,0,0,0,0,0,0,0,0,0,0
0.00999999977648258,9,1,2316.30579854782,6069.43359162273,1912.28913503334,7.27293256410337,"Sweden.Abisko.VJ-MesicHeath",232.206666666667,0,0,0,0,0,0,0,0,0,1,0,0,0,0,0,0,0,0,0,0,0,0,0,0,0,0,0,0,0,0,0,0,0
0.968182027339935,0,0,1950.69008499964,3981.06879225422,2883.07137830216,-0.0651335945169649,"USA.NorthSlope.FranklinBluffs-C17",0,0,0,0,0,0,0,0,0,0,0,0,0,0,0,0,1,0,0,0,0,0,0,0,0,0,0,0,0,0,0,0,0,0
0.999998092651367,0,0,843.069707916821,1480.42361306465,1859.85002989793,11.5683587712952,"nonveg_816",0,0,0,0,0,0,0,0,0,0,0,0,0,0,1,0,0,0,0,0,0,0,0,0,0,0,0,0,0,0,0,0,0,0
0.564201891422272,86,1,4441.57122268564,5391.85459069585,4772.38474802343,-8.51883786083253,"Canada.KluaneLake.Outpost-ShrubTundra",2735.12,0,0,0,0,1,0,0,0,0,0,0,0,0,0,0,0,0,0,0,0,0,0,0,0,0,0,0,0,0,0,0,0,0
0.999916970729828,0,0,381.87681861619,1370.44981534066,1999.8738649008,-8.59739884674501,"nonveg_769",0,1,0,0,0,0,0,0,0,0,0,0,0,0,0,0,0,0,0,0,0,0,0,0,0,0,0,0,0,0,0,0,0,0
