"spectral_NDMI_endSnowfree","spectral_NDVI_earlySummer","trees_cover","trees_presence","spectral_EVI2b_annualRange","spectral_NBR_changeSSES","site_code","biomass_density_gm2","zone_3_High.Arctic","zone_3_Sub.Arctic","zone_3_Low.Arctic","zone_3_Oro.Arctic","zone_3_other","world_terrestrial_ecosystems_X16","world_terrestrial_ecosystems_X49","world_terrestrial_ecosystems_X50","world_terrestrial_ecosystems_X47","world_terrestrial_ecosystems_X5","world_terrestrial_ecosystems_X29","world_terrestrial_ecosystems_X27","world_terrestrial_ecosystems_X57","world_terrestrial_ecosystems_X59","world_terrestrial_ecosystems_X45","world_terrestrial_ecosystems_X56","world_terrestrial_ecosystems_X51","world_terrestrial_ecosystems_X10","world_terrestrial_ecosystems_X25","world_terrestrial_ecosystems_X18","world_terrestrial_ecosystems_X55","world_terrestrial_ecosystems_X54","world_terrestrial_ecosystems_X53","world_terrestrial_ecosystems_X63","world_terrestrial_ecosystems_X58","world_terrestrial_ecosystems_X52","world_terrestrial_ecosystems_X1","world_terrestrial_ecosystems_X22","world_terrestrial_ecosystems_X19","world_terrestrial_ecosystems_X75","world_terrestrial_ecosystems_X72","world_terrestrial_ecosystems_X46","world_terrestrial_ecosystems_X12","world_terrestrial_ecosystems_X36","world_terrestrial_ecosystems_X43","world_terrestrial_ecosystems_X74","world_terrestrial_ecosystems_X89","world_terrestrial_ecosystems_X90","world_terrestrial_ecosystems_X68","world_terrestrial_ecosystems_X70","world_terrestrial_ecosystems_X78","world_terrestrial_ecosystems_X14","world_terrestrial_ecosystems_X66","world_terrestrial_ecosystems_X88","world_terrestrial_ecosystems_X31","world_terrestrial_ecosystems_X48","world_terrestrial_ecosystems_X11","world_terrestrial_ecosystems_X98","world_terrestrial_ecosystems_X34","world_terrestrial_ecosystems_X115","world_terrestrial_ecosystems_X111","world_terrestrial_ecosystems_X4","world_terrestrial_ecosystems_X7","world_terrestrial_ecosystems_other"
-1556.12399225612,1442.18332708051,0,0,489.35910419404,-5.27057265539139,"nonveg_801",0,1,0,0,0,0,0,0,0,0,0,0,0,0,0,0,0,0,1,0,0,0,0,0,0,0,0,0,0,0,0,0,0,0,0,0,0,0,0,0,0,0,0,0,0,0,0,0,0,0,0,0,0,0,0
-839.625634286056,3773.73469020775,4,1,666.477436875094,-17.3493749772961,"Canada.BonifaceRiver.LSA4",804.6,0,1,0,0,0,0,0,1,0,0,0,0,0,0,0,0,0,0,0,0,0,0,0,0,0,0,0,0,0,0,0,0,0,0,0,0,0,0,0,0,0,0,0,0,0,0,0,0,0,0,0,0,0,0
3473.71457589328,994.446089918917,0,0,1589.78604658799,-112.954132806248,"nonveg_623",0,0,0,0,1,0,0,0,0,0,1,0,0,0,0,0,0,0,0,0,0,0,0,0,0,0,0,0,0,0,0,0,0,0,0,0,0,0,0,0,0,0,0,0,0,0,0,0,0,0,0,0,0,0,0
2675.23814265101,6428.73525706685,9.6,1,2849.79290683328,26.065099913841,"Norway.Javrresduottar.A-Hummock",297.522,0,1,0,0,0,0,0,1,0,0,0,0,0,0,0,0,0,0,0,0,0,0,0,0,0,0,0,0,0,0,0,0,0,0,0,0,0,0,0,0,0,0,0,0,0,0,0,0,0,0,0,0,0,0
-4472.34391835329,3031.79636033736,0,0,1460.02070808196,93.320253799422,"nonveg_746",0,0,0,1,0,0,0,0,0,0,0,0,0,0,0,1,0,0,0,0,0,0,0,0,0,0,0,0,0,0,0,0,0,0,0,0,0,0,0,0,0,0,0,0,0,0,0,0,0,0,0,0,0,0,0
-524.508205043798,386.515556300878,0,0,253.948154036576,-26.1930094348764,"nonveg_806",0,1,0,0,0,0,0,0,0,0,1,0,0,0,0,0,0,0,0,0,0,0,0,0,0,0,0,0,0,0,0,0,0,0,0,0,0,0,0,0,0,0,0,0,0,0,0,0,0,0,0,0,0,0,0
-229.34922882691,1478.51161069568,0,0,1684.07876478704,53.2203173812907,"nonveg_602",0,1,0,0,0,0,1,0,0,0,0,0,0,0,0,0,0,0,0,0,0,0,0,0,0,0,0,0,0,0,0,0,0,0,0,0,0,0,0,0,0,0,0,0,0,0,0,0,0,0,0,0,0,0,0
-3197.23423979497,-173.577054161068,0,0,373.310609018457,-21.3703947678206,"nonveg_822",0,1,0,0,0,0,1,0,0,0,0,0,0,0,0,0,0,0,0,0,0,0,0,0,0,0,0,0,0,0,0,0,0,0,0,0,0,0,0,0,0,0,0,0,0,0,0,0,0,0,0,0,0,0,0
331.692353039127,5172.50117429774,0,0,1857.10419417858,33.5155520059005,"USA.NorthSlope.Sagwon-C19",474.484,0,0,1,0,0,0,0,0,0,0,0,0,0,0,0,0,0,0,0,0,0,0,0,0,0,0,0,0,0,0,0,0,0,0,0,0,0,0,0,1,0,0,0,0,0,0,0,0,0,0,0,0,0,0
-1708.47409900095,-872.529699418519,0,0,1011.08186212335,-25.3797566705277,"nonveg_875",0,0,0,0,1,0,0,0,0,0,1,0,0,0,0,0,0,0,0,0,0,0,0,0,0,0,0,0,0,0,0,0,0,0,0,0,0,0,0,0,0,0,0,0,0,0,0,0,0,0,0,0,0,0,0
3893.74038843306,491.008176782082,0,0,873.564877065158,55.9595703043579,"nonveg_1889",0,0,0,1,0,0,0,0,0,0,0,0,0,0,0,0,0,0,0,0,0,0,0,0,0,0,1,0,0,0,0,0,0,0,0,0,0,0,0,0,0,0,0,0,0,0,0,0,0,0,0,0,0,0,0
-1625.94643895866,3424.03052254915,0,0,1409.24497423228,-3.78083629463464,"Canada.ChukotkaRiver.TPO5",942.54,0,0,1,0,0,0,0,0,0,0,0,0,1,0,0,0,0,0,0,0,0,0,0,0,0,0,0,0,0,0,0,0,0,0,0,0,0,0,0,0,0,0,0,0,0,0,0,0,0,0,0,0,0,0
5180.24536610572,5306.07078714658,0,0,1373.24181395638,16.7913477388434,"nonveg_1607",0,0,0,1,0,0,0,0,0,0,0,0,0,0,0,0,0,0,0,0,0,0,0,0,0,0,1,0,0,0,0,0,0,0,0,0,0,0,0,0,0,0,0,0,0,0,0,0,0,0,0,0,0,0,0
-2470.45583607754,1693.16100201111,0,0,242.237258616057,4.59015333109733,"nonveg_508",0,1,0,0,0,0,0,0,0,0,0,0,0,0,0,0,0,0,0,0,0,0,0,0,0,0,0,1,0,0,0,0,0,0,0,0,0,0,0,0,0,0,0,0,0,0,0,0,0,0,0,0,0,0,0
-1179.88635352568,-429.596975471029,0,0,1075.96140764171,-26.4790276583753,"nonveg_710",0,0,0,1,0,0,0,0,0,0,1,0,0,0,0,0,0,0,0,0,0,0,0,0,0,0,0,0,0,0,0,0,0,0,0,0,0,0,0,0,0,0,0,0,0,0,0,0,0,0,0,0,0,0,0
-3983.83289834165,160.391667047539,0,0,1072.00909923388,-59.7641722159357,"nonveg_1499",0,1,0,0,0,0,0,0,0,0,1,0,0,0,0,0,0,0,0,0,0,0,0,0,0,0,0,0,0,0,0,0,0,0,0,0,0,0,0,0,0,0,0,0,0,0,0,0,0,0,0,0,0,0,0
-1825.57540619761,3958.96345419639,0,0,1096.56697402533,15.0706195961467,"nonveg_662",0,0,0,1,0,0,0,0,0,0,0,0,0,0,0,1,0,0,0,0,0,0,0,0,0,0,0,0,0,0,0,0,0,0,0,0,0,0,0,0,0,0,0,0,0,0,0,0,0,0,0,0,0,0,0
-3008.68973312027,700.732387039922,0,0,893.547968432102,-49.8361000397135,"nonveg_997",0,1,0,0,0,0,0,0,0,0,1,0,0,0,0,0,0,0,0,0,0,0,0,0,0,0,0,0,0,0,0,0,0,0,0,0,0,0,0,0,0,0,0,0,0,0,0,0,0,0,0,0,0,0,0
-3257.21783814658,1467.77207027575,0,0,905.728654731957,-74.7901218104688,"nonveg_954",0,1,0,0,0,0,0,0,0,0,1,0,0,0,0,0,0,0,0,0,0,0,0,0,0,0,0,0,0,0,0,0,0,0,0,0,0,0,0,0,0,0,0,0,0,0,0,0,0,0,0,0,0,0,0
-2576.76683772166,1100.74243053612,0,0,290.616061603838,-10.0577622252582,"nonveg_543",0,1,0,0,0,0,0,0,0,0,0,0,0,0,0,0,0,0,0,0,0,0,0,0,0,0,0,1,0,0,0,0,0,0,0,0,0,0,0,0,0,0,0,0,0,0,0,0,0,0,0,0,0,0,0
56.5122492785444,5454.79439469912,1.33333333333333,1,2229.35718544571,17.71000914911,"Russia.Tazovsky.Burned44",606.513333333333,0,0,0,1,0,0,0,0,0,0,0,0,0,0,0,0,0,0,0,0,0,0,0,0,0,1,0,0,0,0,0,0,0,0,0,0,0,0,0,0,0,0,0,0,0,0,0,0,0,0,0,0,0,0
3773.86874648099,-2523.65449176653,0,0,1889.91529150781,39.7350561331701,"nonveg_1810",0,0,0,1,0,0,0,0,0,0,0,0,1,0,0,0,0,0,0,0,0,0,0,0,0,0,0,0,0,0,0,0,0,0,0,0,0,0,0,0,0,0,0,0,0,0,0,0,0,0,0,0,0,0,0
281.381729142739,5619.33270088686,0.555555555555556,0,1281.46787393201,2.22805484364549,"Canada.PayneLake.TDA0",915.87,0,0,1,0,0,0,0,0,0,0,0,0,0,0,1,0,0,0,0,0,0,0,0,0,0,0,0,0,0,0,0,0,0,0,0,0,0,0,0,0,0,0,0,0,0,0,0,0,0,0,0,0,0,0
1660.98073280863,6487.69168634738,46,1,1799.69631903167,113.743626402917,"USA.InteriorAlaska.22",1695.6,0,1,0,0,0,0,0,0,0,0,0,0,0,0,0,0,0,0,0,0,0,0,0,0,0,0,0,0,0,0,0,0,0,0,0,0,0,1,0,0,0,0,0,0,0,0,0,0,0,0,0,0,0,0
185.638279354595,5073.55492468009,0,0,2173.0282228361,49.5565381040839,"Canada.ChukotkaRiver.TH1",477.01,0,0,1,0,0,0,0,0,0,0,0,0,1,0,0,0,0,0,0,0,0,0,0,0,0,0,0,0,0,0,0,0,0,0,0,0,0,0,0,0,0,0,0,0,0,0,0,0,0,0,0,0,0,0
3279.62489765506,6236.09004773375,0,0,2046.7103108084,37.1686431086947,"Norway.Javrresduottar.A-Sphagnum",487.3975,0,1,0,0,0,0,0,0,0,0,0,0,0,0,0,0,0,0,0,0,0,0,0,0,1,0,0,0,0,0,0,0,0,0,0,0,0,0,0,0,0,0,0,0,0,0,0,0,0,0,0,0,0,0
678.662467723162,5513.77963826166,0,0,2285.30690463356,28.6246379779416,"USA.YukonKuskokwimDelta.72B4",674.8225,0,0,1,0,0,0,0,0,0,0,0,0,0,0,0,0,0,0,0,0,0,0,0,0,0,0,0,0,0,0,0,1,0,0,0,0,0,0,0,0,0,0,0,0,0,0,0,0,0,0,0,0,0,0
-796.980451973724,5408.28915220572,0,0,1517.53101261082,-21.2813825023551,"USA.InteriorAlaska.24",155.466666666667,0,0,0,1,0,0,0,0,0,0,0,0,0,0,0,1,0,0,0,0,0,0,0,0,0,0,0,0,0,0,0,0,0,0,0,0,0,0,0,0,0,0,0,0,0,0,0,0,0,0,0,0,0,0
-2820.29787588495,422.048588619916,0,0,1237.49233414274,-128.306294411265,"nonveg_606",0,0,0,0,1,0,0,0,0,0,1,0,0,0,0,0,0,0,0,0,0,0,0,0,0,0,0,0,0,0,0,0,0,0,0,0,0,0,0,0,0,0,0,0,0,0,0,0,0,0,0,0,0,0,0
-1948.65577621026,720.625122067825,0,0,723.776069779692,-38.7082315455339,"nonveg_935",0,0,0,0,1,0,0,0,0,0,1,0,0,0,0,0,0,0,0,0,0,0,0,0,0,0,0,0,0,0,0,0,0,0,0,0,0,0,0,0,0,0,0,0,0,0,0,0,0,0,0,0,0,0,0
-1781.64135467595,1473.45097821423,0,0,861.17658728697,13.360475308056,"nonveg_880",0,1,0,0,0,0,0,0,0,0,0,0,0,0,0,0,0,0,1,0,0,0,0,0,0,0,0,0,0,0,0,0,0,0,0,0,0,0,0,0,0,0,0,0,0,0,0,0,0,0,0,0,0,0,0
-2933.90581662873,980.944272672429,0,0,1061.52779112795,-52.5571678045903,"nonveg_779",0,0,0,1,0,0,0,0,0,1,0,0,0,0,0,0,0,0,0,0,0,0,0,0,0,0,0,0,0,0,0,0,0,0,0,0,0,0,0,0,0,0,0,0,0,0,0,0,0,0,0,0,0,0,0
2314.82704984411,-391.119326379528,0,0,531.995897517695,48.5221870150349,"nonveg_1509",0,0,0,0,1,0,0,0,0,0,0,0,0,0,0,0,0,0,0,0,0,0,0,0,0,0,0,0,0,0,0,0,0,0,0,0,0,0,0,0,0,0,0,0,0,0,1,0,0,0,0,0,0,0,0
583.235724060872,6080.31989211794,0.666666666666667,0,1833.13064730018,-11.448264904782,"Canada.BonifaceRiver.AB1",1960.57,0,1,0,0,0,0,1,0,0,0,0,0,0,0,0,0,0,0,0,0,0,0,0,0,0,0,0,0,0,0,0,0,0,0,0,0,0,0,0,0,0,0,0,0,0,0,0,0,0,0,0,0,0,0
-2078.56071666689,1632.6000330599,0,0,963.364066147191,38.4708333355987,"nonveg_714",0,0,0,0,1,0,0,0,0,0,1,0,0,0,0,0,0,0,0,0,0,0,0,0,0,0,0,0,0,0,0,0,0,0,0,0,0,0,0,0,0,0,0,0,0,0,0,0,0,0,0,0,0,0,0
2570.04921148117,7527.24178365338,34,1,2614.32908771929,71.8301583046162,"Finland.Kevo.4",2242.036,0,0,0,1,0,0,0,0,0,0,0,0,0,0,0,0,0,0,0,0,1,0,0,0,0,0,0,0,0,0,0,0,0,0,0,0,0,0,0,0,0,0,0,0,0,0,0,0,0,0,0,0,0,0
-3033.87943809787,1219.87869342835,0,0,1105.9380175047,-71.1308381167906,"nonveg_673",0,1,0,0,0,0,1,0,0,0,0,0,0,0,0,0,0,0,0,0,0,0,0,0,0,0,0,0,0,0,0,0,0,0,0,0,0,0,0,0,0,0,0,0,0,0,0,0,0,0,0,0,0,0,0
3395.78399038895,7808.32830703657,61.6,1,2324.60953050386,63.8357398377097,"Finland.Kevo.9",1903.36,0,0,0,1,0,0,0,0,0,0,0,0,0,0,0,0,0,0,0,0,1,0,0,0,0,0,0,0,0,0,0,0,0,0,0,0,0,0,0,0,0,0,0,0,0,0,0,0,0,0,0,0,0,0
-3098.15827632669,606.291900449996,0,0,1316.65329366104,-91.3961264181468,"nonveg_677",0,1,0,0,0,0,0,0,0,0,1,0,0,0,0,0,0,0,0,0,0,0,0,0,0,0,0,0,0,0,0,0,0,0,0,0,0,0,0,0,0,0,0,0,0,0,0,0,0,0,0,0,0,0,0
1552.15301082126,6789.31881632275,0,0,2611.57505286617,24.9816134377614,"USA.Kougaork.TallShrub",1788.2925,0,0,1,0,0,0,0,0,0,0,0,0,0,0,0,1,0,0,0,0,0,0,0,0,0,0,0,0,0,0,0,0,0,0,0,0,0,0,0,0,0,0,0,0,0,0,0,0,0,0,0,0,0,0
3997.97892602592,-1043.81844454709,0,0,997.042402904664,396.471979471919,"nonveg_1720",0,0,0,1,0,0,0,0,0,0,0,0,0,0,0,0,0,0,0,0,0,0,0,0,0,0,1,0,0,0,0,0,0,0,0,0,0,0,0,0,0,0,0,0,0,0,0,0,0,0,0,0,0,0,0
-2530.41262071391,1598.81649932452,0,0,860.966298737035,-0.628244552955838,"nonveg_957",0,0,0,1,0,0,0,0,0,0,0,0,0,0,0,0,0,0,0,0,0,0,0,0,0,0,0,0,0,0,0,0,0,1,0,0,0,0,0,0,0,0,0,0,0,0,0,0,0,0,0,0,0,0,0
-1967.75425443803,3829.83547118132,0,0,2093.05495447688,38.8614173028838,"USA.NorthSlope.FranklinBluffs-C16",376.619,0,0,1,0,0,0,0,0,0,0,0,0,0,0,0,0,0,0,0,0,0,0,0,0,0,0,0,0,0,0,0,0,0,0,0,0,0,0,0,0,0,0,1,0,0,0,0,0,0,0,0,0,0,0
3922.40188395488,-932.782465751624,0,0,1044.25592806317,-0.564959946614898,"nonveg_1677",0,0,0,0,1,0,0,0,0,0,0,0,0,0,0,0,0,0,0,0,0,0,0,0,0,0,0,0,0,0,0,0,0,0,0,0,0,0,0,0,0,0,0,0,0,0,0,0,0,0,1,0,0,0,0
-1638.89081611056,1881.4898152431,0,0,692.86948080417,-34.3327939973404,"nonveg_540",0,1,0,0,0,0,0,0,0,0,0,0,0,0,0,0,0,0,0,0,0,0,0,0,0,0,0,1,0,0,0,0,0,0,0,0,0,0,0,0,0,0,0,0,0,0,0,0,0,0,0,0,0,0,0
1204.13789803214,5882.87009549726,6,0,1322.29276842892,-12.8196974902871,"Sweden.Abisko.NT-MesicHeath",726.156666666667,0,0,0,1,0,0,0,0,0,0,0,0,0,0,0,0,0,0,0,0,1,0,0,0,0,0,0,0,0,0,0,0,0,0,0,0,0,0,0,0,0,0,0,0,0,0,0,0,0,0,0,0,0,0
4922.17692773429,592.655042510417,0,0,1270.99641871365,-63.5067290651361,"nonveg_1290",0,0,0,0,1,0,0,0,0,0,1,0,0,0,0,0,0,0,0,0,0,0,0,0,0,0,0,0,0,0,0,0,0,0,0,0,0,0,0,0,0,0,0,0,0,0,0,0,0,0,0,0,0,0,0
-1873.72744212973,1814.38570583951,0,0,770.913870387865,-24.3117215302519,"Canada.PrincePatrickIsland.MouldBay-C00",64.0586666666667,1,0,0,0,0,1,0,0,0,0,0,0,0,0,0,0,0,0,0,0,0,0,0,0,0,0,0,0,0,0,0,0,0,0,0,0,0,0,0,0,0,0,0,0,0,0,0,0,0,0,0,0,0,0
-939.191839868942,4487.00768896266,1.44444444444444,0,1373.68878236279,4.09944094080269,"Canada.LeRoyLake.TD7",543.19,0,0,0,1,0,0,0,0,0,0,0,0,0,0,1,0,0,0,0,0,0,0,0,0,0,0,0,0,0,0,0,0,0,0,0,0,0,0,0,0,0,0,0,0,0,0,0,0,0,0,0,0,0,0
1334.09995079803,4922.44128631154,0,0,1675.34068559495,57.6775586229609,"Russia.Yamal.Nadym-2-IH",385.576666666667,0,1,0,0,0,0,0,0,0,0,0,0,0,0,1,0,0,0,0,0,0,0,0,0,0,0,0,0,0,0,0,0,0,0,0,0,0,0,0,0,0,0,0,0,0,0,0,0,0,0,0,0,0,0
3893.74038843306,491.008176782082,0,0,873.564877065158,55.9595703043579,"nonveg_1889",0,0,0,1,0,0,0,0,0,0,0,0,0,0,0,0,0,0,0,0,0,0,0,0,0,0,1,0,0,0,0,0,0,0,0,0,0,0,0,0,0,0,0,0,0,0,0,0,0,0,0,0,0,0,0
-1545.97795047546,1154.43862535695,0,0,243.515331837356,-52.8620686879755,"nonveg_899",0,1,0,0,0,0,0,0,0,0,0,0,0,0,0,0,0,0,0,0,0,0,0,0,0,0,0,0,0,0,0,0,0,1,0,0,0,0,0,0,0,0,0,0,0,0,0,0,0,0,0,0,0,0,0
6623.31373889344,-2431.25579305192,0,0,735.319112914785,78.9196357814517,"nonveg_1367",0,1,0,0,0,0,0,0,0,0,1,0,0,0,0,0,0,0,0,0,0,0,0,0,0,0,0,0,0,0,0,0,0,0,0,0,0,0,0,0,0,0,0,0,0,0,0,0,0,0,0,0,0,0,0
1849.62621971088,1694.84622753371,0,0,1331.76865434763,-50.8720377996423,"nonveg_991",0,0,0,0,1,0,0,0,0,0,1,0,0,0,0,0,0,0,0,0,0,0,0,0,0,0,0,0,0,0,0,0,0,0,0,0,0,0,0,0,0,0,0,0,0,0,0,0,0,0,0,0,0,0,0
-532.16057501556,4087.21652136372,0,0,1069.83567844457,20.0905413939977,"USA.YukonKuskokwimDelta.4",7.66333333333333,0,0,1,0,0,0,0,0,0,0,0,0,0,0,1,0,0,0,0,0,0,0,0,0,0,0,0,0,0,0,0,0,0,0,0,0,0,0,0,0,0,0,0,0,0,0,0,0,0,0,0,0,0,0
-1009.75775534357,1998.74726063225,0,0,1032.72795123687,23.9145846860094,"nonveg_701",0,0,0,0,1,0,0,0,0,0,1,0,0,0,0,0,0,0,0,0,0,0,0,0,0,0,0,0,0,0,0,0,0,0,0,0,0,0,0,0,0,0,0,0,0,0,0,0,0,0,0,0,0,0,0
877.64027785038,2054.89658007494,0,0,2143.04986714187,-65.7428547048798,"nonveg_1813",0,0,0,1,0,0,0,0,0,0,0,0,0,0,0,0,0,0,0,0,0,0,0,0,0,0,0,0,0,1,0,0,0,0,0,0,0,0,0,0,0,0,0,0,0,0,0,0,0,0,0,0,0,0,0
-1480.67014101903,14.4671894938051,0,0,1129.48256750837,-50.5933925543977,"nonveg_912",0,1,0,0,0,0,0,0,0,0,0,0,0,0,0,0,0,0,1,0,0,0,0,0,0,0,0,0,0,0,0,0,0,0,0,0,0,0,0,0,0,0,0,0,0,0,0,0,0,0,0,0,0,0,0
2675.23814265101,6428.73525706685,9.6,1,2849.79290683328,26.065099913841,"Norway.Javrresduottar.A-Hummock",297.522,0,1,0,0,0,0,0,1,0,0,0,0,0,0,0,0,0,0,0,0,0,0,0,0,0,0,0,0,0,0,0,0,0,0,0,0,0,0,0,0,0,0,0,0,0,0,0,0,0,0,0,0,0,0
1191.40434268369,5663.8006771329,0,0,2060.58128347007,17.2518877779016,"USA.YukonKuskokwimDelta.72B3",301.225,0,0,1,0,0,0,0,0,0,0,0,0,0,0,0,0,0,0,0,0,0,0,0,0,0,1,0,0,0,0,0,0,0,0,0,0,0,0,0,0,0,0,0,0,0,0,0,0,0,0,0,0,0,0
-1662.05375287848,1035.45585792014,0,0,395.765361774136,-28.7443752097454,"nonveg_578",0,1,0,0,0,0,0,0,0,0,1,0,0,0,0,0,0,0,0,0,0,0,0,0,0,0,0,0,0,0,0,0,0,0,0,0,0,0,0,0,0,0,0,0,0,0,0,0,0,0,0,0,0,0,0
-3463.11165772148,350.495665426954,0,0,819.472303965103,-1.84006381061431,"nonveg_1316",0,0,0,0,1,0,0,0,0,0,0,0,0,0,0,0,0,0,0,0,0,0,0,0,0,0,0,0,0,0,0,0,0,0,0,0,0,0,0,0,0,0,0,0,0,0,0,0,1,0,0,0,0,0,0
-1597.63759321253,816.326101583716,0,0,824.433687388096,-45.4694529557475,"nonveg_594",0,0,0,0,1,0,0,0,0,0,1,0,0,0,0,0,0,0,0,0,0,0,0,0,0,0,0,0,0,0,0,0,0,0,0,0,0,0,0,0,0,0,0,0,0,0,0,0,0,0,0,0,0,0,0
536.779668577133,5951.37668725528,12,1,2241.03941682916,49.4747205715998,"Russia.Kolyma.T1",1484.84,0,0,1,0,0,0,0,0,0,0,0,0,0,0,0,0,0,0,0,0,0,0,0,0,0,0,0,0,0,0,1,0,0,0,0,0,0,0,0,0,0,0,0,0,0,0,0,0,0,0,0,0,0,0
6623.31373889344,-2431.25579305192,0,0,735.319112914785,78.9196357814517,"nonveg_1367",0,1,0,0,0,0,0,0,0,0,1,0,0,0,0,0,0,0,0,0,0,0,0,0,0,0,0,0,0,0,0,0,0,0,0,0,0,0,0,0,0,0,0,0,0,0,0,0,0,0,0,0,0,0,0
-950.807114694663,4111.61590900858,0,0,767.29081787823,-2.34842698963872,"Canada.PayneLake.TD4",235.88,0,0,1,0,0,0,0,0,0,0,0,0,0,0,1,0,0,0,0,0,0,0,0,0,0,0,0,0,0,0,0,0,0,0,0,0,0,0,0,0,0,0,0,0,0,0,0,0,0,0,0,0,0,0
-2539.8007285215,80.7144559320139,0,0,867.662900340539,-20.4002943652622,"nonveg_761",0,1,0,0,0,0,0,0,0,0,1,0,0,0,0,0,0,0,0,0,0,0,0,0,0,0,0,0,0,0,0,0,0,0,0,0,0,0,0,0,0,0,0,0,0,0,0,0,0,0,0,0,0,0,0
10000,-3245.2701809754,0,0,1307.18933109671,27.8129445436113,"nonveg_1236",0,0,0,1,0,0,0,0,0,0,0,0,0,0,0,0,0,0,0,0,0,0,0,0,0,0,0,1,0,0,0,0,0,0,0,0,0,0,0,0,0,0,0,0,0,0,0,0,0,0,0,0,0,0,0
127.296766221981,5193.67073817376,0,0,1563.89781184031,13.0013676960565,"Russia.Yamal.Laborovaya-2",351.444,0,0,1,0,0,0,1,0,0,0,0,0,0,0,0,0,0,0,0,0,0,0,0,0,0,0,0,0,0,0,0,0,0,0,0,0,0,0,0,0,0,0,0,0,0,0,0,0,0,0,0,0,0,0
221.744352351286,5379.93737417218,0,0,1496.50771602707,73.2697643945527,"Finland.Javrresduottar.EC-Betula",1082.625,0,1,0,0,0,0,1,0,0,0,0,0,0,0,0,0,0,0,0,0,0,0,0,0,0,0,0,0,0,0,0,0,0,0,0,0,0,0,0,0,0,0,0,0,0,0,0,0,0,0,0,0,0,0
-3326.52901893735,2021.54090189494,0,0,1496.45885384785,8.75035475690307,"nonveg_693",0,1,0,0,0,0,0,0,0,0,0,0,0,0,0,0,0,0,1,0,0,0,0,0,0,0,0,0,0,0,0,0,0,0,0,0,0,0,0,0,0,0,0,0,0,0,0,0,0,0,0,0,0,0,0
6543.30472165089,932.995211445903,0,0,906.254211559918,6.83578609481461,"nonveg_1654",0,0,0,1,0,0,0,0,0,0,0,0,0,0,0,0,0,0,0,0,0,0,0,0,0,0,1,0,0,0,0,0,0,0,0,0,0,0,0,0,0,0,0,0,0,0,0,0,0,0,0,0,0,0,0
1914.84949806835,5102.42161387305,0,0,1457.73547880258,27.2518653075418,"Finland.Javrresduottar.A-Sphagnum",419.86,0,1,0,0,0,0,0,0,0,0,0,0,0,0,0,0,0,0,0,0,0,0,0,1,0,0,0,0,0,0,0,0,0,0,0,0,0,0,0,0,0,0,0,0,0,0,0,0,0,0,0,0,0,0
-1127.02297695774,5572.47088190143,57.3333333333333,1,4889.88282527275,94.6726750827287,"Canada.KluaneLake.Outpost-ShrubTundra",2266.02666666667,0,0,0,1,0,0,0,0,0,0,0,0,0,0,0,0,0,0,0,0,1,0,0,0,0,0,0,0,0,0,0,0,0,0,0,0,0,0,0,0,0,0,0,0,0,0,0,0,0,0,0,0,0,0
-1885.67590774652,6451.6543632358,5.33333333333333,0,2347.10363798632,233.416541515677,"Sweden.Abisko.VJ-Wetland",361.66,0,0,0,1,0,0,0,0,0,0,0,0,0,0,0,0,0,0,0,0,1,0,0,0,0,0,0,0,0,0,0,0,0,0,0,0,0,0,0,0,0,0,0,0,0,0,0,0,0,0,0,0,0,0
-620.994290806249,2833.61007934114,0,0,1412.0197040363,71.1851224405987,"Russia.Tiksi.BareSoil",9.25333333333333,0,0,1,0,0,0,0,0,0,0,0,0,0,0,0,0,0,0,0,0,0,0,0,0,0,0,0,0,0,0,0,0,1,0,0,0,0,0,0,0,0,0,0,0,0,0,0,0,0,0,0,0,0,0
-3643.17073058974,1106.66184826738,0,0,1414.14319872919,19.7356365071247,"nonveg_715",0,1,0,0,0,0,1,0,0,0,0,0,0,0,0,0,0,0,0,0,0,0,0,0,0,0,0,0,0,0,0,0,0,0,0,0,0,0,0,0,0,0,0,0,0,0,0,0,0,0,0,0,0,0,0
-2192.88479736196,1690.29078642053,0,0,539.493283789926,-10.8896071256006,"nonveg_998",0,0,0,1,0,0,0,0,0,0,0,0,0,0,0,0,0,0,0,0,0,0,0,0,0,0,0,0,0,0,0,0,0,0,0,0,0,0,0,0,0,0,1,0,0,0,0,0,0,0,0,0,0,0,0
1190.08275152616,6541.90290285905,44,1,2323.98571544049,84.9594029518774,"USA.InteriorAlaska.20",1030.1,0,1,0,0,0,0,0,0,0,0,0,0,0,0,0,0,0,0,0,0,0,0,0,0,0,0,0,0,0,0,0,0,0,0,0,0,0,1,0,0,0,0,0,0,0,0,0,0,0,0,0,0,0,0
-1302.82294950484,941.951928423241,0,0,475.344461638669,-10.502042297897,"nonveg_596",0,0,0,0,1,0,0,0,0,0,1,0,0,0,0,0,0,0,0,0,0,0,0,0,0,0,0,0,0,0,0,0,0,0,0,0,0,0,0,0,0,0,0,0,0,0,0,0,0,0,0,0,0,0,0
-1049.13194956356,1685.56868457441,0,0,1163.13483672209,32.9426910709718,"nonveg_866",0,1,0,0,0,0,0,0,0,0,0,0,0,0,0,0,0,0,0,0,0,0,0,0,0,0,0,0,0,0,0,0,0,0,0,0,0,0,0,0,0,0,1,0,0,0,0,0,0,0,0,0,0,0,0
3702.42466604398,-269.61781362095,0,0,859.263114762954,33.0355186141949,"nonveg_1626",0,0,0,1,0,0,0,0,0,0,0,0,0,0,0,0,0,0,0,0,0,0,0,0,0,0,0,0,0,0,0,0,0,0,0,0,0,0,0,0,0,0,0,0,0,0,0,0,0,1,0,0,0,0,0
-63.6574224550078,4635.39495213648,0,0,831.087550322176,4.98683294157259,"Canada.ChukotkaRiver.TH5",201.14,0,0,1,0,0,0,0,0,0,0,0,0,1,0,0,0,0,0,0,0,0,0,0,0,0,0,0,0,0,0,0,0,0,0,0,0,0,0,0,0,0,0,0,0,0,0,0,0,0,0,0,0,0,0
1742.35064032585,7140.09406605653,20.4,1,1810.54083535998,71.6968441887898,"Finland.Kevo.2",2109.936,0,1,0,0,0,0,0,0,0,0,0,0,0,0,0,0,0,0,0,0,1,0,0,0,0,0,0,0,0,0,0,0,0,0,0,0,0,0,0,0,0,0,0,0,0,0,0,0,0,0,0,0,0,0
633.614374679543,380.295289242346,0,0,10568.3390827843,-67.3252629579026,"nonveg_1241",0,0,0,0,1,0,0,0,0,0,1,0,0,0,0,0,0,0,0,0,0,0,0,0,0,0,0,0,0,0,0,0,0,0,0,0,0,0,0,0,0,0,0,0,0,0,0,0,0,0,0,0,0,0,0
-1361.14454979451,6204.18161747868,0,0,2394.91897392494,138.382207100296,"USA.BrooksRange.8",555.1,0,0,1,0,0,0,0,0,0,0,0,0,0,0,0,0,1,0,0,0,0,0,0,0,0,0,0,0,0,0,0,0,0,0,0,0,0,0,0,0,0,0,0,0,0,0,0,0,0,0,0,0,0,0
-80.4186507726363,713.63904632096,0,0,1023.70595859887,-5.04427773697553,"nonveg_729",0,1,0,0,0,0,0,0,0,0,0,0,0,0,0,0,0,0,1,0,0,0,0,0,0,0,0,0,0,0,0,0,0,0,0,0,0,0,0,0,0,0,0,0,0,0,0,0,0,0,0,0,0,0,0
-948.929448794752,1168.13093199516,0,0,981.323134294617,-59.840153387993,"nonveg_561",0,1,0,0,0,0,1,0,0,0,0,0,0,0,0,0,0,0,0,0,0,0,0,0,0,0,0,0,0,0,0,0,0,0,0,0,0,0,0,0,0,0,0,0,0,0,0,0,0,0,0,0,0,0,0
864.720337757291,5059.71546946847,0,0,1626.76577420632,8.25535575712647,"Norway.Javrresduottar.EC-Betula",832.964,0,1,0,0,0,0,0,0,0,0,0,0,0,0,0,0,0,0,0,0,0,0,0,0,1,0,0,0,0,0,0,0,0,0,0,0,0,0,0,0,0,0,0,0,0,0,0,0,0,0,0,0,0,0
677.065935678969,4753.56041355588,0,0,2008.70145269937,27.9112205071197,"USA.YukonKuskokwimDelta.UB6",694.08,0,0,1,0,0,0,0,0,0,0,0,0,0,0,0,0,0,0,0,0,0,0,0,0,0,0,0,0,0,0,0,1,0,0,0,0,0,0,0,0,0,0,0,0,0,0,0,0,0,0,0,0,0,0
1852.12399398576,5602.87451936393,6.33333333333333,0,1832.71062103643,28.1827242185052,"Sweden.Abisko.KJ-BirchShrub",752.298333333333,0,0,0,1,0,0,0,0,0,0,0,0,0,0,0,0,0,0,0,0,1,0,0,0,0,0,0,0,0,0,0,0,0,0,0,0,0,0,0,0,0,0,0,0,0,0,0,0,0,0,0,0,0,0
-1708.47409900095,-872.529699418519,0,0,1011.08186212335,-25.3797566705277,"nonveg_875",0,0,0,0,1,0,0,0,0,0,1,0,0,0,0,0,0,0,0,0,0,0,0,0,0,0,0,0,0,0,0,0,0,0,0,0,0,0,0,0,0,0,0,0,0,0,0,0,0,0,0,0,0,0,0
3702.42466604398,-269.61781362095,0,0,859.263114762954,33.0355186141949,"nonveg_1626",0,0,0,1,0,0,0,0,0,0,0,0,0,0,0,0,0,0,0,0,0,0,0,0,0,0,0,0,0,0,0,0,0,0,0,0,0,0,0,0,0,0,0,0,0,0,0,0,0,1,0,0,0,0,0
3997.97892602592,-1043.81844454709,0,0,997.042402904664,396.471979471919,"nonveg_1720",0,0,0,1,0,0,0,0,0,0,0,0,0,0,0,0,0,0,0,0,0,0,0,0,0,0,1,0,0,0,0,0,0,0,0,0,0,0,0,0,0,0,0,0,0,0,0,0,0,0,0,0,0,0,0
1334.09995079803,4922.44128631154,0,0,1675.34068559495,57.6775586229609,"Russia.Yamal.Nadym-2-IH",385.576666666667,0,1,0,0,0,0,0,0,0,0,0,0,0,0,1,0,0,0,0,0,0,0,0,0,0,0,0,0,0,0,0,0,0,0,0,0,0,0,0,0,0,0,0,0,0,0,0,0,0,0,0,0,0,0
-3081.71848940254,787.563606710812,0,0,1163.89280952867,-15.920007777444,"nonveg_757",0,0,0,0,1,0,0,0,0,0,0,0,0,0,0,0,0,1,0,0,0,0,0,0,0,0,0,0,0,0,0,0,0,0,0,0,0,0,0,0,0,0,0,0,0,0,0,0,0,0,0,0,0,0,0
711.448603191885,5368.67971008371,3.66666666666667,0,2057.81599759854,-25.0049079187104,"Canada.LeRoyLake.TDA4",1197.38,0,0,0,1,0,0,0,0,0,0,0,0,0,0,1,0,0,0,0,0,0,0,0,0,0,0,0,0,0,0,0,0,0,0,0,0,0,0,0,0,0,0,0,0,0,0,0,0,0,0,0,0,0,0
-1025.52651117906,3677.8363624686,0,0,1196.50432519905,-1.04510633653037,"Russia.Yamal.OstrovBelyy-2",288.84,1,0,0,0,0,0,0,0,0,0,0,0,0,0,0,0,0,0,0,0,0,0,0,0,0,0,1,0,0,0,0,0,0,0,0,0,0,0,0,0,0,0,0,0,0,0,0,0,0,0,0,0,0,0
440.421748302909,4965.28595689907,0,0,2403.77147886563,-1.56010764663178,"USA.YukonKuskokwimDelta.15B6",181.66,0,0,1,0,0,0,0,0,0,0,0,0,0,0,0,0,0,0,0,0,0,0,0,0,0,0,0,0,0,0,0,1,0,0,0,0,0,0,0,0,0,0,0,0,0,0,0,0,0,0,0,0,0,0
-1509.26312043475,70.4933302585972,0,0,996.750627125208,-45.9555780140526,"nonveg_870",0,0,0,0,1,0,0,0,0,0,1,0,0,0,0,0,0,0,0,0,0,0,0,0,0,0,0,0,0,0,0,0,0,0,0,0,0,0,0,0,0,0,0,0,0,0,0,0,0,0,0,0,0,0,0
-2875.29548406786,462.038946647149,0,0,1040.13337388774,-145.088301841352,"nonveg_721",0,0,0,1,0,0,0,0,0,0,0,0,0,0,0,0,0,1,0,0,0,0,0,0,0,0,0,0,0,0,0,0,0,0,0,0,0,0,0,0,0,0,0,0,0,0,0,0,0,0,0,0,0,0,0
-4516.42880698467,567.933242855332,0,0,501.190420200263,-63.9245628837592,"nonveg_1340",0,0,0,1,0,0,0,0,0,0,0,0,0,0,0,0,0,0,0,0,0,0,0,0,0,0,0,1,0,0,0,0,0,0,0,0,0,0,0,0,0,0,0,0,0,0,0,0,0,0,0,0,0,0,0
-3064.03285375581,1619.34036629183,0,0,672.214527498042,3.50500064809234,"nonveg_825",0,1,0,0,0,0,0,0,0,0,1,0,0,0,0,0,0,0,0,0,0,0,0,0,0,0,0,0,0,0,0,0,0,0,0,0,0,0,0,0,0,0,0,0,0,0,0,0,0,0,0,0,0,0,0
-1094.25375992551,3662.03290620212,0,0,1940.79716769105,4.56323807407587,"Canada.Ivujivik.TP13",922.6,0,0,1,0,0,1,0,0,0,0,0,0,0,0,0,0,0,0,0,0,0,0,0,0,0,0,0,0,0,0,0,0,0,0,0,0,0,0,0,0,0,0,0,0,0,0,0,0,0,0,0,0,0,0
-796.980451973724,5408.28915220572,0,0,1517.53101261082,-21.2813825023551,"USA.InteriorAlaska.24",155.466666666667,0,0,0,1,0,0,0,0,0,0,0,0,0,0,0,1,0,0,0,0,0,0,0,0,0,0,0,0,0,0,0,0,0,0,0,0,0,0,0,0,0,0,0,0,0,0,0,0,0,0,0,0,0,0
68.7271931425091,4814.03952298947,0,0,2421.5156661742,33.5665006143592,"USA.NorthSlope.Sagwon-C18",435.614,0,0,1,0,0,0,0,0,0,0,0,0,0,0,0,0,0,0,0,0,0,0,0,0,0,0,0,0,0,0,0,0,0,0,0,0,0,0,0,1,0,0,0,0,0,0,0,0,0,0,0,0,0,0
-398.923447573081,1590.57433870764,0,0,958.953973894393,54.4154695247732,"nonveg_663",0,1,0,0,0,0,0,0,0,0,0,0,0,0,0,0,0,0,0,0,0,0,0,0,0,0,0,0,0,0,0,0,0,0,0,0,0,0,0,0,0,0,1,0,0,0,0,0,0,0,0,0,0,0,0
-4606.51111983333,2183.65240993486,0,0,332.573198831396,-7.84282749330382,"nonveg_730",0,0,0,1,0,0,0,0,0,0,0,0,0,0,0,0,0,0,0,0,0,0,0,0,0,0,0,1,0,0,0,0,0,0,0,0,0,0,0,0,0,0,0,0,0,0,0,0,0,0,0,0,0,0,0
1016.09162194998,5586.39315212947,0,0,1066.14083445437,9.58159214414772,"Norway.Javrresduottar.EC-Hummock",952.5625,0,1,0,0,0,0,0,0,0,0,0,0,0,0,0,0,0,0,0,0,0,0,0,0,1,0,0,0,0,0,0,0,0,0,0,0,0,0,0,0,0,0,0,0,0,0,0,0,0,0,0,0,0,0
877.64027785038,2054.89658007494,0,0,2143.04986714187,-65.7428547048798,"nonveg_1813",0,0,0,1,0,0,0,0,0,0,0,0,0,0,0,0,0,0,0,0,0,0,0,0,0,0,0,0,0,1,0,0,0,0,0,0,0,0,0,0,0,0,0,0,0,0,0,0,0,0,0,0,0,0,0
6543.30472165089,932.995211445903,0,0,906.254211559918,6.83578609481461,"nonveg_1654",0,0,0,1,0,0,0,0,0,0,0,0,0,0,0,0,0,0,0,0,0,0,0,0,0,0,1,0,0,0,0,0,0,0,0,0,0,0,0,0,0,0,0,0,0,0,0,0,0,0,0,0,0,0,0
3285.22305278938,-1004.56306135968,0,0,726.277108808176,610.497824108767,"nonveg_1994",0,0,0,1,0,0,0,0,0,0,0,0,0,0,0,1,0,0,0,0,0,0,0,0,0,0,0,0,0,0,0,0,0,0,0,0,0,0,0,0,0,0,0,0,0,0,0,0,0,0,0,0,0,0,0
509.109573535273,4894.4789192843,0,0,1932.61919254615,3.06695793045156,"Canada.DeceptionBay.BEGL2",1071.91,0,0,1,0,0,0,0,0,0,0,0,0,0,0,0,0,1,0,0,0,0,0,0,0,0,0,0,0,0,0,0,0,0,0,0,0,0,0,0,0,0,0,0,0,0,0,0,0,0,0,0,0,0,0
1588.69023158536,7456.21317831621,67,1,2161.90234741191,111.206005992102,"USA.InteriorAlaska.17",3495.86666666667,0,1,0,0,0,0,0,0,0,0,0,0,0,0,0,0,0,0,0,0,0,0,0,0,0,0,0,0,0,0,0,0,0,0,0,0,0,1,0,0,0,0,0,0,0,0,0,0,0,0,0,0,0,0
-1780.74327692817,1113.11307530877,0,0,611.859302379278,-11.0044433009671,"nonveg_560",0,1,0,0,0,0,0,0,0,0,1,0,0,0,0,0,0,0,0,0,0,0,0,0,0,0,0,0,0,0,0,0,0,0,0,0,0,0,0,0,0,0,0,0,0,0,0,0,0,0,0,0,0,0,0
-1967.75425443803,3829.83547118132,0,0,2093.05495447688,38.8614173028838,"USA.NorthSlope.FranklinBluffs-C16",376.619,0,0,1,0,0,0,0,0,0,0,0,0,0,0,0,0,0,0,0,0,0,0,0,0,0,0,0,0,0,0,0,0,0,0,0,0,0,0,0,0,0,0,1,0,0,0,0,0,0,0,0,0,0,0
-2324.40362538148,4417.58184494676,14,1,2494.96054476979,41.5781215434518,"USA.InteriorAlaska.23",974.12,0,1,0,0,0,0,0,0,0,0,0,0,0,0,0,0,0,0,0,0,0,0,0,0,0,0,0,0,0,0,0,0,0,0,0,0,0,0,1,0,0,0,0,0,0,0,0,0,0,0,0,0,0,0
2890.4574629657,7482.29931784289,58.8,1,1818.58971565103,93.9470492504812,"Finland.Kevo.14",3279.11,0,1,0,0,0,0,0,0,0,0,0,0,0,0,0,0,0,0,0,0,0,0,1,0,0,0,0,0,0,0,0,0,0,0,0,0,0,0,0,0,0,0,0,0,0,0,0,0,0,0,0,0,0,0
2522.20675162033,6289.49708948515,4,0,1911.75012154724,72.2433887401567,"Norway.Javrresduottar.A-Betula",1110.9925,0,1,0,0,0,0,0,0,0,0,0,0,0,0,0,0,0,0,0,0,0,0,0,0,1,0,0,0,0,0,0,0,0,0,0,0,0,0,0,0,0,0,0,0,0,0,0,0,0,0,0,0,0,0
-1358.40655852525,386.544553947023,0,0,1356.548016169,-57.8471703674708,"nonveg_628",0,1,0,0,0,0,0,0,0,0,0,0,0,0,0,0,0,0,0,0,0,0,0,0,0,0,0,0,0,0,0,0,0,1,0,0,0,0,0,0,0,0,0,0,0,0,0,0,0,0,0,0,0,0,0
-402.671837202177,5439.15959696451,0,0,873.733442762386,-17.1656260916956,"Canada.CoutureLake.TD7",201.1,0,0,1,0,0,0,0,0,0,0,0,0,0,0,1,0,0,0,0,0,0,0,0,0,0,0,0,0,0,0,0,0,0,0,0,0,0,0,0,0,0,0,0,0,0,0,0,0,0,0,0,0,0,0
-1855.70318552607,106.596551974655,0,0,935.470855620815,-40.3513346523274,"nonveg_995",0,1,0,0,0,0,0,0,0,0,0,0,0,0,0,0,0,0,0,0,0,0,0,0,0,0,0,1,0,0,0,0,0,0,0,0,0,0,0,0,0,0,0,0,0,0,0,0,0,0,0,0,0,0,0
1983.88738150397,7135.26346162713,41.8,1,2682.71815416147,102.323730739631,"Finland.Kilpisjarvi.15",2027.526,0,1,0,0,0,0,1,0,0,0,0,0,0,0,0,0,0,0,0,0,0,0,0,0,0,0,0,0,0,0,0,0,0,0,0,0,0,0,0,0,0,0,0,0,0,0,0,0,0,0,0,0,0,0
-2671.22132053828,1177.10489735633,0,0,263.290312959532,-48.285779813689,"nonveg_861",0,0,0,1,0,0,0,0,0,0,0,0,0,0,0,0,0,0,0,0,0,0,0,0,0,0,0,0,0,0,0,0,0,1,0,0,0,0,0,0,0,0,0,0,0,0,0,0,0,0,0,0,0,0,0
-2933.90581662873,980.944272672429,0,0,1061.52779112795,-52.5571678045903,"nonveg_779",0,0,0,1,0,0,0,0,0,1,0,0,0,0,0,0,0,0,0,0,0,0,0,0,0,0,0,0,0,0,0,0,0,0,0,0,0,0,0,0,0,0,0,0,0,0,0,0,0,0,0,0,0,0,0
-2606.04975040148,1543.84672073579,0,0,619.939461948262,-22.5929750190948,"nonveg_725",0,0,0,0,1,0,0,0,0,0,1,0,0,0,0,0,0,0,0,0,0,0,0,0,0,0,0,0,0,0,0,0,0,0,0,0,0,0,0,0,0,0,0,0,0,0,0,0,0,0,0,0,0,0,0
3395.78399038895,7808.32830703657,61.6,1,2324.60953050386,63.8357398377097,"Finland.Kevo.9",1903.36,0,0,0,1,0,0,0,0,0,0,0,0,0,0,0,0,0,0,0,0,1,0,0,0,0,0,0,0,0,0,0,0,0,0,0,0,0,0,0,0,0,0,0,0,0,0,0,0,0,0,0,0,0,0
-939.191839868942,4487.00768896266,1.44444444444444,0,1373.68878236279,4.09944094080269,"Canada.LeRoyLake.TD7",543.19,0,0,0,1,0,0,0,0,0,0,0,0,0,0,1,0,0,0,0,0,0,0,0,0,0,0,0,0,0,0,0,0,0,0,0,0,0,0,0,0,0,0,0,0,0,0,0,0,0,0,0,0,0,0
3773.86874648099,-2523.65449176653,0,0,1889.91529150781,39.7350561331701,"nonveg_1810",0,0,0,1,0,0,0,0,0,0,0,0,1,0,0,0,0,0,0,0,0,0,0,0,0,0,0,0,0,0,0,0,0,0,0,0,0,0,0,0,0,0,0,0,0,0,0,0,0,0,0,0,0,0,0
668.014939331605,116.510614260692,0,0,823.537468006734,-47.9082076176037,"nonveg_1547",0,0,0,1,0,0,0,0,0,0,0,0,0,0,0,1,0,0,0,0,0,0,0,0,0,0,0,0,0,0,0,0,0,0,0,0,0,0,0,0,0,0,0,0,0,0,0,0,0,0,0,0,0,0,0
3285.22305278938,-1004.56306135968,0,0,726.277108808176,610.497824108767,"nonveg_1994",0,0,0,1,0,0,0,0,0,0,0,0,0,0,0,1,0,0,0,0,0,0,0,0,0,0,0,0,0,0,0,0,0,0,0,0,0,0,0,0,0,0,0,0,0,0,0,0,0,0,0,0,0,0,0
-524.508205043798,386.515556300878,0,0,253.948154036576,-26.1930094348764,"nonveg_806",0,1,0,0,0,0,0,0,0,0,1,0,0,0,0,0,0,0,0,0,0,0,0,0,0,0,0,0,0,0,0,0,0,0,0,0,0,0,0,0,0,0,0,0,0,0,0,0,0,0,0,0,0,0,0
2354.81007736744,4892.20387121748,0,0,1022.54921446043,18.152902213686,"Finland.Javrresduottar.A-Betula",1071.515,0,1,0,0,0,0,0,0,0,0,0,0,0,0,0,0,0,0,0,0,0,0,0,1,0,0,0,0,0,0,0,0,0,0,0,0,0,0,0,0,0,0,0,0,0,0,0,0,0,0,0,0,0,0
2037.20328368989,6318.71410254518,5.33333333333333,0,1928.04085359897,72.7806081898424,"Norway.Javrresduottar.A-Salix",1035.82666666667,0,1,0,0,0,0,0,1,0,0,0,0,0,0,0,0,0,0,0,0,0,0,0,0,0,0,0,0,0,0,0,0,0,0,0,0,0,0,0,0,0,0,0,0,0,0,0,0,0,0,0,0,0,0
877.64027785038,2054.89658007494,0,0,2143.04986714187,-65.7428547048798,"nonveg_1813",0,0,0,1,0,0,0,0,0,0,0,0,0,0,0,0,0,0,0,0,0,0,0,0,0,0,0,0,0,1,0,0,0,0,0,0,0,0,0,0,0,0,0,0,0,0,0,0,0,0,0,0,0,0,0
567.66433708708,2051.23463047186,0,0,1316.44692590075,-5.41845251779257,"nonveg_919",0,0,0,0,1,0,0,0,0,0,1,0,0,0,0,0,0,0,0,0,0,0,0,0,0,0,0,0,0,0,0,0,0,0,0,0,0,0,0,0,0,0,0,0,0,0,0,0,0,0,0,0,0,0,0
1104.26892039592,6035.06716702982,4.16666666666667,0,1009.41929041661,24.6790625747835,"Sweden.Abisko.NF-DryHeath",196.14,0,0,0,1,0,0,0,0,0,0,0,0,0,0,0,0,0,0,0,0,1,0,0,0,0,0,0,0,0,0,0,0,0,0,0,0,0,0,0,0,0,0,0,0,0,0,0,0,0,0,0,0,0,0
3702.42466604398,-269.61781362095,0,0,859.263114762954,33.0355186141949,"nonveg_1626",0,0,0,1,0,0,0,0,0,0,0,0,0,0,0,0,0,0,0,0,0,0,0,0,0,0,0,0,0,0,0,0,0,0,0,0,0,0,0,0,0,0,0,0,0,0,0,0,0,1,0,0,0,0,0
-191.975860114901,4499.12218602838,0,0,2192.15928603096,25.8682583890659,"USA.YukonKuskokwimDelta.6",450.73,0,0,1,0,0,0,0,0,0,0,0,0,0,0,0,0,0,0,0,0,0,0,0,0,0,0,0,0,0,0,0,1,0,0,0,0,0,0,0,0,0,0,0,0,0,0,0,0,0,0,0,0,0,0
3773.86874648099,-2523.65449176653,0,0,1889.91529150781,39.7350561331701,"nonveg_1810",0,0,0,1,0,0,0,0,0,0,0,0,1,0,0,0,0,0,0,0,0,0,0,0,0,0,0,0,0,0,0,0,0,0,0,0,0,0,0,0,0,0,0,0,0,0,0,0,0,0,0,0,0,0,0
-606.264095619292,3781.32379359378,0,0,2305.46321471973,26.8625519512614,"Canada.DeceptionBay.TH6",537.81,0,0,1,0,0,0,0,0,0,0,0,0,0,0,0,0,1,0,0,0,0,0,0,0,0,0,0,0,0,0,0,0,0,0,0,0,0,0,0,0,0,0,0,0,0,0,0,0,0,0,0,0,0,0
170.302855017264,4469.54390622177,0,0,1931.32147929961,-66.4279763654298,"Russia.Yamal.Kharasavey-2b",463.103333333333,1,0,0,0,0,0,0,0,0,0,0,0,0,0,0,0,0,0,0,0,0,0,0,0,0,0,1,0,0,0,0,0,0,0,0,0,0,0,0,0,0,0,0,0,0,0,0,0,0,0,0,0,0,0
561.321780740789,4774.0619372302,0,0,1610.4603638182,-1.47918970640282,"USA.YukonKuskokwimDelta.15B1",131.003703703704,0,0,1,0,0,0,0,0,0,0,0,0,0,0,1,0,0,0,0,0,0,0,0,0,0,0,0,0,0,0,0,0,0,0,0,0,0,0,0,0,0,0,0,0,0,0,0,0,0,0,0,0,0,0
-1791.49995851456,1141.42573265744,0,0,1057.57414320823,36.4527302261861,"nonveg_674",0,1,0,0,0,0,1,0,0,0,0,0,0,0,0,0,0,0,0,0,0,0,0,0,0,0,0,0,0,0,0,0,0,0,0,0,0,0,0,0,0,0,0,0,0,0,0,0,0,0,0,0,0,0,0
-2563.96726551157,418.490985821915,0,0,476.903393160773,-70.1150276463711,"nonveg_869",0,1,0,0,0,0,0,0,0,0,1,0,0,0,0,0,0,0,0,0,0,0,0,0,0,0,0,0,0,0,0,0,0,0,0,0,0,0,0,0,0,0,0,0,0,0,0,0,0,0,0,0,0,0,0
633.614374679543,380.295289242346,0,0,10568.3390827843,-67.3252629579026,"nonveg_1241",0,0,0,0,1,0,0,0,0,0,1,0,0,0,0,0,0,0,0,0,0,0,0,0,0,0,0,0,0,0,0,0,0,0,0,0,0,0,0,0,0,0,0,0,0,0,0,0,0,0,0,0,0,0,0
-1346.2991550365,1618.21403444148,0,0,875.433156427024,-169.84318610369,"nonveg_1672",0,0,0,1,0,0,0,0,0,0,0,0,0,0,0,1,0,0,0,0,0,0,0,0,0,0,0,0,0,0,0,0,0,0,0,0,0,0,0,0,0,0,0,0,0,0,0,0,0,0,0,0,0,0,0
-1346.2991550365,1618.21403444148,0,0,875.433156427024,-169.84318610369,"nonveg_1672",0,0,0,1,0,0,0,0,0,0,0,0,0,0,0,1,0,0,0,0,0,0,0,0,0,0,0,0,0,0,0,0,0,0,0,0,0,0,0,0,0,0,0,0,0,0,0,0,0,0,0,0,0,0,0
-3343.85000239868,536.731826806496,0,0,503.252723445507,-39.5913408477059,"nonveg_816",0,0,0,0,1,0,0,0,0,0,1,0,0,0,0,0,0,0,0,0,0,0,0,0,0,0,0,0,0,0,0,0,0,0,0,0,0,0,0,0,0,0,0,0,0,0,0,0,0,0,0,0,0,0,0
1751.20214039687,5901.38814588043,2.28571428571429,0,2479.57647291275,43.7752249453323,"Sweden.Abisko.KJ-SalixShrub",1153.73857142857,0,0,0,1,0,0,0,0,0,0,0,0,0,0,0,0,0,0,0,0,1,0,0,0,0,0,0,0,0,0,0,0,0,0,0,0,0,0,0,0,0,0,0,0,0,0,0,0,0,0,0,0,0,0
1042.57926910937,5594.80195198656,1.2,0,1247.78045030126,4.61603731552983,"Sweden.Abisko.NF-BirchShrub",631.246,0,0,0,1,0,0,0,0,0,0,0,0,0,0,0,0,0,0,0,0,0,1,0,0,0,0,0,0,0,0,0,0,0,0,0,0,0,0,0,0,0,0,0,0,0,0,0,0,0,0,0,0,0,0
676.258974692458,5312.8238186377,0,0,1919.45252567517,0.236461738994489,"USA.YukonKuskokwimDelta.72B1",513.301481481481,0,0,1,0,0,0,0,0,0,0,0,0,0,0,1,0,0,0,0,0,0,0,0,0,0,0,0,0,0,0,0,0,0,0,0,0,0,0,0,0,0,0,0,0,0,0,0,0,0,0,0,0,0,0
-2192.88479736196,1690.29078642053,0,0,539.493283789926,-10.8896071256006,"nonveg_998",0,0,0,1,0,0,0,0,0,0,0,0,0,0,0,0,0,0,0,0,0,0,0,0,0,0,0,0,0,0,0,0,0,0,0,0,0,0,0,0,0,0,1,0,0,0,0,0,0,0,0,0,0,0,0
-1572.70337663145,-458.605155534292,0,0,1234.58891135812,-52.7476816491974,"nonveg_1234",0,1,0,0,0,0,0,0,0,0,0,0,0,0,0,0,0,0,0,0,0,0,0,0,0,0,0,0,0,0,0,0,0,0,0,0,0,0,0,0,0,0,0,0,0,0,0,1,0,0,0,0,0,0,0
426.72034058556,-279.849814859997,0,0,1315.96412902779,-25.8045938992013,"nonveg_1927",0,1,0,0,0,0,0,0,0,0,1,0,0,0,0,0,0,0,0,0,0,0,0,0,0,0,0,0,0,0,0,0,0,0,0,0,0,0,0,0,0,0,0,0,0,0,0,0,0,0,0,0,0,0,0
-2566.70963088213,564.003482534118,0,0,752.712171827131,-12.5337642537923,"nonveg_931",0,0,0,0,1,0,0,0,0,0,1,0,0,0,0,0,0,0,0,0,0,0,0,0,0,0,0,0,0,0,0,0,0,0,0,0,0,0,0,0,0,0,0,0,0,0,0,0,0,0,0,0,0,0,0
-948.929448794752,1168.13093199516,0,0,981.323134294617,-59.840153387993,"nonveg_561",0,1,0,0,0,0,1,0,0,0,0,0,0,0,0,0,0,0,0,0,0,0,0,0,0,0,0,0,0,0,0,0,0,0,0,0,0,0,0,0,0,0,0,0,0,0,0,0,0,0,0,0,0,0,0
-2690.40201540052,2720.50763679283,0,0,707.684627741292,10.5925129473804,"nonveg_996",0,0,0,1,0,0,0,0,0,0,0,0,0,0,0,1,0,0,0,0,0,0,0,0,0,0,0,0,0,0,0,0,0,0,0,0,0,0,0,0,0,0,0,0,0,0,0,0,0,0,0,0,0,0,0
-604.447365076386,4651.81757672009,0,0,1405.65832755224,20.2651333304835,"Canada.CoutureLake.TDO4",314.28,0,0,1,0,0,0,0,0,0,0,0,0,0,0,1,0,0,0,0,0,0,0,0,0,0,0,0,0,0,0,0,0,0,0,0,0,0,0,0,0,0,0,0,0,0,0,0,0,0,0,0,0,0,0
-640.047917164492,1066.80155012611,0,0,723.665479630924,-57.2729615035845,"nonveg_832",0,1,0,0,0,0,0,0,0,0,1,0,0,0,0,0,0,0,0,0,0,0,0,0,0,0,0,0,0,0,0,0,0,0,0,0,0,0,0,0,0,0,0,0,0,0,0,0,0,0,0,0,0,0,0
524.593997363016,4444.42622979326,0,0,1634.71021668666,-24.88098848927,"USA.YukonKuskokwimDelta.U",250.106666666667,0,0,1,0,0,0,0,0,0,0,0,0,0,0,1,0,0,0,0,0,0,0,0,0,0,0,0,0,0,0,0,0,0,0,0,0,0,0,0,0,0,0,0,0,0,0,0,0,0,0,0,0,0,0
-1361.14454979451,6204.18161747868,0,0,2394.91897392494,138.382207100296,"USA.BrooksRange.8",555.1,0,0,1,0,0,0,0,0,0,0,0,0,0,0,0,0,1,0,0,0,0,0,0,0,0,0,0,0,0,0,0,0,0,0,0,0,0,0,0,0,0,0,0,0,0,0,0,0,0,0,0,0,0,0
-2171.94048452784,-136.29840739012,0,0,1004.08120961986,-135.15851065292,"nonveg_1473",0,0,0,0,1,0,0,0,0,0,1,0,0,0,0,0,0,0,0,0,0,0,0,0,0,0,0,0,0,0,0,0,0,0,0,0,0,0,0,0,0,0,0,0,0,0,0,0,0,0,0,0,0,0,0
192.142349485659,4624.64869182132,0,0,2515.09497395391,29.7680715339232,"USA.SewardPeninsula.18",273.266666666667,0,0,1,0,0,0,0,0,0,0,0,0,0,0,0,1,0,0,0,0,0,0,0,0,0,0,0,0,0,0,0,0,0,0,0,0,0,0,0,0,0,0,0,0,0,0,0,0,0,0,0,0,0,0
2890.4574629657,7482.29931784289,58.8,1,1818.58971565103,93.9470492504812,"Finland.Kevo.14",3279.11,0,1,0,0,0,0,0,0,0,0,0,0,0,0,0,0,0,0,0,0,0,0,1,0,0,0,0,0,0,0,0,0,0,0,0,0,0,0,0,0,0,0,0,0,0,0,0,0,0,0,0,0,0,0
2314.82704984411,-391.119326379528,0,0,531.995897517695,48.5221870150349,"nonveg_1509",0,0,0,0,1,0,0,0,0,0,0,0,0,0,0,0,0,0,0,0,0,0,0,0,0,0,0,0,0,0,0,0,0,0,0,0,0,0,0,0,0,0,0,0,0,0,1,0,0,0,0,0,0,0,0
1063.99698005757,5173.7351813434,0,0,1333.08572870132,60.0393188710069,"Norway.Javrresduottar.EC-Sphagnum",1393.28,0,1,0,0,0,0,0,0,0,0,0,0,0,0,0,0,0,0,0,0,0,0,0,0,1,0,0,0,0,0,0,0,0,0,0,0,0,0,0,0,0,0,0,0,0,0,0,0,0,0,0,0,0,0
3395.78399038895,7808.32830703657,61.6,1,2324.60953050386,63.8357398377097,"Finland.Kevo.9",1903.36,0,0,0,1,0,0,0,0,0,0,0,0,0,0,0,0,0,0,0,0,1,0,0,0,0,0,0,0,0,0,0,0,0,0,0,0,0,0,0,0,0,0,0,0,0,0,0,0,0,0,0,0,0,0
664.292530329277,5335.82006347009,0,0,1554.81662271969,52.9170220018072,"USA.BrooksRange.6",184.566666666667,0,0,0,1,0,0,0,0,0,0,0,0,0,0,0,0,1,0,0,0,0,0,0,0,0,0,0,0,0,0,0,0,0,0,0,0,0,0,0,0,0,0,0,0,0,0,0,0,0,0,0,0,0,0
3444.41733344746,-384.904995515961,0,0,1198.32974766819,-97.4251820075675,"nonveg_1145",0,0,0,0,1,0,0,0,0,0,1,0,0,0,0,0,0,0,0,0,0,0,0,0,0,0,0,0,0,0,0,0,0,0,0,0,0,0,0,0,0,0,0,0,0,0,0,0,0,0,0,0,0,0,0
-1446.90146299024,1065.34691845874,0,0,523.390493190902,-29.6385950024392,"nonveg_775",0,1,0,0,0,0,0,0,0,0,0,0,0,0,0,0,0,0,1,0,0,0,0,0,0,0,0,0,0,0,0,0,0,0,0,0,0,0,0,0,0,0,0,0,0,0,0,0,0,0,0,0,0,0,0
-363.625522880541,5430.56588398062,0,0,2546.19634271118,106.499373551424,"Russia.Kolyma.WT1",246.16,0,0,1,0,0,0,0,0,0,0,0,0,0,0,0,0,0,0,0,0,0,0,0,0,0,0,0,0,0,1,0,0,0,0,0,0,0,0,0,0,0,0,0,0,0,0,0,0,0,0,0,0,0,0
-2738.24147425145,175.501482228482,0,0,1215.49311025035,-63.4666866699377,"nonveg_874",0,0,0,1,0,0,0,0,0,0,1,0,0,0,0,0,0,0,0,0,0,0,0,0,0,0,0,0,0,0,0,0,0,0,0,0,0,0,0,0,0,0,0,0,0,0,0,0,0,0,0,0,0,0,0
-768.495623324664,2423.76413575894,0,0,377.373135844271,-50.3449933833182,"nonveg_851",0,0,0,0,1,0,0,0,0,0,0,0,0,0,0,0,0,1,0,0,0,0,0,0,0,0,0,0,0,0,0,0,0,0,0,0,0,0,0,0,0,0,0,0,0,0,0,0,0,0,0,0,0,0,0
994.032386616246,4189.99848587265,0,0,1592.65187160598,-0.266893040329478,"Russia.Tazovsky.Unburned28",223.143333333333,0,0,0,1,0,0,0,0,0,0,0,0,0,0,1,0,0,0,0,0,0,0,0,0,0,0,0,0,0,0,0,0,0,0,0,0,0,0,0,0,0,0,0,0,0,0,0,0,0,0,0,0,0,0
-4106.48357204057,985.76166783562,0,0,746.625093174443,8.42505117059931,"nonveg_681",0,0,0,0,1,0,0,0,0,0,1,0,0,0,0,0,0,0,0,0,0,0,0,0,0,0,0,0,0,0,0,0,0,0,0,0,0,0,0,0,0,0,0,0,0,0,0,0,0,0,0,0,0,0,0
-1948.65577621026,720.625122067825,0,0,723.776069779692,-38.7082315455339,"nonveg_935",0,0,0,0,1,0,0,0,0,0,1,0,0,0,0,0,0,0,0,0,0,0,0,0,0,0,0,0,0,0,0,0,0,0,0,0,0,0,0,0,0,0,0,0,0,0,0,0,0,0,0,0,0,0,0
-2138.55783003918,1123.02921716171,0,0,1172.88413793351,-104.991453708098,"nonveg_1442",0,0,0,0,1,0,0,0,0,0,1,0,0,0,0,0,0,0,0,0,0,0,0,0,0,0,0,0,0,0,0,0,0,0,0,0,0,0,0,0,0,0,0,0,0,0,0,0,0,0,0,0,0,0,0
-646.339022896998,2938.12891042963,0,0,946.038281378545,13.685823281875,"nonveg_898",0,1,0,0,0,0,0,0,0,0,0,0,0,0,0,0,0,0,0,0,0,0,0,0,0,0,0,1,0,0,0,0,0,0,0,0,0,0,0,0,0,0,0,0,0,0,0,0,0,0,0,0,0,0,0
-627.35248894257,3941.91157891798,2.33333333333333,0,1819.55986328154,10.0616873392989,"Canada.BonifaceRiver.LSA2",488.66,0,1,0,0,0,0,0,1,0,0,0,0,0,0,0,0,0,0,0,0,0,0,0,0,0,0,0,0,0,0,0,0,0,0,0,0,0,0,0,0,0,0,0,0,0,0,0,0,0,0,0,0,0,0
-2428.64180058728,1173.021954173,0,0,316.82294635403,3.15858859308304,"nonveg_767",0,0,0,1,0,0,0,0,0,0,0,0,0,0,0,0,0,0,0,0,0,0,0,0,0,0,0,0,0,0,0,0,0,0,0,0,0,0,0,0,0,0,1,0,0,0,0,0,0,0,0,0,0,0,0
3285.22305278938,-1004.56306135968,0,0,726.277108808176,610.497824108767,"nonveg_1994",0,0,0,1,0,0,0,0,0,0,0,0,0,0,0,1,0,0,0,0,0,0,0,0,0,0,0,0,0,0,0,0,0,0,0,0,0,0,0,0,0,0,0,0,0,0,0,0,0,0,0,0,0,0,0
864.720337757291,5059.71546946847,0,0,1626.76577420632,8.25535575712647,"Norway.Javrresduottar.EC-Betula",832.964,0,1,0,0,0,0,0,0,0,0,0,0,0,0,0,0,0,0,0,0,0,0,0,0,1,0,0,0,0,0,0,0,0,0,0,0,0,0,0,0,0,0,0,0,0,0,0,0,0,0,0,0,0,0
764.912292672505,5226.78625747862,0,0,1950.34397235203,34.8543398623226,"USA.SewardPeninsula.QuartzCreek3",1324.16851851852,0,0,1,0,0,0,0,0,0,0,0,0,0,0,0,0,0,0,0,0,0,0,0,0,0,0,0,0,0,0,0,0,0,0,0,0,0,0,0,0,0,0,0,0,0,1,0,0,0,0,0,0,0,0
-708.494113469823,4714.59778773117,0,0,1687.53152983261,23.18250263619,"USA.NorthSlope.Oumalik1",39.7683333333333,0,0,1,0,0,0,0,0,0,0,0,0,0,0,0,0,0,0,0,0,0,0,0,0,0,0,0,0,0,0,0,0,0,0,0,0,0,0,0,0,0,0,1,0,0,0,0,0,0,0,0,0,0,0
517.989716761641,6224.13860591539,65.5,1,4016.41551595323,99.5467812067835,"Finland.Kilpisjarvi.17",2035.5375,0,1,0,0,0,0,0,0,0,0,0,0,0,0,0,0,0,0,0,0,0,0,1,0,0,0,0,0,0,0,0,0,0,0,0,0,0,0,0,0,0,0,0,0,0,0,0,0,0,0,0,0,0,0
-1070.48098954195,1342.93271080905,0,0,400.226866968253,-44.2879035755814,"nonveg_922",0,1,0,0,0,0,0,0,0,0,0,0,0,0,0,0,0,0,0,0,0,0,0,0,0,0,0,0,0,0,0,0,0,0,0,0,0,0,0,0,0,0,1,0,0,0,0,0,0,0,0,0,0,0,0
-1070.48098954195,1342.93271080905,0,0,400.226866968253,-44.2879035755814,"nonveg_922",0,1,0,0,0,0,0,0,0,0,0,0,0,0,0,0,0,0,0,0,0,0,0,0,0,0,0,0,0,0,0,0,0,0,0,0,0,0,0,0,0,0,1,0,0,0,0,0,0,0,0,0,0,0,0
-2820.29787588495,422.048588619916,0,0,1237.49233414274,-128.306294411265,"nonveg_606",0,0,0,0,1,0,0,0,0,0,1,0,0,0,0,0,0,0,0,0,0,0,0,0,0,0,0,0,0,0,0,0,0,0,0,0,0,0,0,0,0,0,0,0,0,0,0,0,0,0,0,0,0,0,0
-2509.69893411721,247.830438034081,0,0,1430.29008968762,-24.9556215750829,"nonveg_647",0,0,0,0,1,0,0,0,0,0,0,0,0,0,0,0,0,0,0,0,0,0,0,0,0,0,0,0,0,0,0,0,0,0,0,0,0,0,0,0,0,0,0,0,1,0,0,0,0,0,0,0,0,0,0
1742.35064032585,7140.09406605653,20.4,1,1810.54083535998,71.6968441887898,"Finland.Kevo.2",2109.936,0,1,0,0,0,0,0,0,0,0,0,0,0,0,0,0,0,0,0,0,1,0,0,0,0,0,0,0,0,0,0,0,0,0,0,0,0,0,0,0,0,0,0,0,0,0,0,0,0,0,0,0,0,0
-1885.67590774652,6451.6543632358,5.33333333333333,0,2347.10363798632,233.416541515677,"Sweden.Abisko.VJ-Wetland",361.66,0,0,0,1,0,0,0,0,0,0,0,0,0,0,0,0,0,0,0,0,1,0,0,0,0,0,0,0,0,0,0,0,0,0,0,0,0,0,0,0,0,0,0,0,0,0,0,0,0,0,0,0,0,0
-429.304196808771,4256.82360760078,0,0,1681.41000108944,-2.8219283183178,"Canada.PayneLake.TD2",513.36,0,0,1,0,0,0,0,0,0,0,0,0,0,0,1,0,0,0,0,0,0,0,0,0,0,0,0,0,0,0,0,0,0,0,0,0,0,0,0,0,0,0,0,0,0,0,0,0,0,0,0,0,0,0
186.823544990849,4330.1293443465,0,0,561.703856157864,12.2999859643292,"Russia.Tiksi.ShrubTundra",343.986111111111,0,0,1,0,0,0,0,0,0,0,0,0,0,0,0,0,0,0,0,0,0,0,0,0,0,0,0,0,0,0,0,0,1,0,0,0,0,0,0,0,0,0,0,0,0,0,0,0,0,0,0,0,0,0
-776.679145382914,3313.89340444323,0,0,1434.88730650733,-32.4397534953074,"Canada.BanksIsland.GreenCabin-C09",16.3714285714286,1,0,0,0,0,1,0,0,0,0,0,0,0,0,0,0,0,0,0,0,0,0,0,0,0,0,0,0,0,0,0,0,0,0,0,0,0,0,0,0,0,0,0,0,0,0,0,0,0,0,0,0,0,0
-1545.52986344662,4133.52130549906,0,0,1826.20898813481,58.1912686332268,"USA.NorthSlope.Sagwon-C15",123.563,0,0,1,0,0,0,0,0,0,0,0,0,0,0,0,0,0,0,0,0,0,0,0,0,0,0,0,0,0,0,0,0,0,0,0,0,0,0,0,0,1,0,0,0,0,0,0,0,0,0,0,0,0,0
-1260.5326825521,4676.84891423522,0,0,1599.83368217279,18.5503314594058,"Canada.KluaneLake.Ruby-MixedTundra",158.846,0,0,0,1,0,0,0,0,0,1,0,0,0,0,0,0,0,0,0,0,0,0,0,0,0,0,0,0,0,0,0,0,0,0,0,0,0,0,0,0,0,0,0,0,0,0,0,0,0,0,0,0,0,0
-3713.82846882537,301.649462658483,0,0,803.622966267611,-69.4798775330226,"nonveg_659",0,0,0,1,0,0,0,0,0,0,0,0,0,0,0,0,0,1,0,0,0,0,0,0,0,0,0,0,0,0,0,0,0,0,0,0,0,0,0,0,0,0,0,0,0,0,0,0,0,0,0,0,0,0,0
6543.30472165089,932.995211445903,0,0,906.254211559918,6.83578609481461,"nonveg_1654",0,0,0,1,0,0,0,0,0,0,0,0,0,0,0,0,0,0,0,0,0,0,0,0,0,0,1,0,0,0,0,0,0,0,0,0,0,0,0,0,0,0,0,0,0,0,0,0,0,0,0,0,0,0,0
-461.317812928441,4757.03071645546,0,0,914.689639808771,-18.5439816888647,"Canada.BonifaceRiver.LSA6",595.06,0,1,0,0,0,0,0,0,1,0,0,0,0,0,0,0,0,0,0,0,0,0,0,0,0,0,0,0,0,0,0,0,0,0,0,0,0,0,0,0,0,0,0,0,0,0,0,0,0,0,0,0,0,0
-1967.75425443803,3829.83547118132,0,0,2093.05495447688,38.8614173028838,"USA.NorthSlope.FranklinBluffs-C16",376.619,0,0,1,0,0,0,0,0,0,0,0,0,0,0,0,0,0,0,0,0,0,0,0,0,0,0,0,0,0,0,0,0,0,0,0,0,0,0,0,0,0,0,1,0,0,0,0,0,0,0,0,0,0,0
-2352.2610771072,359.440816094457,0,0,1200.43315134533,7.9823527269632,"nonveg_682",0,0,0,0,1,0,0,0,0,0,1,0,0,0,0,0,0,0,0,0,0,0,0,0,0,0,0,0,0,0,0,0,0,0,0,0,0,0,0,0,0,0,0,0,0,0,0,0,0,0,0,0,0,0,0
-655.343168455811,177.677439130965,0,0,1420.31963865748,-4.42569661439379,"nonveg_907",0,1,0,0,0,0,0,0,0,0,0,0,0,0,0,0,0,0,0,0,0,0,0,0,0,0,0,1,0,0,0,0,0,0,0,0,0,0,0,0,0,0,0,0,0,0,0,0,0,0,0,0,0,0,0
-1229.45253848227,4635.1787663399,0,0,1046.60059445146,17.0204363489875,"USA.NorthSlope.11",170.566666666667,0,0,1,0,0,0,0,0,0,0,0,0,0,0,0,0,0,0,0,0,0,0,0,0,0,0,0,0,0,0,0,0,0,0,0,0,0,0,0,0,1,0,0,0,0,0,0,0,0,0,0,0,0,0
-963.934486782841,3251.95886027086,0,0,689.309585498377,27.7695563589528,"Canada.BanksIsland.GreenCabin-C00",75.05,1,0,0,0,0,1,0,0,0,0,0,0,0,0,0,0,0,0,0,0,0,0,0,0,0,0,0,0,0,0,0,0,0,0,0,0,0,0,0,0,0,0,0,0,0,0,0,0,0,0,0,0,0,0
-2157.34283527037,976.589613519821,0,0,763.474138596484,5.51107112268547,"nonveg_936",0,1,0,0,0,0,0,0,0,0,0,0,0,0,0,0,0,0,0,0,0,0,0,0,0,0,0,0,0,0,0,0,0,0,0,0,0,0,0,0,0,0,0,0,0,0,0,0,0,0,0,0,0,1,0
-1122.09808749094,3762.31796830228,0,0,1593.04163100426,30.6916108231104,"USA.NorthSlope.Atqasuk",17.4724444444444,0,0,1,0,0,0,0,0,0,0,0,0,0,0,0,0,0,0,0,0,0,0,0,0,0,0,0,0,0,0,0,0,0,0,0,0,0,0,0,0,0,0,1,0,0,0,0,0,0,0,0,0,0,0
3997.97892602592,-1043.81844454709,0,0,997.042402904664,396.471979471919,"nonveg_1720",0,0,0,1,0,0,0,0,0,0,0,0,0,0,0,0,0,0,0,0,0,0,0,0,0,0,1,0,0,0,0,0,0,0,0,0,0,0,0,0,0,0,0,0,0,0,0,0,0,0,0,0,0,0,0
-1545.97795047546,1154.43862535695,0,0,243.515331837356,-52.8620686879755,"nonveg_899",0,1,0,0,0,0,0,0,0,0,0,0,0,0,0,0,0,0,0,0,0,0,0,0,0,0,0,0,0,0,0,0,0,1,0,0,0,0,0,0,0,0,0,0,0,0,0,0,0,0,0,0,0,0,0
-2573.94508058422,1023.47073879063,0,0,308.193601895924,14.5161417857027,"nonveg_568",0,1,0,0,0,0,0,0,0,0,0,0,0,0,0,0,0,0,0,0,0,0,0,0,0,0,0,0,0,0,0,0,0,1,0,0,0,0,0,0,0,0,0,0,0,0,0,0,0,0,0,0,0,0,0
-556.270651681668,4185.6355474796,0,0,1605.53342726432,19.2329668532744,"USA.YukonKuskokwimDelta.5",151.176666666667,0,0,1,0,0,0,0,0,0,0,0,0,0,0,1,0,0,0,0,0,0,0,0,0,0,0,0,0,0,0,0,0,0,0,0,0,0,0,0,0,0,0,0,0,0,0,0,0,0,0,0,0,0,0
1104.26892039592,6035.06716702982,4.16666666666667,0,1009.41929041661,24.6790625747835,"Sweden.Abisko.NF-DryHeath",196.14,0,0,0,1,0,0,0,0,0,0,0,0,0,0,0,0,0,0,0,0,1,0,0,0,0,0,0,0,0,0,0,0,0,0,0,0,0,0,0,0,0,0,0,0,0,0,0,0,0,0,0,0,0,0
-2576.76683772166,1100.74243053612,0,0,290.616061603838,-10.0577622252582,"nonveg_543",0,1,0,0,0,0,0,0,0,0,0,0,0,0,0,0,0,0,0,0,0,0,0,0,0,0,0,1,0,0,0,0,0,0,0,0,0,0,0,0,0,0,0,0,0,0,0,0,0,0,0,0,0,0,0
-604.447365076386,4651.81757672009,0,0,1405.65832755224,20.2651333304835,"Canada.CoutureLake.TDO4",314.28,0,0,1,0,0,0,0,0,0,0,0,0,0,0,1,0,0,0,0,0,0,0,0,0,0,0,0,0,0,0,0,0,0,0,0,0,0,0,0,0,0,0,0,0,0,0,0,0,0,0,0,0,0,0
1494.60504063994,6411.65199576398,72,1,2176.52870369874,20.3317838623823,"Canada.BonifaceRiver.AB8",2071.52,0,1,0,0,0,0,0,0,1,0,0,0,0,0,0,0,0,0,0,0,0,0,0,0,0,0,0,0,0,0,0,0,0,0,0,0,0,0,0,0,0,0,0,0,0,0,0,0,0,0,0,0,0,0
260.447173392618,5249.89059488134,0,0,2278.64209712897,62.5555940420905,"USA.NorthSlope.Oumalik2",62.592,0,0,1,0,0,0,0,0,0,0,0,0,0,0,0,0,0,0,0,0,0,0,0,0,0,0,0,0,0,0,0,0,0,0,0,0,0,0,0,0,0,0,1,0,0,0,0,0,0,0,0,0,0,0
2037.20328368989,6318.71410254518,5.33333333333333,0,1928.04085359897,72.7806081898424,"Norway.Javrresduottar.A-Salix",1035.82666666667,0,1,0,0,0,0,0,1,0,0,0,0,0,0,0,0,0,0,0,0,0,0,0,0,0,0,0,0,0,0,0,0,0,0,0,0,0,0,0,0,0,0,0,0,0,0,0,0,0,0,0,0,0,0
1852.12399398576,5602.87451936393,6.33333333333333,0,1832.71062103643,28.1827242185052,"Sweden.Abisko.KJ-BirchShrub",752.298333333333,0,0,0,1,0,0,0,0,0,0,0,0,0,0,0,0,0,0,0,0,1,0,0,0,0,0,0,0,0,0,0,0,0,0,0,0,0,0,0,0,0,0,0,0,0,0,0,0,0,0,0,0,0,0
-1433.09553675668,90.04016706716,0,0,839.125089185986,-2.92045522689604,"nonveg_1268",0,0,0,1,0,0,0,0,0,0,1,0,0,0,0,0,0,0,0,0,0,0,0,0,0,0,0,0,0,0,0,0,0,0,0,0,0,0,0,0,0,0,0,0,0,0,0,0,0,0,0,0,0,0,0
1904.95718000518,6464.19421292774,52.6666666666667,1,1089.03329003674,6.97266580071894,"USA.InteriorAlaska.4",1725.32333333333,0,1,0,0,0,0,0,0,0,0,0,0,0,0,0,0,0,0,0,0,0,0,0,0,0,0,0,0,0,0,1,0,0,0,0,0,0,0,0,0,0,0,0,0,0,0,0,0,0,0,0,0,0,0
-1344.74087547118,3967.86439843969,0,0,1370.99421183464,3.65818369691787,"Canada.BanksIsland.GreenCabin-C10",203.155,1,0,0,0,0,1,0,0,0,0,0,0,0,0,0,0,0,0,0,0,0,0,0,0,0,0,0,0,0,0,0,0,0,0,0,0,0,0,0,0,0,0,0,0,0,0,0,0,0,0,0,0,0,0
-3319.4143616175,1177.7281551269,0,0,973.458813020953,31.5247851450627,"nonveg_871",0,0,0,1,0,0,0,0,0,0,1,0,0,0,0,0,0,0,0,0,0,0,0,0,0,0,0,0,0,0,0,0,0,0,0,0,0,0,0,0,0,0,0,0,0,0,0,0,0,0,0,0,0,0,0
-486.872875697353,5616.81084771645,0,0,1618.54709310446,47.8415959976271,"Russia.Kolyma.T2",155.056,0,0,1,0,0,0,0,0,0,0,0,0,0,0,0,0,0,0,0,0,0,0,0,0,0,0,0,0,0,0,1,0,0,0,0,0,0,0,0,0,0,0,0,0,0,0,0,0,0,0,0,0,0,0
4.81988299024723,5234.84958151331,0,0,1062.57020821922,30.5872883159545,"Finland.Kevo.1",348.958,0,1,0,0,0,0,0,0,0,0,0,0,0,0,0,0,1,0,0,0,0,0,0,0,0,0,0,0,0,0,0,0,0,0,0,0,0,0,0,0,0,0,0,0,0,0,0,0,0,0,0,0,0,0
685.422951221396,5766.96359078987,25.4444444444444,1,947.105550618551,-82.8052359216049,"Canada.BonifaceRiver.AB2",1024.05,0,1,0,0,0,0,0,1,0,0,0,0,0,0,0,0,0,0,0,0,0,0,0,0,0,0,0,0,0,0,0,0,0,0,0,0,0,0,0,0,0,0,0,0,0,0,0,0,0,0,0,0,0,0
-796.980451973724,5408.28915220572,0,0,1517.53101261082,-21.2813825023551,"USA.InteriorAlaska.24",155.466666666667,0,0,0,1,0,0,0,0,0,0,0,0,0,0,0,1,0,0,0,0,0,0,0,0,0,0,0,0,0,0,0,0,0,0,0,0,0,0,0,0,0,0,0,0,0,0,0,0,0,0,0,0,0,0
4922.17692773429,592.655042510417,0,0,1270.99641871365,-63.5067290651361,"nonveg_1290",0,0,0,0,1,0,0,0,0,0,1,0,0,0,0,0,0,0,0,0,0,0,0,0,0,0,0,0,0,0,0,0,0,0,0,0,0,0,0,0,0,0,0,0,0,0,0,0,0,0,0,0,0,0,0
-2566.70963088213,564.003482534118,0,0,752.712171827131,-12.5337642537923,"nonveg_931",0,0,0,0,1,0,0,0,0,0,1,0,0,0,0,0,0,0,0,0,0,0,0,0,0,0,0,0,0,0,0,0,0,0,0,0,0,0,0,0,0,0,0,0,0,0,0,0,0,0,0,0,0,0,0
281.381729142739,5619.33270088686,0.555555555555556,0,1281.46787393201,2.22805484364549,"Canada.PayneLake.TDA0",915.87,0,0,1,0,0,0,0,0,0,0,0,0,0,0,1,0,0,0,0,0,0,0,0,0,0,0,0,0,0,0,0,0,0,0,0,0,0,0,0,0,0,0,0,0,0,0,0,0,0,0,0,0,0,0
-1590.08777439018,-27.8319364474057,0,0,1028.30393554225,-36.1331507650106,"nonveg_1089",0,0,0,1,0,0,0,0,0,0,1,0,0,0,0,0,0,0,0,0,0,0,0,0,0,0,0,0,0,0,0,0,0,0,0,0,0,0,0,0,0,0,0,0,0,0,0,0,0,0,0,0,0,0,0
1274.88494890202,5063.44661323645,0,0,2022.26601361225,8.08687555987774,"USA.YukonKuskokwimDelta.72B2",740.395,0,0,1,0,0,0,0,0,0,0,0,0,0,0,0,0,0,0,0,0,0,0,0,0,0,0,0,0,0,0,0,1,0,0,0,0,0,0,0,0,0,0,0,0,0,0,0,0,0,0,0,0,0,0
-655.609939560606,3163.41233662567,0,0,1048.92990142087,2.22183757603558,"nonveg_1880",0,0,0,1,0,0,0,0,0,0,0,0,0,0,0,0,0,1,0,0,0,0,0,0,0,0,0,0,0,0,0,0,0,0,0,0,0,0,0,0,0,0,0,0,0,0,0,0,0,0,0,0,0,0,0
-1480.67014101903,14.4671894938051,0,0,1129.48256750837,-50.5933925543977,"nonveg_912",0,1,0,0,0,0,0,0,0,0,0,0,0,0,0,0,0,0,1,0,0,0,0,0,0,0,0,0,0,0,0,0,0,0,0,0,0,0,0,0,0,0,0,0,0,0,0,0,0,0,0,0,0,0,0
-3332.12402351158,440.368611053501,0,0,1405.49089551784,41.7035156977965,"nonveg_695",0,0,0,0,1,0,0,0,0,0,0,0,0,0,0,0,0,1,0,0,0,0,0,0,0,0,0,0,0,0,0,0,0,0,0,0,0,0,0,0,0,0,0,0,0,0,0,0,0,0,0,0,0,0,0
-556.270651681668,4185.6355474796,0,0,1605.53342726432,19.2329668532744,"USA.YukonKuskokwimDelta.5",151.176666666667,0,0,1,0,0,0,0,0,0,0,0,0,0,0,1,0,0,0,0,0,0,0,0,0,0,0,0,0,0,0,0,0,0,0,0,0,0,0,0,0,0,0,0,0,0,0,0,0,0,0,0,0,0,0
-2039.76134540687,1852.08578840051,0,0,700.350248402132,14.6776872341447,"nonveg_863",0,1,0,0,0,0,0,0,0,0,0,0,0,0,0,0,0,0,0,0,0,0,0,0,0,0,0,1,0,0,0,0,0,0,0,0,0,0,0,0,0,0,0,0,0,0,0,0,0,0,0,0,0,0,0
1831.97102565889,6841.54258267055,29.5555555555556,1,3285.81470969461,-2.51907314348948,"Canada.ClearwaterLake.AB1",1793.41,0,1,0,0,0,0,0,1,0,0,0,0,0,0,0,0,0,0,0,0,0,0,0,0,0,0,0,0,0,0,0,0,0,0,0,0,0,0,0,0,0,0,0,0,0,0,0,0,0,0,0,0,0,0
-3197.44632316367,1004.19021128192,0,0,614.335118172638,-25.3653943171351,"nonveg_976",0,1,0,0,0,0,0,0,0,0,0,0,0,0,0,0,0,0,1,0,0,0,0,0,0,0,0,0,0,0,0,0,0,0,0,0,0,0,0,0,0,0,0,0,0,0,0,0,0,0,0,0,0,0,0
-3106.07415832854,1713.33841951161,0,0,1043.85859996717,20.1258819341977,"nonveg_882",0,1,0,0,0,0,1,0,0,0,0,0,0,0,0,0,0,0,0,0,0,0,0,0,0,0,0,0,0,0,0,0,0,0,0,0,0,0,0,0,0,0,0,0,0,0,0,0,0,0,0,0,0,0,0
-2615.79073264553,1498.83294860728,0,0,896.374369562848,-147.060648495081,"nonveg_1888",0,0,0,1,0,0,0,0,0,0,0,0,0,0,0,0,0,0,0,0,0,0,0,0,0,0,0,0,0,0,0,0,0,0,0,0,0,0,0,0,0,0,1,0,0,0,0,0,0,0,0,0,0,0,0
1575.85735404058,5773.51675191734,0,0,2480.47683739244,-25.0747022467679,"Finland.Kilpisjarvi.16",678.878,0,1,0,0,0,0,0,0,0,0,0,0,0,0,0,0,0,0,0,0,0,0,0,0,0,1,0,0,0,0,0,0,0,0,0,0,0,0,0,0,0,0,0,0,0,0,0,0,0,0,0,0,0,0
-82.0191871052019,4274.7241295376,0,0,1150.01828902925,26.7857901476874,"USA.NorthSlope.12",211.133333333333,0,0,1,0,0,0,0,0,0,0,0,0,0,0,0,0,0,0,0,0,0,0,0,0,0,0,0,0,0,0,0,0,0,0,0,0,0,0,0,1,0,0,0,0,0,0,0,0,0,0,0,0,0,0
-1056.92913584781,2185.34519837585,0,0,1137.79525220727,-14.8663719114921,"Canada.BanksIsland.GreenCabin-C07",2.25,1,0,0,0,0,1,0,0,0,0,0,0,0,0,0,0,0,0,0,0,0,0,0,0,0,0,0,0,0,0,0,0,0,0,0,0,0,0,0,0,0,0,0,0,0,0,0,0,0,0,0,0,0,0
-714.586374533533,3783.32806784539,0,0,1680.78830654856,-0.850585735938765,"USA.YukonKuskokwimDelta.1",296.016666666667,0,0,1,0,0,0,0,0,0,0,0,0,0,0,1,0,0,0,0,0,0,0,0,0,0,0,0,0,0,0,0,0,0,0,0,0,0,0,0,0,0,0,0,0,0,0,0,0,0,0,0,0,0,0
1348.67636332603,267.047715291347,0,0,1180.89829110076,-18.3209503232975,"nonveg_571",0,0,0,0,1,0,0,0,0,0,1,0,0,0,0,0,0,0,0,0,0,0,0,0,0,0,0,0,0,0,0,0,0,0,0,0,0,0,0,0,0,0,0,0,0,0,0,0,0,0,0,0,0,0,0
-650.778086564709,4646.11665519147,0,0,1469.85078619754,53.7341501811386,"Canada.LeRoyLake.TD1",720.58,0,0,0,1,0,0,0,0,0,0,0,0,0,0,1,0,0,0,0,0,0,0,0,0,0,0,0,0,0,0,0,0,0,0,0,0,0,0,0,0,0,0,0,0,0,0,0,0,0,0,0,0,0,0
308.523215692179,5365.33391894647,0,0,2250.55363913596,81.0204086892469,"Finland.Javrresduottar.EC-Sphagnum",497.334,0,1,0,0,0,0,1,0,0,0,0,0,0,0,0,0,0,0,0,0,0,0,0,0,0,0,0,0,0,0,0,0,0,0,0,0,0,0,0,0,0,0,0,0,0,0,0,0,0,0,0,0,0,0
1050.54480021938,5011.82334319584,0,0,2373.43352915027,-28.9956762393003,"USA.YukonKuskokwimDelta.3",1077.94333333333,0,0,1,0,0,0,0,0,0,0,0,0,0,0,1,0,0,0,0,0,0,0,0,0,0,0,0,0,0,0,0,0,0,0,0,0,0,0,0,0,0,0,0,0,0,0,0,0,0,0,0,0,0,0
1742.35064032585,7140.09406605653,20.4,1,1810.54083535998,71.6968441887898,"Finland.Kevo.2",2109.936,0,1,0,0,0,0,0,0,0,0,0,0,0,0,0,0,0,0,0,0,1,0,0,0,0,0,0,0,0,0,0,0,0,0,0,0,0,0,0,0,0,0,0,0,0,0,0,0,0,0,0,0,0,0
3111.94118258348,6945.12291004684,50.4,1,1416.38027868608,31.7097808532815,"Finland.Kevo.6",3224.222,0,1,0,0,0,0,0,1,0,0,0,0,0,0,0,0,0,0,0,0,0,0,0,0,0,0,0,0,0,0,0,0,0,0,0,0,0,0,0,0,0,0,0,0,0,0,0,0,0,0,0,0,0,0
1660.98073280863,6487.69168634738,46,1,1799.69631903167,113.743626402917,"USA.InteriorAlaska.22",1695.6,0,1,0,0,0,0,0,0,0,0,0,0,0,0,0,0,0,0,0,0,0,0,0,0,0,0,0,0,0,0,0,0,0,0,0,0,0,1,0,0,0,0,0,0,0,0,0,0,0,0,0,0,0,0
-2086.55720825876,1685.88152703668,0,0,1075.36223655802,-6.78863055789452,"nonveg_941",0,1,0,0,0,0,0,0,0,0,1,0,0,0,0,0,0,0,0,0,0,0,0,0,0,0,0,0,0,0,0,0,0,0,0,0,0,0,0,0,0,0,0,0,0,0,0,0,0,0,0,0,0,0,0
-2509.69893411721,247.830438034081,0,0,1430.29008968762,-24.9556215750829,"nonveg_647",0,0,0,0,1,0,0,0,0,0,0,0,0,0,0,0,0,0,0,0,0,0,0,0,0,0,0,0,0,0,0,0,0,0,0,0,0,0,0,0,0,0,0,0,1,0,0,0,0,0,0,0,0,0,0
1673.19355302031,5277.01229098996,19,1,2218.64378017051,54.8672885049253,"Sweden.Abisko.NF-Wetland",303.813333333333,0,0,0,1,0,0,0,0,0,0,0,0,0,0,0,0,0,0,0,0,1,0,0,0,0,0,0,0,0,0,0,0,0,0,0,0,0,0,0,0,0,0,0,0,0,0,0,0,0,0,0,0,0,0
-3210.18225711651,1087.14551750332,0,0,500.369963783634,-24.4660632387933,"nonveg_666",0,0,0,1,0,0,0,0,0,0,1,0,0,0,0,0,0,0,0,0,0,0,0,0,0,0,0,0,0,0,0,0,0,0,0,0,0,0,0,0,0,0,0,0,0,0,0,0,0,0,0,0,0,0,0
-4106.48357204057,985.76166783562,0,0,746.625093174443,8.42505117059931,"nonveg_681",0,0,0,0,1,0,0,0,0,0,1,0,0,0,0,0,0,0,0,0,0,0,0,0,0,0,0,0,0,0,0,0,0,0,0,0,0,0,0,0,0,0,0,0,0,0,0,0,0,0,0,0,0,0,0
-1877.22455708659,2033.35297995082,0,0,644.615786838658,-21.8975721211107,"Canada.Ivujivik.TP12",1000.04,0,0,1,0,0,1,0,0,0,0,0,0,0,0,0,0,0,0,0,0,0,0,0,0,0,0,0,0,0,0,0,0,0,0,0,0,0,0,0,0,0,0,0,0,0,0,0,0,0,0,0,0,0,0
-2573.94508058422,1023.47073879063,0,0,308.193601895924,14.5161417857027,"nonveg_568",0,1,0,0,0,0,0,0,0,0,0,0,0,0,0,0,0,0,0,0,0,0,0,0,0,0,0,0,0,0,0,0,0,1,0,0,0,0,0,0,0,0,0,0,0,0,0,0,0,0,0,0,0,0,0
-2189.09620382851,2043.47904533684,0,0,371.11226601721,-5.87110898819928,"nonveg_764",0,1,0,0,0,0,1,0,0,0,0,0,0,0,0,0,0,0,0,0,0,0,0,0,0,0,0,0,0,0,0,0,0,0,0,0,0,0,0,0,0,0,0,0,0,0,0,0,0,0,0,0,0,0,0
165.43998575357,4194.97564331537,0,0,2169.14111690025,100.370374099769,"USA.NorthSlope.14",190.8,0,0,1,0,0,0,0,0,0,0,0,0,0,0,0,0,0,0,0,0,0,0,0,0,0,0,0,0,0,0,0,0,0,0,0,0,0,0,0,0,0,1,0,0,0,0,0,0,0,0,0,0,0,0
-1967.75425443803,3829.83547118132,0,0,2093.05495447688,38.8614173028838,"USA.NorthSlope.FranklinBluffs-C16",376.619,0,0,1,0,0,0,0,0,0,0,0,0,0,0,0,0,0,0,0,0,0,0,0,0,0,0,0,0,0,0,0,0,0,0,0,0,0,0,0,0,0,0,1,0,0,0,0,0,0,0,0,0,0,0
3997.97892602592,-1043.81844454709,0,0,997.042402904664,396.471979471919,"nonveg_1720",0,0,0,1,0,0,0,0,0,0,0,0,0,0,0,0,0,0,0,0,0,0,0,0,0,0,1,0,0,0,0,0,0,0,0,0,0,0,0,0,0,0,0,0,0,0,0,0,0,0,0,0,0,0,0
-2199.04338645929,3557.1958253921,0,0,1106.84926601883,12.2544075490522,"USA.NorthSlope.15",86.7,0,0,1,0,0,0,0,0,0,0,0,0,0,0,0,0,0,0,0,0,0,0,0,0,0,0,0,0,0,0,0,0,0,0,0,0,0,0,0,0,0,0,1,0,0,0,0,0,0,0,0,0,0,0
-2085.2121660905,1445.80301782707,0,0,1643.77657729902,47.1839998712894,"nonveg_643",0,1,0,0,0,0,0,0,0,0,0,0,0,0,0,0,0,0,1,0,0,0,0,0,0,0,0,0,0,0,0,0,0,0,0,0,0,0,0,0,0,0,0,0,0,0,0,0,0,0,0,0,0,0,0
1007.82106309648,6911.90957936072,61.2,1,1696.0697719397,0.695846248688824,"Finland.Kilpisjarvi.19",2414.752,0,0,0,1,0,0,0,0,0,0,0,0,0,0,0,0,0,0,0,0,1,0,0,0,0,0,0,0,0,0,0,0,0,0,0,0,0,0,0,0,0,0,0,0,0,0,0,0,0,0,0,0,0,0
2570.04921148117,7527.24178365338,34,1,2614.32908771929,71.8301583046162,"Finland.Kevo.4",2242.036,0,0,0,1,0,0,0,0,0,0,0,0,0,0,0,0,0,0,0,0,1,0,0,0,0,0,0,0,0,0,0,0,0,0,0,0,0,0,0,0,0,0,0,0,0,0,0,0,0,0,0,0,0,0
317.008200268142,4725.73166677507,0,0,1651.15622664552,-68.1158548537932,"Canada.ChukotkaRiver.TPO3",340.36,0,0,1,0,0,0,0,0,0,0,0,0,1,0,0,0,0,0,0,0,0,0,0,0,0,0,0,0,0,0,0,0,0,0,0,0,0,0,0,0,0,0,0,0,0,0,0,0,0,0,0,0,0,0
-1612.03048237766,4258.8786816812,0,0,1018.27651545671,37.2043857359467,"USA.NorthSlope.9",57.1,0,0,1,0,0,0,0,0,0,0,0,0,0,0,0,0,0,0,0,0,0,0,0,0,0,0,0,0,0,0,0,0,0,0,0,0,0,0,0,0,0,0,0,1,0,0,0,0,0,0,0,0,0,0
205.508757649556,5460.46710473223,16.8888888888889,1,1998.66357340861,8.90253584737938,"Canada.LeRoyLake.TDA3",1329.73,0,0,0,1,0,0,0,0,0,0,0,0,0,0,1,0,0,0,0,0,0,0,0,0,0,0,0,0,0,0,0,0,0,0,0,0,0,0,0,0,0,0,0,0,0,0,0,0,0,0,0,0,0,0
-646.339022896998,2938.12891042963,0,0,946.038281378545,13.685823281875,"nonveg_898",0,1,0,0,0,0,0,0,0,0,0,0,0,0,0,0,0,0,0,0,0,0,0,0,0,0,0,1,0,0,0,0,0,0,0,0,0,0,0,0,0,0,0,0,0,0,0,0,0,0,0,0,0,0,0
-1346.2991550365,1618.21403444148,0,0,875.433156427024,-169.84318610369,"nonveg_1672",0,0,0,1,0,0,0,0,0,0,0,0,0,0,0,1,0,0,0,0,0,0,0,0,0,0,0,0,0,0,0,0,0,0,0,0,0,0,0,0,0,0,0,0,0,0,0,0,0,0,0,0,0,0,0
-963.934486782841,3251.95886027086,0,0,689.309585498377,27.7695563589528,"Canada.BanksIsland.GreenCabin-C00",75.05,1,0,0,0,0,1,0,0,0,0,0,0,0,0,0,0,0,0,0,0,0,0,0,0,0,0,0,0,0,0,0,0,0,0,0,0,0,0,0,0,0,0,0,0,0,0,0,0,0,0,0,0,0,0
-803.626388353048,1316.83719787304,0,0,722.53292978247,-11.235908684691,"nonveg_1968",0,0,0,0,1,0,0,0,0,0,0,0,0,0,0,0,0,1,0,0,0,0,0,0,0,0,0,0,0,0,0,0,0,0,0,0,0,0,0,0,0,0,0,0,0,0,0,0,0,0,0,0,0,0,0
-2352.2610771072,359.440816094457,0,0,1200.43315134533,7.9823527269632,"nonveg_682",0,0,0,0,1,0,0,0,0,0,1,0,0,0,0,0,0,0,0,0,0,0,0,0,0,0,0,0,0,0,0,0,0,0,0,0,0,0,0,0,0,0,0,0,0,0,0,0,0,0,0,0,0,0,0
-2086.55720825876,1685.88152703668,0,0,1075.36223655802,-6.78863055789452,"nonveg_941",0,1,0,0,0,0,0,0,0,0,1,0,0,0,0,0,0,0,0,0,0,0,0,0,0,0,0,0,0,0,0,0,0,0,0,0,0,0,0,0,0,0,0,0,0,0,0,0,0,0,0,0,0,0,0
-3332.12402351158,440.368611053501,0,0,1405.49089551784,41.7035156977965,"nonveg_695",0,0,0,0,1,0,0,0,0,0,0,0,0,0,0,0,0,1,0,0,0,0,0,0,0,0,0,0,0,0,0,0,0,0,0,0,0,0,0,0,0,0,0,0,0,0,0,0,0,0,0,0,0,0,0
952.344626847898,4787.52131323722,0,0,1060.51203278107,86.2332211661539,"Russia.Tiksi.WetFen",177.773333333333,0,0,1,0,0,0,0,0,0,0,0,0,0,0,0,0,0,0,0,0,0,0,0,0,0,0,0,0,0,0,0,0,1,0,0,0,0,0,0,0,0,0,0,0,0,0,0,0,0,0,0,0,0,0
1737.45504743972,5561.61118371851,0,0,2169.07325928496,51.7286258050269,"Canada.DeceptionBay.BEGL3",1666.5,0,0,1,0,0,0,0,0,0,0,0,0,0,0,0,0,1,0,0,0,0,0,0,0,0,0,0,0,0,0,0,0,0,0,0,0,0,0,0,0,0,0,0,0,0,0,0,0,0,0,0,0,0,0
-650.778086564709,4646.11665519147,0,0,1469.85078619754,53.7341501811386,"Canada.LeRoyLake.TD1",720.58,0,0,0,1,0,0,0,0,0,0,0,0,0,0,1,0,0,0,0,0,0,0,0,0,0,0,0,0,0,0,0,0,0,0,0,0,0,0,0,0,0,0,0,0,0,0,0,0,0,0,0,0,0,0
6543.30472165089,932.995211445903,0,0,906.254211559918,6.83578609481461,"nonveg_1654",0,0,0,1,0,0,0,0,0,0,0,0,0,0,0,0,0,0,0,0,0,0,0,0,0,0,1,0,0,0,0,0,0,0,0,0,0,0,0,0,0,0,0,0,0,0,0,0,0,0,0,0,0,0,0
-3830.80453471289,1010.30997647359,0,0,1496.76586879549,24.5730490120327,"Canada.Ivujivik.RTP13",976.97,0,0,1,0,0,1,0,0,0,0,0,0,0,0,0,0,0,0,0,0,0,0,0,0,0,0,0,0,0,0,0,0,0,0,0,0,0,0,0,0,0,0,0,0,0,0,0,0,0,0,0,0,0,0
-3908.35067294944,2398.41470957164,0,0,586.419505471379,10.6464208432553,"nonveg_758",0,0,0,1,0,0,0,0,0,0,0,0,0,0,0,0,0,1,0,0,0,0,0,0,0,0,0,0,0,0,0,0,0,0,0,0,0,0,0,0,0,0,0,0,0,0,0,0,0,0,0,0,0,0,0
-532.16057501556,4087.21652136372,0,0,1069.83567844457,20.0905413939977,"USA.YukonKuskokwimDelta.4",7.66333333333333,0,0,1,0,0,0,0,0,0,0,0,0,0,0,1,0,0,0,0,0,0,0,0,0,0,0,0,0,0,0,0,0,0,0,0,0,0,0,0,0,0,0,0,0,0,0,0,0,0,0,0,0,0,0
5911.09549089676,-203.745787124004,0,0,997.697262581501,58.3356661044692,"nonveg_1794",0,0,0,0,1,0,0,0,0,0,0,0,0,0,0,0,0,0,0,0,0,0,0,0,0,0,0,0,0,0,0,0,0,0,0,0,0,0,0,0,0,0,0,0,0,0,0,0,0,0,0,1,0,0,0
-1379.49801740761,3250.19282493301,0,0,1490.97796105048,-32.6535312756042,"USA.NorthSlope.FranklinBluffs-C17",145.128,0,0,1,0,0,0,0,0,0,0,0,0,0,0,0,0,0,0,0,0,0,0,0,0,0,0,0,0,0,0,0,0,0,0,0,0,0,0,0,0,0,0,1,0,0,0,0,0,0,0,0,0,0,0
173.574156800347,5818.96934453125,0,0,988.427180061154,13.2082842833032,"USA.NorthSlope.HappyValley-C20",68.264,0,0,1,0,0,0,0,0,0,0,0,0,0,0,0,0,0,0,0,0,0,0,0,0,0,0,0,0,0,0,0,0,0,0,0,0,0,0,0,1,0,0,0,0,0,0,0,0,0,0,0,0,0,0
-655.343168455811,177.677439130965,0,0,1420.31963865748,-4.42569661439379,"nonveg_907",0,1,0,0,0,0,0,0,0,0,0,0,0,0,0,0,0,0,0,0,0,0,0,0,0,0,0,1,0,0,0,0,0,0,0,0,0,0,0,0,0,0,0,0,0,0,0,0,0,0,0,0,0,0,0
-1102.45921095676,3434.29426561082,0,0,2241.70956710585,127.820997499566,"USA.NorthSlope.16",139.166666666667,0,0,1,0,0,0,0,0,0,0,0,0,0,0,0,0,0,0,0,0,0,0,0,0,0,0,0,0,0,0,0,0,0,0,0,0,0,0,0,0,0,0,1,0,0,0,0,0,0,0,0,0,0,0
-429.304196808771,4256.82360760078,0,0,1681.41000108944,-2.8219283183178,"Canada.PayneLake.TD2",513.36,0,0,1,0,0,0,0,0,0,0,0,0,0,0,1,0,0,0,0,0,0,0,0,0,0,0,0,0,0,0,0,0,0,0,0,0,0,0,0,0,0,0,0,0,0,0,0,0,0,0,0,0,0,0
3922.40188395488,-932.782465751624,0,0,1044.25592806317,-0.564959946614898,"nonveg_1677",0,0,0,0,1,0,0,0,0,0,0,0,0,0,0,0,0,0,0,0,0,0,0,0,0,0,0,0,0,0,0,0,0,0,0,0,0,0,0,0,0,0,0,0,0,0,0,0,0,0,1,0,0,0,0
-2470.45583607754,1693.16100201111,0,0,242.237258616057,4.59015333109733,"nonveg_508",0,1,0,0,0,0,0,0,0,0,0,0,0,0,0,0,0,0,0,0,0,0,0,0,0,0,0,1,0,0,0,0,0,0,0,0,0,0,0,0,0,0,0,0,0,0,0,0,0,0,0,0,0,0,0
-1025.52651117906,3677.8363624686,0,0,1196.50432519905,-1.04510633653037,"Russia.Yamal.OstrovBelyy-2",288.84,1,0,0,0,0,0,0,0,0,0,0,0,0,0,0,0,0,0,0,0,0,0,0,0,0,0,1,0,0,0,0,0,0,0,0,0,0,0,0,0,0,0,0,0,0,0,0,0,0,0,0,0,0,0
-4327.67748210899,-203.119947929834,0,0,544.799277314386,-26.9044743048505,"nonveg_700",0,0,0,1,0,0,0,0,0,0,0,0,0,0,0,0,0,1,0,0,0,0,0,0,0,0,0,0,0,0,0,0,0,0,0,0,0,0,0,0,0,0,0,0,0,0,0,0,0,0,0,0,0,0,0
165.43998575357,4194.97564331537,0,0,2169.14111690025,100.370374099769,"USA.NorthSlope.14",190.8,0,0,1,0,0,0,0,0,0,0,0,0,0,0,0,0,0,0,0,0,0,0,0,0,0,0,0,0,0,0,0,0,0,0,0,0,0,0,0,0,0,1,0,0,0,0,0,0,0,0,0,0,0,0
-2738.24147425145,175.501482228482,0,0,1215.49311025035,-63.4666866699377,"nonveg_874",0,0,0,1,0,0,0,0,0,0,1,0,0,0,0,0,0,0,0,0,0,0,0,0,0,0,0,0,0,0,0,0,0,0,0,0,0,0,0,0,0,0,0,0,0,0,0,0,0,0,0,0,0,0,0
-524.508205043798,386.515556300878,0,0,253.948154036576,-26.1930094348764,"nonveg_806",0,1,0,0,0,0,0,0,0,0,1,0,0,0,0,0,0,0,0,0,0,0,0,0,0,0,0,0,0,0,0,0,0,0,0,0,0,0,0,0,0,0,0,0,0,0,0,0,0,0,0,0,0,0,0
-1025.52651117906,3677.8363624686,0,0,1196.50432519905,-1.04510633653037,"Russia.Yamal.OstrovBelyy-2",288.84,1,0,0,0,0,0,0,0,0,0,0,0,0,0,0,0,0,0,0,0,0,0,0,0,0,0,1,0,0,0,0,0,0,0,0,0,0,0,0,0,0,0,0,0,0,0,0,0,0,0,0,0,0,0
3702.42466604398,-269.61781362095,0,0,859.263114762954,33.0355186141949,"nonveg_1626",0,0,0,1,0,0,0,0,0,0,0,0,0,0,0,0,0,0,0,0,0,0,0,0,0,0,0,0,0,0,0,0,0,0,0,0,0,0,0,0,0,0,0,0,0,0,0,0,0,1,0,0,0,0,0
-4178.25795576038,1615.36473758479,0,0,492.717274536303,-7.87934772510853,"nonveg_968",0,0,0,1,0,0,0,0,0,1,0,0,0,0,0,0,0,0,0,0,0,0,0,0,0,0,0,0,0,0,0,0,0,0,0,0,0,0,0,0,0,0,0,0,0,0,0,0,0,0,0,0,0,0,0
678.662467723162,5513.77963826166,0,0,2285.30690463356,28.6246379779416,"USA.YukonKuskokwimDelta.72B4",674.8225,0,0,1,0,0,0,0,0,0,0,0,0,0,0,0,0,0,0,0,0,0,0,0,0,0,0,0,0,0,0,0,1,0,0,0,0,0,0,0,0,0,0,0,0,0,0,0,0,0,0,0,0,0,0
2563.10419169334,6290.94348678782,56,1,2051.96869253994,3.68761337663784,"USA.InteriorAlaska.21",1102.78333333333,0,1,0,0,0,0,0,0,0,0,0,0,0,0,0,0,0,0,0,0,0,0,0,0,0,0,0,0,0,0,0,0,0,0,0,0,0,1,0,0,0,0,0,0,0,0,0,0,0,0,0,0,0,0
-2384.59421762722,-1352.41913124812,0,0,1858.16549666428,-117.075181708345,"nonveg_558",0,1,0,0,0,0,0,0,0,0,1,0,0,0,0,0,0,0,0,0,0,0,0,0,0,0,0,0,0,0,0,0,0,0,0,0,0,0,0,0,0,0,0,0,0,0,0,0,0,0,0,0,0,0,0
-1222.34537733761,3578.90595263391,0,0,1893.40083411831,49.7843304575664,"USA.NorthSlope.13",79.4,1,0,0,0,0,0,0,0,0,0,0,0,0,0,0,0,0,0,0,0,0,0,0,0,0,0,0,0,0,0,0,0,0,0,0,0,0,0,0,0,0,1,0,0,0,0,0,0,0,0,0,0,0,0
160.495875232359,5410.74998130883,0,0,2087.15865199626,107.638439182092,"Finland.Javrresduottar.EC-Salix",1074.2125,0,1,0,0,0,0,1,0,0,0,0,0,0,0,0,0,0,0,0,0,0,0,0,0,0,0,0,0,0,0,0,0,0,0,0,0,0,0,0,0,0,0,0,0,0,0,0,0,0,0,0,0,0,0
517.989716761641,6224.13860591539,65.5,1,4016.41551595323,99.5467812067835,"Finland.Kilpisjarvi.17",2035.5375,0,1,0,0,0,0,0,0,0,0,0,0,0,0,0,0,0,0,0,0,0,0,1,0,0,0,0,0,0,0,0,0,0,0,0,0,0,0,0,0,0,0,0,0,0,0,0,0,0,0,0,0,0,0
1204.13789803214,5882.87009549726,6,0,1322.29276842892,-12.8196974902871,"Sweden.Abisko.NT-MesicHeath",726.156666666667,0,0,0,1,0,0,0,0,0,0,0,0,0,0,0,0,0,0,0,0,1,0,0,0,0,0,0,0,0,0,0,0,0,0,0,0,0,0,0,0,0,0,0,0,0,0,0,0,0,0,0,0,0,0
685.422951221396,5766.96359078987,25.4444444444444,1,947.105550618551,-82.8052359216049,"Canada.BonifaceRiver.AB2",1024.05,0,1,0,0,0,0,0,1,0,0,0,0,0,0,0,0,0,0,0,0,0,0,0,0,0,0,0,0,0,0,0,0,0,0,0,0,0,0,0,0,0,0,0,0,0,0,0,0,0,0,0,0,0,0
2563.63422908625,5127.46930990603,0,0,2218.91695974738,50.8777002262792,"Finland.Javrresduottar.A-Salix",800.425,0,1,0,0,0,0,0,0,0,0,0,0,0,0,0,0,0,0,0,0,0,0,0,1,0,0,0,0,0,0,0,0,0,0,0,0,0,0,0,0,0,0,0,0,0,0,0,0,0,0,0,0,0,0
2025.70426161357,5632.29820315747,0,0,2254.36193131572,94.6378240400959,"Finland.Javrresduottar.A-Sedge",742.676,0,1,0,0,0,0,0,0,0,0,0,0,0,0,0,0,0,0,0,0,0,0,0,1,0,0,0,0,0,0,0,0,0,0,0,0,0,0,0,0,0,0,0,0,0,0,0,0,0,0,0,0,0,0
-1452.16607554653,847.463390210033,0,0,1233.23486954197,38.9097553107251,"nonveg_688",0,1,0,0,0,0,0,0,0,0,0,0,0,0,0,0,0,0,0,0,0,0,0,0,0,0,0,1,0,0,0,0,0,0,0,0,0,0,0,0,0,0,0,0,0,0,0,0,0,0,0,0,0,0,0
-2262.35179569642,854.336585117216,0,0,863.403172388212,30.8783149593246,"nonveg_876",0,1,0,0,0,0,0,0,0,0,1,0,0,0,0,0,0,0,0,0,0,0,0,0,0,0,0,0,0,0,0,0,0,0,0,0,0,0,0,0,0,0,0,0,0,0,0,0,0,0,0,0,0,0,0
-4462.29109995644,2123.60666790398,0,0,1642.10562712245,-21.2196081701787,"nonveg_619",0,0,0,0,1,0,0,0,0,0,0,0,0,0,0,0,0,1,0,0,0,0,0,0,0,0,0,0,0,0,0,0,0,0,0,0,0,0,0,0,0,0,0,0,0,0,0,0,0,0,0,0,0,0,0
-1229.45253848227,4635.1787663399,0,0,1046.60059445146,17.0204363489875,"USA.NorthSlope.11",170.566666666667,0,0,1,0,0,0,0,0,0,0,0,0,0,0,0,0,0,0,0,0,0,0,0,0,0,0,0,0,0,0,0,0,0,0,0,0,0,0,0,0,1,0,0,0,0,0,0,0,0,0,0,0,0,0
649.72934567619,261.223659643059,0,0,308.324565929729,-31.930099655727,"nonveg_536",0,0,0,0,1,0,0,0,0,0,1,0,0,0,0,0,0,0,0,0,0,0,0,0,0,0,0,0,0,0,0,0,0,0,0,0,0,0,0,0,0,0,0,0,0,0,0,0,0,0,0,0,0,0,0
-1885.67590774652,6451.6543632358,5.33333333333333,0,2347.10363798632,233.416541515677,"Sweden.Abisko.VJ-Wetland",361.66,0,0,0,1,0,0,0,0,0,0,0,0,0,0,0,0,0,0,0,0,1,0,0,0,0,0,0,0,0,0,0,0,0,0,0,0,0,0,0,0,0,0,0,0,0,0,0,0,0,0,0,0,0,0
6623.31373889344,-2431.25579305192,0,0,735.319112914785,78.9196357814517,"nonveg_1367",0,1,0,0,0,0,0,0,0,0,1,0,0,0,0,0,0,0,0,0,0,0,0,0,0,0,0,0,0,0,0,0,0,0,0,0,0,0,0,0,0,0,0,0,0,0,0,0,0,0,0,0,0,0,0
-3080.24724985638,2145.40374757756,0,0,458.451787863751,-56.6180085775457,"nonveg_547",0,0,0,1,0,0,0,0,0,0,1,0,0,0,0,0,0,0,0,0,0,0,0,0,0,0,0,0,0,0,0,0,0,0,0,0,0,0,0,0,0,0,0,0,0,0,0,0,0,0,0,0,0,0,0
-2539.8007285215,80.7144559320139,0,0,867.662900340539,-20.4002943652622,"nonveg_761",0,1,0,0,0,0,0,0,0,0,1,0,0,0,0,0,0,0,0,0,0,0,0,0,0,0,0,0,0,0,0,0,0,0,0,0,0,0,0,0,0,0,0,0,0,0,0,0,0,0,0,0,0,0,0
-3813.21017697843,1060.32201445557,0,0,1063.58286627054,-90.7515357962696,"nonveg_785",0,1,0,0,0,0,0,0,0,0,1,0,0,0,0,0,0,0,0,0,0,0,0,0,0,0,0,0,0,0,0,0,0,0,0,0,0,0,0,0,0,0,0,0,0,0,0,0,0,0,0,0,0,0,0
-364.32390700331,1917.50910017789,0,0,1146.37806197417,-46.3353335276844,"nonveg_1736",0,0,0,1,0,0,0,0,0,0,0,0,0,0,0,1,0,0,0,0,0,0,0,0,0,0,0,0,0,0,0,0,0,0,0,0,0,0,0,0,0,0,0,0,0,0,0,0,0,0,0,0,0,0,0
-4815.95831452121,335.843850535641,0,0,842.547337779185,-149.817444699382,"nonveg_903",0,0,0,0,1,0,1,0,0,0,0,0,0,0,0,0,0,0,0,0,0,0,0,0,0,0,0,0,0,0,0,0,0,0,0,0,0,0,0,0,0,0,0,0,0,0,0,0,0,0,0,0,0,0,0
1219.9719488131,6138.52458240909,0,0,1622.51655602725,60.4214906590634,"Finland.Kevo.5",1310.916,0,1,0,0,0,0,0,0,0,0,0,0,0,0,0,0,0,0,0,0,0,0,0,1,0,0,0,0,0,0,0,0,0,0,0,0,0,0,0,0,0,0,0,0,0,0,0,0,0,0,0,0,0,0
213.284107834857,4985.67347688459,4.4,1,2771.1379872784,57.1487501769321,"Finland.Kilpisjarvi.20",656.954,0,0,0,1,0,0,0,0,0,0,0,0,0,0,0,0,0,0,0,0,0,1,0,0,0,0,0,0,0,0,0,0,0,0,0,0,0,0,0,0,0,0,0,0,0,0,0,0,0,0,0,0,0,0
-2576.76683772166,1100.74243053612,0,0,290.616061603838,-10.0577622252582,"nonveg_543",0,1,0,0,0,0,0,0,0,0,0,0,0,0,0,0,0,0,0,0,0,0,0,0,0,0,0,1,0,0,0,0,0,0,0,0,0,0,0,0,0,0,0,0,0,0,0,0,0,0,0,0,0,0,0
-2108.13942088435,1548.13133091757,0,0,1371.37035852623,-80.3182567251527,"nonveg_804",0,0,0,1,0,0,0,0,0,0,1,0,0,0,0,0,0,0,0,0,0,0,0,0,0,0,0,0,0,0,0,0,0,0,0,0,0,0,0,0,0,0,0,0,0,0,0,0,0,0,0,0,0,0,0
165.43998575357,4194.97564331537,0,0,2169.14111690025,100.370374099769,"USA.NorthSlope.14",190.8,0,0,1,0,0,0,0,0,0,0,0,0,0,0,0,0,0,0,0,0,0,0,0,0,0,0,0,0,0,0,0,0,0,0,0,0,0,0,0,0,0,1,0,0,0,0,0,0,0,0,0,0,0,0
-1590.08777439018,-27.8319364474057,0,0,1028.30393554225,-36.1331507650106,"nonveg_1089",0,0,0,1,0,0,0,0,0,0,1,0,0,0,0,0,0,0,0,0,0,0,0,0,0,0,0,0,0,0,0,0,0,0,0,0,0,0,0,0,0,0,0,0,0,0,0,0,0,0,0,0,0,0,0
547.650062219239,5185.38337355297,0,0,1662.11819884793,38.5466590439834,"Finland.Javrresduottar.EC-Hummock",1150.9225,0,1,0,0,0,0,1,0,0,0,0,0,0,0,0,0,0,0,0,0,0,0,0,0,0,0,0,0,0,0,0,0,0,0,0,0,0,0,0,0,0,0,0,0,0,0,0,0,0,0,0,0,0,0
-3641.65499735182,984.241678208427,0,0,1048.66801266694,-83.9961003173028,"nonveg_958",0,1,0,0,0,0,1,0,0,0,0,0,0,0,0,0,0,0,0,0,0,0,0,0,0,0,0,0,0,0,0,0,0,0,0,0,0,0,0,0,0,0,0,0,0,0,0,0,0,0,0,0,0,0,0
-4297.87936210564,257.626778013453,0,0,907.803825115942,-49.5909514987903,"nonveg_794",0,0,0,0,1,0,0,0,0,0,1,0,0,0,0,0,0,0,0,0,0,0,0,0,0,0,0,0,0,0,0,0,0,0,0,0,0,0,0,0,0,0,0,0,0,0,0,0,0,0,0,0,0,0,0
-655.343168455811,177.677439130965,0,0,1420.31963865748,-4.42569661439379,"nonveg_907",0,1,0,0,0,0,0,0,0,0,0,0,0,0,0,0,0,0,0,0,0,0,0,0,0,0,0,1,0,0,0,0,0,0,0,0,0,0,0,0,0,0,0,0,0,0,0,0,0,0,0,0,0,0,0
-1218.96092984427,277.770418544042,0,0,1256.28271385237,-1.54217703202869,"nonveg_994",0,1,0,0,0,0,0,0,0,0,1,0,0,0,0,0,0,0,0,0,0,0,0,0,0,0,0,0,0,0,0,0,0,0,0,0,0,0,0,0,0,0,0,0,0,0,0,0,0,0,0,0,0,0,0
-3638.15473828652,2028.86591989791,0,0,430.103148934936,-22.3505067195348,"nonveg_985",0,1,0,0,0,0,0,0,0,0,0,0,0,0,0,0,0,0,1,0,0,0,0,0,0,0,0,0,0,0,0,0,0,0,0,0,0,0,0,0,0,0,0,0,0,0,0,0,0,0,0,0,0,0,0
-118.79493761191,5295.358951043,0,0,2399.63316497713,47.6003374330971,"USA.NorthSlope.Ivotuk3",49.0986419753086,0,0,1,0,0,0,0,0,0,0,0,0,0,0,0,0,1,0,0,0,0,0,0,0,0,0,0,0,0,0,0,0,0,0,0,0,0,0,0,0,0,0,0,0,0,0,0,0,0,0,0,0,0,0
-1361.14454979451,6204.18161747868,0,0,2394.91897392494,138.382207100296,"USA.BrooksRange.8",555.1,0,0,1,0,0,0,0,0,0,0,0,0,0,0,0,0,1,0,0,0,0,0,0,0,0,0,0,0,0,0,0,0,0,0,0,0,0,0,0,0,0,0,0,0,0,0,0,0,0,0,0,0,0,0
878.717881298468,5717.22398640359,0,0,2052.80740466963,54.29761688166,"USA.NorthSlope.Ivotuk1",58.537,0,0,1,0,0,0,0,0,0,0,0,0,0,0,0,1,0,0,0,0,0,0,0,0,0,0,0,0,0,0,0,0,0,0,0,0,0,0,0,0,0,0,0,0,0,0,0,0,0,0,0,0,0,0
-2378.72368942835,1171.50526781378,0,0,387.139541010591,7.41647813418183,"nonveg_849",0,0,0,1,0,0,0,0,0,0,1,0,0,0,0,0,0,0,0,0,0,0,0,0,0,0,0,0,0,0,0,0,0,0,0,0,0,0,0,0,0,0,0,0,0,0,0,0,0,0,0,0,0,0,0
678.662467723162,5513.77963826166,0,0,2285.30690463356,28.6246379779416,"USA.YukonKuskokwimDelta.72B4",674.8225,0,0,1,0,0,0,0,0,0,0,0,0,0,0,0,0,0,0,0,0,0,0,0,0,0,0,0,0,0,0,0,1,0,0,0,0,0,0,0,0,0,0,0,0,0,0,0,0,0,0,0,0,0,0
-1572.70337663145,-458.605155534292,0,0,1234.58891135812,-52.7476816491974,"nonveg_1234",0,1,0,0,0,0,0,0,0,0,0,0,0,0,0,0,0,0,0,0,0,0,0,0,0,0,0,0,0,0,0,0,0,0,0,0,0,0,0,0,0,0,0,0,0,0,0,1,0,0,0,0,0,0,0
-3474.45680767751,1668.47522410444,0,0,1252.53457063953,-2.15982251710474,"Canada.Ivujivik.TP10",1189.73,0,0,1,0,0,0,0,0,0,0,0,0,0,0,0,0,0,1,0,0,0,0,0,0,0,0,0,0,0,0,0,0,0,0,0,0,0,0,0,0,0,0,0,0,0,0,0,0,0,0,0,0,0,0
3702.42466604398,-269.61781362095,0,0,859.263114762954,33.0355186141949,"nonveg_1626",0,0,0,1,0,0,0,0,0,0,0,0,0,0,0,0,0,0,0,0,0,0,0,0,0,0,0,0,0,0,0,0,0,0,0,0,0,0,0,0,0,0,0,0,0,0,0,0,0,1,0,0,0,0,0
-3080.24724985638,2145.40374757756,0,0,458.451787863751,-56.6180085775457,"nonveg_547",0,0,0,1,0,0,0,0,0,0,1,0,0,0,0,0,0,0,0,0,0,0,0,0,0,0,0,0,0,0,0,0,0,0,0,0,0,0,0,0,0,0,0,0,0,0,0,0,0,0,0,0,0,0,0
596.605666276257,4566.43245900672,0,0,1080.94504335309,-51.9394891579853,"Finland.Kevo.8",401.248,0,0,0,1,0,0,0,0,0,0,0,0,1,0,0,0,0,0,0,0,0,0,0,0,0,0,0,0,0,0,0,0,0,0,0,0,0,0,0,0,0,0,0,0,0,0,0,0,0,0,0,0,0,0
-2086.55720825876,1685.88152703668,0,0,1075.36223655802,-6.78863055789452,"nonveg_941",0,1,0,0,0,0,0,0,0,0,1,0,0,0,0,0,0,0,0,0,0,0,0,0,0,0,0,0,0,0,0,0,0,0,0,0,0,0,0,0,0,0,0,0,0,0,0,0,0,0,0,0,0,0,0
-2903.05707890848,2150.19145623496,0,0,762.477571767389,-7.76232335425646,"nonveg_575",0,0,0,1,0,0,0,0,0,0,0,0,0,0,0,1,0,0,0,0,0,0,0,0,0,0,0,0,0,0,0,0,0,0,0,0,0,0,0,0,0,0,0,0,0,0,0,0,0,0,0,0,0,0,0
6585.20268602029,-1459.12131224588,0,0,2012.44473066952,-146.757689475563,"nonveg_1695",0,1,0,0,0,0,0,0,0,0,0,0,0,0,0,0,0,0,0,0,0,0,0,0,0,0,0,0,0,0,0,0,0,0,0,0,0,0,0,0,0,0,1,0,0,0,0,0,0,0,0,0,0,0,0
1852.12399398576,5602.87451936393,6.33333333333333,0,1832.71062103643,28.1827242185052,"Sweden.Abisko.KJ-BirchShrub",752.298333333333,0,0,0,1,0,0,0,0,0,0,0,0,0,0,0,0,0,0,0,0,1,0,0,0,0,0,0,0,0,0,0,0,0,0,0,0,0,0,0,0,0,0,0,0,0,0,0,0,0,0,0,0,0,0
1012.41868489001,6049.24364758662,22.75,1,1248.76621668172,6.49288071291126,"Sweden.Abisko.NF-SeasonallyFlooded",139.08,0,0,0,1,0,0,0,0,0,0,0,0,0,0,0,0,0,0,0,0,1,0,0,0,0,0,0,0,0,0,0,0,0,0,0,0,0,0,0,0,0,0,0,0,0,0,0,0,0,0,0,0,0,0
-1791.49995851456,1141.42573265744,0,0,1057.57414320823,36.4527302261861,"nonveg_674",0,1,0,0,0,0,1,0,0,0,0,0,0,0,0,0,0,0,0,0,0,0,0,0,0,0,0,0,0,0,0,0,0,0,0,0,0,0,0,0,0,0,0,0,0,0,0,0,0,0,0,0,0,0,0
-1433.09553675668,90.04016706716,0,0,839.125089185986,-2.92045522689604,"nonveg_1268",0,0,0,1,0,0,0,0,0,0,1,0,0,0,0,0,0,0,0,0,0,0,0,0,0,0,0,0,0,0,0,0,0,0,0,0,0,0,0,0,0,0,0,0,0,0,0,0,0,0,0,0,0,0,0
192.142349485659,4624.64869182132,0,0,2515.09497395391,29.7680715339232,"USA.SewardPeninsula.18",273.266666666667,0,0,1,0,0,0,0,0,0,0,0,0,0,0,0,1,0,0,0,0,0,0,0,0,0,0,0,0,0,0,0,0,0,0,0,0,0,0,0,0,0,0,0,0,0,0,0,0,0,0,0,0,0,0
-1480.67014101903,14.4671894938051,0,0,1129.48256750837,-50.5933925543977,"nonveg_912",0,1,0,0,0,0,0,0,0,0,0,0,0,0,0,0,0,0,1,0,0,0,0,0,0,0,0,0,0,0,0,0,0,0,0,0,0,0,0,0,0,0,0,0,0,0,0,0,0,0,0,0,0,0,0
-963.934486782841,3251.95886027086,0,0,689.309585498377,27.7695563589528,"Canada.BanksIsland.GreenCabin-C00",75.05,1,0,0,0,0,1,0,0,0,0,0,0,0,0,0,0,0,0,0,0,0,0,0,0,0,0,0,0,0,0,0,0,0,0,0,0,0,0,0,0,0,0,0,0,0,0,0,0,0,0,0,0,0,0
-4327.67748210899,-203.119947929834,0,0,544.799277314386,-26.9044743048505,"nonveg_700",0,0,0,1,0,0,0,0,0,0,0,0,0,0,0,0,0,1,0,0,0,0,0,0,0,0,0,0,0,0,0,0,0,0,0,0,0,0,0,0,0,0,0,0,0,0,0,0,0,0,0,0,0,0,0
2563.63422908625,5127.46930990603,0,0,2218.91695974738,50.8777002262792,"Finland.Javrresduottar.A-Salix",800.425,0,1,0,0,0,0,0,0,0,0,0,0,0,0,0,0,0,0,0,0,0,0,0,1,0,0,0,0,0,0,0,0,0,0,0,0,0,0,0,0,0,0,0,0,0,0,0,0,0,0,0,0,0,0
-3071.95217128889,950.666960482133,0,0,1010.12651001376,2.57533035954709,"nonveg_984",0,1,0,0,0,0,0,0,0,0,0,0,0,0,0,0,0,0,0,0,0,0,0,0,0,0,0,0,0,0,0,0,0,1,0,0,0,0,0,0,0,0,0,0,0,0,0,0,0,0,0,0,0,0,0
237.500928513899,6289.65842491471,32.5555555555556,1,2704.19359543321,9.2922690462454,"Canada.ClearwaterLake.AB2",1109.75,0,1,0,0,0,0,0,1,0,0,0,0,0,0,0,0,0,0,0,0,0,0,0,0,0,0,0,0,0,0,0,0,0,0,0,0,0,0,0,0,0,0,0,0,0,0,0,0,0,0,0,0,0,0
-1890.66979599105,4517.55829424892,4.5,0,2934.61618462658,60.8714456788207,"Canada.KluaneLake.Quill-MixedTundra",247.858333333333,0,0,0,1,0,0,0,0,0,0,0,0,0,0,0,1,0,0,0,0,0,0,0,0,0,0,0,0,0,0,0,0,0,0,0,0,0,0,0,0,0,0,0,0,0,0,0,0,0,0,0,0,0,0
-366.036406247859,4161.59038105775,0,0,1507.34029709212,-42.561798356722,"Canada.DeceptionBay.TH8",311.1,0,0,1,0,0,0,0,0,0,0,0,0,0,0,0,0,1,0,0,0,0,0,0,0,0,0,0,0,0,0,0,0,0,0,0,0,0,0,0,0,0,0,0,0,0,0,0,0,0,0,0,0,0,0
1318.21628684005,6218.42986123983,0,0,1231.28199640439,25.5999616685025,"Sweden.Abisko.VJ-BirchShrub",786.362,0,0,0,1,0,0,0,0,0,0,0,0,0,0,0,0,0,0,0,0,1,0,0,0,0,0,0,0,0,0,0,0,0,0,0,0,0,0,0,0,0,0,0,0,0,0,0,0,0,0,0,0,0,0
1166.3614792948,6087.73562879208,0.857142857142857,0,3090.40043271546,54.5320469307633,"Sweden.Abisko.NT-DryHeath",563.291428571429,0,0,0,1,0,0,0,0,0,0,0,0,0,0,0,0,0,0,0,0,0,1,0,0,0,0,0,0,0,0,0,0,0,0,0,0,0,0,0,0,0,0,0,0,0,0,0,0,0,0,0,0,0,0
922.122706387794,4501.33410356369,0,0,895.058005935749,6.81979329111238,"Russia.Tiksi.DryFen",709.818095238095,0,0,1,0,0,0,0,0,0,0,0,0,0,0,0,0,0,0,0,0,0,0,0,0,0,0,0,0,0,0,0,0,1,0,0,0,0,0,0,0,0,0,0,0,0,0,0,0,0,0,0,0,0,0
-927.400732328567,2320.5843302467,0,0,655.365740319125,-20.7787073818743,"Canada.BanksIsland.GreenCabin-C08",137.122,1,0,0,0,0,1,0,0,0,0,0,0,0,0,0,0,0,0,0,0,0,0,0,0,0,0,0,0,0,0,0,0,0,0,0,0,0,0,0,0,0,0,0,0,0,0,0,0,0,0,0,0,0,0
1219.9719488131,6138.52458240909,0,0,1622.51655602725,60.4214906590634,"Finland.Kevo.5",1310.916,0,1,0,0,0,0,0,0,0,0,0,0,0,0,0,0,0,0,0,0,0,0,0,1,0,0,0,0,0,0,0,0,0,0,0,0,0,0,0,0,0,0,0,0,0,0,0,0,0,0,0,0,0,0
-1346.2991550365,1618.21403444148,0,0,875.433156427024,-169.84318610369,"nonveg_1672",0,0,0,1,0,0,0,0,0,0,0,0,0,0,0,1,0,0,0,0,0,0,0,0,0,0,0,0,0,0,0,0,0,0,0,0,0,0,0,0,0,0,0,0,0,0,0,0,0,0,0,0,0,0,0
372.839637719128,5678.48163731621,0,0,1581.11351910263,9.19211818790133,"Russia.Tazovsky.Burned28",504.643333333333,0,0,0,1,0,0,0,0,0,0,0,0,0,0,1,0,0,0,0,0,0,0,0,0,0,0,0,0,0,0,0,0,0,0,0,0,0,0,0,0,0,0,0,0,0,0,0,0,0,0,0,0,0,0
494.371750762747,4862.57752012412,0,0,2694.041710944,54.0255301077176,"Russia.Tiksi.FloodMeadow",258.886,0,0,1,0,0,0,0,0,0,0,0,0,0,0,0,0,0,0,0,0,0,0,0,0,0,0,0,0,0,0,0,0,1,0,0,0,0,0,0,0,0,0,0,0,0,0,0,0,0,0,0,0,0,0
3395.78399038895,7808.32830703657,61.6,1,2324.60953050386,63.8357398377097,"Finland.Kevo.9",1903.36,0,0,0,1,0,0,0,0,0,0,0,0,0,0,0,0,0,0,0,0,1,0,0,0,0,0,0,0,0,0,0,0,0,0,0,0,0,0,0,0,0,0,0,0,0,0,0,0,0,0,0,0,0,0
-753.431374281147,3103.5582109885,0,0,806.238586767879,48.0345881113455,"nonveg_1132",0,0,0,0,1,0,0,0,0,0,0,0,0,0,0,0,0,1,0,0,0,0,0,0,0,0,0,0,0,0,0,0,0,0,0,0,0,0,0,0,0,0,0,0,0,0,0,0,0,0,0,0,0,0,0
1470.14516243935,5284.71276415282,15,0,2297.24174228411,-21.4024655267229,"USA.YukonKuskokwimDelta.2",511.886666666667,0,0,1,0,0,0,0,0,0,0,0,0,0,0,0,0,0,0,0,0,0,0,0,0,0,1,0,0,0,0,0,0,0,0,0,0,0,0,0,0,0,0,0,0,0,0,0,0,0,0,0,0,0,0
-1620.97702401711,771.482836425131,0,0,628.354127895735,-18.4936985967193,"nonveg_1037",0,1,0,0,0,0,0,0,0,0,0,0,0,0,0,0,0,0,0,0,0,0,0,0,0,0,0,1,0,0,0,0,0,0,0,0,0,0,0,0,0,0,0,0,0,0,0,0,0,0,0,0,0,0,0
-963.934486782841,3251.95886027086,0,0,689.309585498377,27.7695563589528,"Canada.BanksIsland.GreenCabin-C00",75.05,1,0,0,0,0,1,0,0,0,0,0,0,0,0,0,0,0,0,0,0,0,0,0,0,0,0,0,0,0,0,0,0,0,0,0,0,0,0,0,0,0,0,0,0,0,0,0,0,0,0,0,0,0,0
-229.34922882691,1478.51161069568,0,0,1684.07876478704,53.2203173812907,"nonveg_602",0,1,0,0,0,0,1,0,0,0,0,0,0,0,0,0,0,0,0,0,0,0,0,0,0,0,0,0,0,0,0,0,0,0,0,0,0,0,0,0,0,0,0,0,0,0,0,0,0,0,0,0,0,0,0
-4329.34657792338,648.945962425412,0,0,828.076101029046,-81.9743101215701,"nonveg_1469",0,0,0,0,1,0,0,0,0,0,0,0,0,0,0,0,0,0,0,0,1,0,0,0,0,0,0,0,0,0,0,0,0,0,0,0,0,0,0,0,0,0,0,0,0,0,0,0,0,0,0,0,0,0,0
-3507.64314432477,1646.22517150154,0,0,325.039965683114,-21.6846706972998,"nonveg_867",0,0,0,1,0,0,1,0,0,0,0,0,0,0,0,0,0,0,0,0,0,0,0,0,0,0,0,0,0,0,0,0,0,0,0,0,0,0,0,0,0,0,0,0,0,0,0,0,0,0,0,0,0,0,0
607.21624491234,5634.99629716132,0,0,1965.80641120871,8.5331329081522,"USA.SewardPeninsula.19",376.166666666667,0,0,1,0,0,0,0,0,0,0,0,0,0,0,0,0,0,0,0,0,0,0,0,0,0,1,0,0,0,0,0,0,0,0,0,0,0,0,0,0,0,0,0,0,0,0,0,0,0,0,0,0,0,0
-2428.64180058728,1173.021954173,0,0,316.82294635403,3.15858859308304,"nonveg_767",0,0,0,1,0,0,0,0,0,0,0,0,0,0,0,0,0,0,0,0,0,0,0,0,0,0,0,0,0,0,0,0,0,0,0,0,0,0,0,0,0,0,1,0,0,0,0,0,0,0,0,0,0,0,0
-1545.97795047546,1154.43862535695,0,0,243.515331837356,-52.8620686879755,"nonveg_899",0,1,0,0,0,0,0,0,0,0,0,0,0,0,0,0,0,0,0,0,0,0,0,0,0,0,0,0,0,0,0,0,0,1,0,0,0,0,0,0,0,0,0,0,0,0,0,0,0,0,0,0,0,0,0
-1958.70415943766,550.891531423873,0,0,604.232627007394,-62.676844407484,"nonveg_955",0,1,0,0,0,0,0,0,0,0,0,0,0,0,0,0,0,0,0,0,0,0,0,0,0,0,0,1,0,0,0,0,0,0,0,0,0,0,0,0,0,0,0,0,0,0,0,0,0,0,0,0,0,0,0
1902.88603669392,4882.12485701563,0,0,1608.61778867779,102.797119409661,"Russia.Yamal.OstrovBelyy-1",343.1,1,0,0,0,0,0,0,0,0,0,0,0,0,0,0,0,0,0,0,0,0,0,0,0,0,0,1,0,0,0,0,0,0,0,0,0,0,0,0,0,0,0,0,0,0,0,0,0,0,0,0,0,0,0
-3927.42951470566,2044.70966298777,0,0,529.655545478327,9.21770734583372,"nonveg_769",0,1,0,0,0,0,0,0,0,0,0,0,0,0,0,0,0,0,0,0,0,0,0,0,0,0,0,1,0,0,0,0,0,0,0,0,0,0,0,0,0,0,0,0,0,0,0,0,0,0,0,0,0,0,0
-548.574379740118,3873.14581472669,4.33333333333333,1,688.086644824828,10.6011273118096,"Canada.ClearwaterLake.LS1",488.65,0,1,0,0,0,0,0,0,1,0,0,0,0,0,0,0,0,0,0,0,0,0,0,0,0,0,0,0,0,0,0,0,0,0,0,0,0,0,0,0,0,0,0,0,0,0,0,0,0,0,0,0,0,0
-1688.04382785609,974.167800352125,0,0,7350.03264532919,-74.6471317069202,"nonveg_1353",0,0,0,0,1,0,0,0,0,0,1,0,0,0,0,0,0,0,0,0,0,0,0,0,0,0,0,0,0,0,0,0,0,0,0,0,0,0,0,0,0,0,0,0,0,0,0,0,0,0,0,0,0,0,0
-2262.35179569642,854.336585117216,0,0,863.403172388212,30.8783149593246,"nonveg_876",0,1,0,0,0,0,0,0,0,0,1,0,0,0,0,0,0,0,0,0,0,0,0,0,0,0,0,0,0,0,0,0,0,0,0,0,0,0,0,0,0,0,0,0,0,0,0,0,0,0,0,0,0,0,0
120.541044309479,1036.73241085135,0,0,1510.30528747443,-108.55059676453,"nonveg_680",0,0,0,1,0,0,0,0,0,0,0,0,0,0,0,0,0,0,0,0,0,0,0,0,0,0,0,1,0,0,0,0,0,0,0,0,0,0,0,0,0,0,0,0,0,0,0,0,0,0,0,0,0,0,0
2384.06165416098,5800.44389701774,4.33333333333333,0,2146.46159324752,-16.8239858144701,"Sweden.Abisko.KJ-MesicHeath",828.963333333333,0,0,0,1,0,0,0,0,0,0,0,0,0,0,0,0,0,0,0,0,1,0,0,0,0,0,0,0,0,0,0,0,0,0,0,0,0,0,0,0,0,0,0,0,0,0,0,0,0,0,0,0,0,0
192.177606810564,530.859885732505,0,0,893.839305675024,-15.626427671886,"nonveg_855",0,1,0,0,0,0,0,0,0,0,1,0,0,0,0,0,0,0,0,0,0,0,0,0,0,0,0,0,0,0,0,0,0,0,0,0,0,0,0,0,0,0,0,0,0,0,0,0,0,0,0,0,0,0,0
-927.400732328567,2320.5843302467,0,0,655.365740319125,-20.7787073818743,"Canada.BanksIsland.GreenCabin-C08",137.122,1,0,0,0,0,1,0,0,0,0,0,0,0,0,0,0,0,0,0,0,0,0,0,0,0,0,0,0,0,0,0,0,0,0,0,0,0,0,0,0,0,0,0,0,0,0,0,0,0,0,0,0,0,0
3013.60210608067,-129.116497355334,0,0,1671.73246121084,-25.6930569263035,"nonveg_1344",0,0,0,0,1,0,0,0,0,0,1,0,0,0,0,0,0,0,0,0,0,0,0,0,0,0,0,0,0,0,0,0,0,0,0,0,0,0,0,0,0,0,0,0,0,0,0,0,0,0,0,0,0,0,0
56.5122492785444,5454.79439469912,1.33333333333333,1,2229.35718544571,17.71000914911,"Russia.Tazovsky.Burned44",606.513333333333,0,0,0,1,0,0,0,0,0,0,0,0,0,0,0,0,0,0,0,0,0,0,0,0,0,1,0,0,0,0,0,0,0,0,0,0,0,0,0,0,0,0,0,0,0,0,0,0,0,0,0,0,0,0
-229.34922882691,1478.51161069568,0,0,1684.07876478704,53.2203173812907,"nonveg_602",0,1,0,0,0,0,1,0,0,0,0,0,0,0,0,0,0,0,0,0,0,0,0,0,0,0,0,0,0,0,0,0,0,0,0,0,0,0,0,0,0,0,0,0,0,0,0,0,0,0,0,0,0,0,0
922.122706387794,4501.33410356369,0,0,895.058005935749,6.81979329111238,"Russia.Tiksi.DryFen",709.818095238095,0,0,1,0,0,0,0,0,0,0,0,0,0,0,0,0,0,0,0,0,0,0,0,0,0,0,0,0,0,0,0,0,1,0,0,0,0,0,0,0,0,0,0,0,0,0,0,0,0,0,0,0,0,0
817.491041875232,4433.84198987794,0,0,1729.36538494398,12.2071665668004,"Russia.Kytalyk.T3",447.5,0,0,1,0,0,0,0,0,0,0,0,0,0,0,0,0,0,0,0,0,0,0,1,0,0,0,0,0,0,0,0,0,0,0,0,0,0,0,0,0,0,0,0,0,0,0,0,0,0,0,0,0,0,0
1331.7969197668,5190.48564362578,0,0,2791.39195148483,-15.8519685145483,"USA.YukonKuskokwimDelta.15B2",245.886666666667,0,0,1,0,0,0,0,0,0,0,0,0,0,0,0,0,0,0,0,0,0,0,1,0,0,0,0,0,0,0,0,0,0,0,0,0,0,0,0,0,0,0,0,0,0,0,0,0,0,0,0,0,0,0
-1686.28649086491,4507.95661903523,4.33333333333333,0,809.441038465709,-2.17134159658751,"Canada.LeRoyLake.TD4",636.75,0,0,0,1,0,0,0,0,0,0,0,0,0,0,1,0,0,0,0,0,0,0,0,0,0,0,0,0,0,0,0,0,0,0,0,0,0,0,0,0,0,0,0,0,0,0,0,0,0,0,0,0,0,0
1575.85735404058,5773.51675191734,0,0,2480.47683739244,-25.0747022467679,"Finland.Kilpisjarvi.16",678.878,0,1,0,0,0,0,0,0,0,0,0,0,0,0,0,0,0,0,0,0,0,0,0,0,0,1,0,0,0,0,0,0,0,0,0,0,0,0,0,0,0,0,0,0,0,0,0,0,0,0,0,0,0,0
-2431.68032426309,103.374240975719,0,0,508.465817358373,-36.3203996286758,"nonveg_921",0,0,0,0,1,0,0,0,0,0,1,0,0,0,0,0,0,0,0,0,0,0,0,0,0,0,0,0,0,0,0,0,0,0,0,0,0,0,0,0,0,0,0,0,0,0,0,0,0,0,0,0,0,0,0
-1945.45687759767,1417.78400858764,0,0,953.870681031803,18.9895417829177,"nonveg_535",0,1,0,0,0,0,0,0,0,0,1,0,0,0,0,0,0,0,0,0,0,0,0,0,0,0,0,0,0,0,0,0,0,0,0,0,0,0,0,0,0,0,0,0,0,0,0,0,0,0,0,0,0,0,0
-708.494113469823,4714.59778773117,0,0,1687.53152983261,23.18250263619,"USA.NorthSlope.Oumalik1",39.7683333333333,0,0,1,0,0,0,0,0,0,0,0,0,0,0,0,0,0,0,0,0,0,0,0,0,0,0,0,0,0,0,0,0,0,0,0,0,0,0,0,0,0,0,1,0,0,0,0,0,0,0,0,0,0,0
-118.79493761191,5295.358951043,0,0,2399.63316497713,47.6003374330971,"USA.NorthSlope.Ivotuk3",49.0986419753086,0,0,1,0,0,0,0,0,0,0,0,0,0,0,0,0,1,0,0,0,0,0,0,0,0,0,0,0,0,0,0,0,0,0,0,0,0,0,0,0,0,0,0,0,0,0,0,0,0,0,0,0,0,0
-1967.75425443803,3829.83547118132,0,0,2093.05495447688,38.8614173028838,"USA.NorthSlope.FranklinBluffs-C16",376.619,0,0,1,0,0,0,0,0,0,0,0,0,0,0,0,0,0,0,0,0,0,0,0,0,0,0,0,0,0,0,0,0,0,0,0,0,0,0,0,0,0,0,1,0,0,0,0,0,0,0,0,0,0,0
-3927.42951470566,2044.70966298777,0,0,529.655545478327,9.21770734583372,"nonveg_769",0,1,0,0,0,0,0,0,0,0,0,0,0,0,0,0,0,0,0,0,0,0,0,0,0,0,0,1,0,0,0,0,0,0,0,0,0,0,0,0,0,0,0,0,0,0,0,0,0,0,0,0,0,0,0
4922.17692773429,592.655042510417,0,0,1270.99641871365,-63.5067290651361,"nonveg_1290",0,0,0,0,1,0,0,0,0,0,1,0,0,0,0,0,0,0,0,0,0,0,0,0,0,0,0,0,0,0,0,0,0,0,0,0,0,0,0,0,0,0,0,0,0,0,0,0,0,0,0,0,0,0,0
6623.31373889344,-2431.25579305192,0,0,735.319112914785,78.9196357814517,"nonveg_1367",0,1,0,0,0,0,0,0,0,0,1,0,0,0,0,0,0,0,0,0,0,0,0,0,0,0,0,0,0,0,0,0,0,0,0,0,0,0,0,0,0,0,0,0,0,0,0,0,0,0,0,0,0,0,0
-2352.2610771072,359.440816094457,0,0,1200.43315134533,7.9823527269632,"nonveg_682",0,0,0,0,1,0,0,0,0,0,1,0,0,0,0,0,0,0,0,0,0,0,0,0,0,0,0,0,0,0,0,0,0,0,0,0,0,0,0,0,0,0,0,0,0,0,0,0,0,0,0,0,0,0,0
-1127.02297695774,5572.47088190143,57.3333333333333,1,4889.88282527275,94.6726750827287,"Canada.KluaneLake.Outpost-ShrubTundra",2266.02666666667,0,0,0,1,0,0,0,0,0,0,0,0,0,0,0,0,0,0,0,0,1,0,0,0,0,0,0,0,0,0,0,0,0,0,0,0,0,0,0,0,0,0,0,0,0,0,0,0,0,0,0,0,0,0
205.508757649556,5460.46710473223,16.8888888888889,1,1998.66357340861,8.90253584737938,"Canada.LeRoyLake.TDA3",1329.73,0,0,0,1,0,0,0,0,0,0,0,0,0,0,1,0,0,0,0,0,0,0,0,0,0,0,0,0,0,0,0,0,0,0,0,0,0,0,0,0,0,0,0,0,0,0,0,0,0,0,0,0,0,0
3893.74038843306,491.008176782082,0,0,873.564877065158,55.9595703043579,"nonveg_1889",0,0,0,1,0,0,0,0,0,0,0,0,0,0,0,0,0,0,0,0,0,0,0,0,0,0,1,0,0,0,0,0,0,0,0,0,0,0,0,0,0,0,0,0,0,0,0,0,0,0,0,0,0,0,0
-2606.04975040148,1543.84672073579,0,0,619.939461948262,-22.5929750190948,"nonveg_725",0,0,0,0,1,0,0,0,0,0,1,0,0,0,0,0,0,0,0,0,0,0,0,0,0,0,0,0,0,0,0,0,0,0,0,0,0,0,0,0,0,0,0,0,0,0,0,0,0,0,0,0,0,0,0
-2157.34283527037,976.589613519821,0,0,763.474138596484,5.51107112268547,"nonveg_936",0,1,0,0,0,0,0,0,0,0,0,0,0,0,0,0,0,0,0,0,0,0,0,0,0,0,0,0,0,0,0,0,0,0,0,0,0,0,0,0,0,0,0,0,0,0,0,0,0,0,0,0,0,1,0
1274.88494890202,5063.44661323645,0,0,2022.26601361225,8.08687555987774,"USA.YukonKuskokwimDelta.72B2",740.395,0,0,1,0,0,0,0,0,0,0,0,0,0,0,0,0,0,0,0,0,0,0,0,0,0,0,0,0,0,0,0,1,0,0,0,0,0,0,0,0,0,0,0,0,0,0,0,0,0,0,0,0,0,0
-2171.94048452784,-136.29840739012,0,0,1004.08120961986,-135.15851065292,"nonveg_1473",0,0,0,0,1,0,0,0,0,0,1,0,0,0,0,0,0,0,0,0,0,0,0,0,0,0,0,0,0,0,0,0,0,0,0,0,0,0,0,0,0,0,0,0,0,0,0,0,0,0,0,0,0,0,0
-1877.22455708659,2033.35297995082,0,0,644.615786838658,-21.8975721211107,"Canada.Ivujivik.TP12",1000.04,0,0,1,0,0,1,0,0,0,0,0,0,0,0,0,0,0,0,0,0,0,0,0,0,0,0,0,0,0,0,0,0,0,0,0,0,0,0,0,0,0,0,0,0,0,0,0,0,0,0,0,0,0,0
-118.79493761191,5295.358951043,0,0,2399.63316497713,47.6003374330971,"USA.NorthSlope.Ivotuk3",49.0986419753086,0,0,1,0,0,0,0,0,0,0,0,0,0,0,0,0,1,0,0,0,0,0,0,0,0,0,0,0,0,0,0,0,0,0,0,0,0,0,0,0,0,0,0,0,0,0,0,0,0,0,0,0,0,0
5180.24536610572,5306.07078714658,0,0,1373.24181395638,16.7913477388434,"nonveg_1607",0,0,0,1,0,0,0,0,0,0,0,0,0,0,0,0,0,0,0,0,0,0,0,0,0,0,1,0,0,0,0,0,0,0,0,0,0,0,0,0,0,0,0,0,0,0,0,0,0,0,0,0,0,0,0
228.233475996629,5168.49022919275,0,0,2098.02925146176,32.7133875869502,"Russia.Yamal.VaskinyDachi-1",427.584,0,0,1,0,0,0,0,0,0,0,0,0,0,0,0,0,0,0,0,0,0,0,0,0,0,0,1,0,0,0,0,0,0,0,0,0,0,0,0,0,0,0,0,0,0,0,0,0,0,0,0,0,0,0
-2089.19402809002,3887.6057327762,0,0,1973.92083660802,69.5241229720039,"USA.NorthSlope.FranklinBluffs-C15",124.29,0,0,1,0,0,0,0,0,0,0,0,0,0,0,0,0,0,0,0,0,0,0,0,0,0,0,0,0,0,0,0,0,0,0,0,0,0,0,0,0,0,0,1,0,0,0,0,0,0,0,0,0,0,0
2409.06742310901,7408.43236613378,85,1,1189.52769742639,47.7776996312646,"USA.InteriorAlaska.1",6629.71,0,1,0,0,0,0,0,0,0,0,0,0,0,0,0,0,0,0,0,0,0,0,0,0,0,0,0,0,0,0,1,0,0,0,0,0,0,0,0,0,0,0,0,0,0,0,0,0,0,0,0,0,0,0
372.839637719128,5678.48163731621,0,0,1581.11351910263,9.19211818790133,"Russia.Tazovsky.Burned28",504.643333333333,0,0,0,1,0,0,0,0,0,0,0,0,0,0,1,0,0,0,0,0,0,0,0,0,0,0,0,0,0,0,0,0,0,0,0,0,0,0,0,0,0,0,0,0,0,0,0,0,0,0,0,0,0,0
1588.69023158536,7456.21317831621,67,1,2161.90234741191,111.206005992102,"USA.InteriorAlaska.17",3495.86666666667,0,1,0,0,0,0,0,0,0,0,0,0,0,0,0,0,0,0,0,0,0,0,0,0,0,0,0,0,0,0,0,0,0,0,0,0,0,1,0,0,0,0,0,0,0,0,0,0,0,0,0,0,0,0
6623.31373889344,-2431.25579305192,0,0,735.319112914785,78.9196357814517,"nonveg_1367",0,1,0,0,0,0,0,0,0,0,1,0,0,0,0,0,0,0,0,0,0,0,0,0,0,0,0,0,0,0,0,0,0,0,0,0,0,0,0,0,0,0,0,0,0,0,0,0,0,0,0,0,0,0,0
-620.994290806249,2833.61007934114,0,0,1412.0197040363,71.1851224405987,"Russia.Tiksi.BareSoil",9.25333333333333,0,0,1,0,0,0,0,0,0,0,0,0,0,0,0,0,0,0,0,0,0,0,0,0,0,0,0,0,0,0,0,0,1,0,0,0,0,0,0,0,0,0,0,0,0,0,0,0,0,0,0,0,0,0
-317.229582404584,1809.81272321089,0,0,961.084044153316,40.6009509447579,"nonveg_532",0,0,0,1,0,0,0,0,0,0,0,0,0,0,0,1,0,0,0,0,0,0,0,0,0,0,0,0,0,0,0,0,0,0,0,0,0,0,0,0,0,0,0,0,0,0,0,0,0,0,0,0,0,0,0
362.843641091051,5598.36496844445,0,0,1542.9326181307,17.7848341738427,"Sweden.Abisko.NT-BirchShrub",836.93,0,0,0,1,0,0,0,0,0,0,0,0,0,0,0,0,0,0,0,0,1,0,0,0,0,0,0,0,0,0,0,0,0,0,0,0,0,0,0,0,0,0,0,0,0,0,0,0,0,0,0,0,0,0
-1686.28649086491,4507.95661903523,4.33333333333333,0,809.441038465709,-2.17134159658751,"Canada.LeRoyLake.TD4",636.75,0,0,0,1,0,0,0,0,0,0,0,0,0,0,1,0,0,0,0,0,0,0,0,0,0,0,0,0,0,0,0,0,0,0,0,0,0,0,0,0,0,0,0,0,0,0,0,0,0,0,0,0,0,0
-1896.40934729801,939.889523239164,0,0,205.109575345311,-9.47467799414123,"nonveg_768",0,1,0,0,0,0,0,0,0,0,0,0,0,0,0,0,0,0,1,0,0,0,0,0,0,0,0,0,0,0,0,0,0,0,0,0,0,0,0,0,0,0,0,0,0,0,0,0,0,0,0,0,0,0,0
-2539.8007285215,80.7144559320139,0,0,867.662900340539,-20.4002943652622,"nonveg_761",0,1,0,0,0,0,0,0,0,0,1,0,0,0,0,0,0,0,0,0,0,0,0,0,0,0,0,0,0,0,0,0,0,0,0,0,0,0,0,0,0,0,0,0,0,0,0,0,0,0,0,0,0,0,0
2354.81007736744,4892.20387121748,0,0,1022.54921446043,18.152902213686,"Finland.Javrresduottar.A-Betula",1071.515,0,1,0,0,0,0,0,0,0,0,0,0,0,0,0,0,0,0,0,0,0,0,0,1,0,0,0,0,0,0,0,0,0,0,0,0,0,0,0,0,0,0,0,0,0,0,0,0,0,0,0,0,0,0
-621.637869569473,2194.49297763237,0,0,450.239526649463,-5.03294914117026,"USA.NorthSlope.HoweIsland-C13",632.235,1,0,0,0,0,0,0,0,0,0,0,0,0,0,0,0,0,0,0,0,0,0,0,0,0,0,0,0,0,0,0,0,0,0,0,0,0,0,0,0,0,1,0,0,0,0,0,0,0,0,0,0,0,0
-1612.03048237766,4258.8786816812,0,0,1018.27651545671,37.2043857359467,"USA.NorthSlope.9",57.1,0,0,1,0,0,0,0,0,0,0,0,0,0,0,0,0,0,0,0,0,0,0,0,0,0,0,0,0,0,0,0,0,0,0,0,0,0,0,0,0,0,0,0,1,0,0,0,0,0,0,0,0,0,0
-4035.03134521279,290.411067060342,0,0,1219.88992040859,-118.661964509825,"nonveg_972",0,0,0,0,1,0,0,0,0,0,0,0,0,0,0,0,0,1,0,0,0,0,0,0,0,0,0,0,0,0,0,0,0,0,0,0,0,0,0,0,0,0,0,0,0,0,0,0,0,0,0,0,0,0,0
-783.524799495231,4766.00128850442,0,0,1129.76460952676,-60.405472784963,"USA.Kougaork.LowShrub",205.7725,0,0,1,0,0,0,0,0,0,0,0,0,0,0,0,1,0,0,0,0,0,0,0,0,0,0,0,0,0,0,0,0,0,0,0,0,0,0,0,0,0,0,0,0,0,0,0,0,0,0,0,0,0,0
676.258974692458,5312.8238186377,0,0,1919.45252567517,0.236461738994489,"USA.YukonKuskokwimDelta.72B1",513.301481481481,0,0,1,0,0,0,0,0,0,0,0,0,0,0,1,0,0,0,0,0,0,0,0,0,0,0,0,0,0,0,0,0,0,0,0,0,0,0,0,0,0,0,0,0,0,0,0,0,0,0,0,0,0,0
-2475.93005016252,213.180073100889,0,0,344.196065789671,-24.3930877876391,"nonveg_848",0,1,0,0,0,0,0,0,0,0,1,0,0,0,0,0,0,0,0,0,0,0,0,0,0,0,0,0,0,0,0,0,0,0,0,0,0,0,0,0,0,0,0,0,0,0,0,0,0,0,0,0,0,0,0
-524.508205043798,386.515556300878,0,0,253.948154036576,-26.1930094348764,"nonveg_806",0,1,0,0,0,0,0,0,0,0,1,0,0,0,0,0,0,0,0,0,0,0,0,0,0,0,0,0,0,0,0,0,0,0,0,0,0,0,0,0,0,0,0,0,0,0,0,0,0,0,0,0,0,0,0
2683.7673919529,7390.83249493796,41.6,1,1509.36536903201,41.5819033973437,"Finland.Kevo.7",5614.976,0,0,0,1,0,0,0,1,0,0,0,0,0,0,0,0,0,0,0,0,0,0,0,0,0,0,0,0,0,0,0,0,0,0,0,0,0,0,0,0,0,0,0,0,0,0,0,0,0,0,0,0,0,0
462.172226260109,4080.11526926157,0,0,1023.20382262401,10.8150397580311,"USA.YukonKuskokwimDelta.15B5",133.89,0,0,1,0,0,0,0,0,0,0,0,0,0,0,1,0,0,0,0,0,0,0,0,0,0,0,0,0,0,0,0,0,0,0,0,0,0,0,0,0,0,0,0,0,0,0,0,0,0,0,0,0,0,0
-773.540670368879,-34.180623835457,0,0,753.660030692777,-293.412635224554,"nonveg_1642",0,0,0,1,0,0,0,0,0,0,0,0,0,0,0,0,0,0,0,0,0,0,0,0,0,0,0,1,0,0,0,0,0,0,0,0,0,0,0,0,0,0,0,0,0,0,0,0,0,0,0,0,0,0,0
-3343.85000239868,536.731826806496,0,0,503.252723445507,-39.5913408477059,"nonveg_816",0,0,0,0,1,0,0,0,0,0,1,0,0,0,0,0,0,0,0,0,0,0,0,0,0,0,0,0,0,0,0,0,0,0,0,0,0,0,0,0,0,0,0,0,0,0,0,0,0,0,0,0,0,0,0
-1302.82294950484,941.951928423241,0,0,475.344461638669,-10.502042297897,"nonveg_596",0,0,0,0,1,0,0,0,0,0,1,0,0,0,0,0,0,0,0,0,0,0,0,0,0,0,0,0,0,0,0,0,0,0,0,0,0,0,0,0,0,0,0,0,0,0,0,0,0,0,0,0,0,0,0
3328.86718633988,6408.2695717396,30,1,2496.79377132168,176.881971868013,"Sweden.Abisko.VJ-SalixShrub",921.713333333333,0,0,0,1,0,0,0,0,0,0,0,0,0,0,0,0,0,0,0,0,1,0,0,0,0,0,0,0,0,0,0,0,0,0,0,0,0,0,0,0,0,0,0,0,0,0,0,0,0,0,0,0,0,0
